Script started on 2026-09-26 21:46:13+08:00 [COMMAND="bash -lc 'source /opt/ros/jazzy/setup.bash && source install/setup.bash && ros2 launch diffbot_navigation run_benchmark.launch.py repetitions:=1 return_to_start:=true goal_timeout_sec:=180.0 output_csv:=/home/xiayuru/robot_ws/benchmark_results/nav_benchmark_20260926T134553Z.csv'" TERM="dumb" TTY="/dev/pts/12" COLUMNS="80" LINES="24"]
[INFO] [launch]: All log files can be found below /home/xiayuru/.ros/log/2026-09-26-21-46-14-122579-xiayuru-Lenovo-ThinkBook-16p-Gen-2-805160
[INFO] [launch]: Default logging verbosity is set to INFO
[INFO] [gazebo-1]: process started with pid [805206]
[INFO] [robot_state_publisher-2]: process started with pid [805207]
[INFO] [parameter_bridge-3]: process started with pid [805208]
[INFO] [parameter_bridge-4]: process started with pid [805210]
[INFO] [parameter_bridge-5]: process started with pid [805211]
[INFO] [imu_covariance_node.py-6]: process started with pid [805212]
[INFO] [ekf_node-7]: process started with pid [805213]
[INFO] [create-8]: process started with pid [805214]
[INFO] [nav_benchmark_runner.py-9]: process started with pid [805217]
[robot_state_publisher-2] [INFO] [1790430374.629083946] [robot_state_publisher]: Robot initialized
[ekf_node-7] [INFO] [1790430374.635934060] [ekf_filter_node]: Waiting for clock to start...
[create-8] [INFO] [1790430374.647523045] [ros_gz_sim]: Requesting list of world names.
[parameter_bridge-5] [INFO] [1790430374.655373466] [ros_gz_bridge]: Creating GZ->ROS Bridge: [/imu (gz.msgs.IMU) -> /imu (sensor_msgs/msg/Imu)] (Lazy 0)
[parameter_bridge-4] [INFO] [1790430374.656821373] [ros_gz_bridge]: Creating GZ->ROS Bridge: [/scan (gz.msgs.LaserScan) -> /scan (sensor_msgs/msg/LaserScan)] (Lazy 0)
[parameter_bridge-3] [INFO] [1790430374.663599832] [ros_gz_bridge]: Creating GZ->ROS Bridge: [/clock (gz.msgs.Clock) -> /clock (rosgraph_msgs/msg/Clock)] (Lazy 0)
[create-8] [INFO] [1790430375.129615931] [ros_gz_sim]: Waiting messages on topic [robot_description].
[create-8] [INFO] [1790430375.141055601] [ros_gz_sim]: Entity creation successful.
[INFO] [create-8]: process has finished cleanly [pid 805214]
[INFO] [spawner-10]: process started with pid [805378]
[nav_benchmark_runner.py-9] [INFO] [1790430375.320463494] [nav_benchmark_runner]: Benchmark goals: straight_east, east_detour, south_west_corridor, north_west_turn, north_east_corridor; repetitions: 1
[imu_covariance_node.py-6] [INFO] [1790430375.347780280] [imu_covariance_node]: Relaying /imu/raw to /imu with fallback covariance.
[spawner-10] [INFO] [1790430375.624115490] [spawner_joint_state_broadcaster]: waiting for service /controller_manager/list_controllers to become available...
[gazebo-1] [INFO] [1790430376.884555571] [gz_ros_control]: Loading controller_manager
[gazebo-1] [INFO] [1790430376.898010872] [controller_manager]: Using ROS clock for triggering controller manager cycles.
[gazebo-1] [WARN] [1790430376.898046211] [controller_manager]: The resource manager is not yet initialized, will wait for the robot description to initialize it..
[gazebo-1] [INFO] [1790430376.904426306] [controller_manager]: Subscribing to '/robot_description' topic for robot description.
[gazebo-1] [WARN] [1790430376.904478127] [gz_ros_control]: Waiting RM to load and initialize hardware...
[gazebo-1] [INFO] [1790430377.175247787] [controller_manager]: Received robot description from topic.
[gazebo-1] [INFO] [1790430377.175359041] [controller_manager]: Enforcing command limits is disabled. Command limits from URDF will be ignored.
[gazebo-1] [INFO] [1790430377.180530498] [gz_ros_control]: The position_proportional_gain has been set to: 0.1
[gazebo-1] [INFO] [1790430377.180665637] [gz_ros_control]: Loading joint: left_wheel_joint
[gazebo-1] [INFO] [1790430377.180686449] [gz_ros_control]: 	State:
[gazebo-1] [INFO] [1790430377.180703699] [gz_ros_control]: 		 position
[gazebo-1] [INFO] [1790430377.180717946] [gz_ros_control]: 		 velocity
[gazebo-1] [INFO] [1790430377.180736175] [gz_ros_control]: 	Command:
[gazebo-1] [INFO] [1790430377.180748466] [gz_ros_control]: 		 velocity
[gazebo-1] [INFO] [1790430377.180781430] [gz_ros_control]: Loading joint: right_wheel_joint
[gazebo-1] [INFO] [1790430377.180795817] [gz_ros_control]: 	State:
[gazebo-1] [INFO] [1790430377.180808528] [gz_ros_control]: 		 position
[gazebo-1] [INFO] [1790430377.180821588] [gz_ros_control]: 		 velocity
[gazebo-1] [INFO] [1790430377.180834299] [gz_ros_control]: 	Command:
[gazebo-1] [INFO] [1790430377.180853085] [gz_ros_control]: 		 velocity
[gazebo-1] [INFO] [1790430377.180938639] [gz_ros_control]: Loading sensor: imu_sensor
[gazebo-1] [INFO] [1790430377.180957774] [gz_ros_control]: 	State:
[gazebo-1] [WARN] [1790430377.180971044] [gz_ros_control]: IMU sensor 'imu_sensor' not found in hardware_info, skipping.
[gazebo-1] [INFO] [1790430377.181093123] [controller_manager]: Initialize hardware 'GazeboSimSystem' 
[gazebo-1] [WARN] [1790430377.181121827] [controller_manager.hardware_component.system.GazeboSimSystem]: Executor is not available during hardware component initialization for 'GazeboSimSystem'. Skipping node creation!
[gazebo-1] [INFO] [1790430377.181205844] [controller_manager]: Successful initialization of hardware 'GazeboSimSystem'
[gazebo-1] [INFO] [1790430377.181343636] [controller_manager]: Activating component 'GazeboSimSystem'.
[gazebo-1] [INFO] [1790430377.181373737] [resource_manager]: 'configure' hardware 'GazeboSimSystem' 
[gazebo-1] [INFO] [1790430377.181383584] [gz_ros_control]: System Successfully configured!
[gazebo-1] [INFO] [1790430377.181398390] [resource_manager]: Successful 'configure' of hardware 'GazeboSimSystem'
[gazebo-1] [INFO] [1790430377.181411520] [resource_manager]: 'activate' hardware 'GazeboSimSystem' 
[gazebo-1] [INFO] [1790430377.181442040] [resource_manager]: Successful 'activate' of hardware 'GazeboSimSystem'
[gazebo-1] [WARN] [1790430377.181608816] [controller_manager]: Component 'GazeboSimSystem' does not have read or write statistics initialized, skipping registration.
[gazebo-1] [INFO] [1790430377.181639755] [controller_manager]: Resource Manager has been successfully initialized. Starting Controller Manager services...
[gazebo-1] [INFO] [1790430377.377622887] [controller_manager]: Loading controller : 'joint_state_broadcaster' of type 'joint_state_broadcaster/JointStateBroadcaster'
[gazebo-1] [INFO] [1790430377.377705297] [controller_manager]: Loading controller 'joint_state_broadcaster'
[gazebo-1] [INFO] [1790430377.384540675] [controller_manager]: Controller 'joint_state_broadcaster' node arguments: --ros-args --params-file /home/xiayuru/robot_ws/src/diffbot_controllers.yaml -p use_sim_time:=true --param use_sim_time:=true 
[spawner-10] [INFO] [1790430377.398865405] [spawner_joint_state_broadcaster]: Loaded joint_state_broadcaster
[gazebo-1] [INFO] [1790430377.400063497] [controller_manager]: Configuring controller: 'joint_state_broadcaster'
[gazebo-1] [INFO] [1790430377.400286773] [joint_state_broadcaster]: 'joints' or 'interfaces' parameter is empty. All available state interfaces will be published
[gazebo-1] [INFO] [1790430377.410111760] [controller_manager]: Activating controllers: [ joint_state_broadcaster ]
[gazebo-1] [WARN] [1790430378.930313640] [gz_ros_control]:  Desired controller update period (0.01 s) is slower than the gazebo simulation period (0.001 s).
[gazebo-1] libEGL warning: pci id for fd 96: 10de:2520, driver (null)
[gazebo-1] 
[gazebo-1] pci id for fd 97: 10de:2520, driver (null)
[gazebo-1] pci id for fd 98: 10de:2520, driver (null)
[gazebo-1] libEGL warning: egl: failed to create dri2 screen
[gazebo-1] libEGL warning: pci id for fd 96: 10de:2520, driver (null)
[gazebo-1] 
[gazebo-1] pci id for fd 97: 10de:2520, driver (null)
[gazebo-1] pci id for fd 98: 10de:2520, driver (null)
[gazebo-1] libEGL warning: egl: failed to create dri2 screen
[gazebo-1] libEGL warning: pci id for fd 96: 10de:2520, driver (null)
[gazebo-1] 
[gazebo-1] [INFO] [1790430380.936475598] [controller_manager]: Successfully switched controllers!
[spawner-10] [INFO] [1790430380.947792910] [spawner_joint_state_broadcaster]: Configured and activated joint_state_broadcaster
[INFO] [spawner-10]: process has finished cleanly [pid 805378]
[INFO] [spawner-11]: process started with pid [805513]
[spawner-11] [INFO] [1790430381.514102454] [spawner_diff_drive_base_controller]: waiting for service /controller_manager/list_controllers to become available...
[spawner-11] [INFO] [1790430382.023771170] [spawner_diff_drive_base_controller]: Setting controller param "params_file" to "['/home/xiayuru/robot_ws/install/robot_description/share/robot_description/config/controllers.yaml']" for diff_drive_base_controller
[spawner-11] [INFO] [1790430382.032620853] [spawner_diff_drive_base_controller]: Setting controller param "type" to "diff_drive_controller/DiffDriveController" for diff_drive_base_controller
[gazebo-1] [INFO] [1790430382.037167668] [controller_manager]: Loading controller : 'diff_drive_base_controller' of type 'diff_drive_controller/DiffDriveController'
[gazebo-1] [INFO] [1790430382.037203845] [controller_manager]: Loading controller 'diff_drive_base_controller'
[gazebo-1] [INFO] [1790430382.041256478] [controller_manager]: Controller 'diff_drive_base_controller' node arguments: --ros-args --params-file /home/xiayuru/robot_ws/src/diffbot_controllers.yaml -p use_sim_time:=true --params-file /home/xiayuru/robot_ws/install/robot_description/share/robot_description/config/controllers.yaml --param use_sim_time:=true 
[spawner-11] [INFO] [1790430382.067888564] [spawner_diff_drive_base_controller]: Loaded diff_drive_base_controller
[gazebo-1] [INFO] [1790430382.069359798] [controller_manager]: Configuring controller: 'diff_drive_base_controller'
[gazebo-1] [INFO] [1790430382.077979779] [controller_manager]: Activating controllers: [ diff_drive_base_controller ]
[gazebo-1] [INFO] [1790430382.086390382] [controller_manager]: Successfully switched controllers!
[spawner-11] [INFO] [1790430382.097737656] [spawner_diff_drive_base_controller]: Configured and activated diff_drive_base_controller
[INFO] [spawner-11]: process has finished cleanly [pid 805513]
[gazebo-1] [WARN] [1790430382.576256744] [diff_drive_base_controller]: Velocity command timed out. Braking.
[INFO] [map_server-12]: process started with pid [805534]
[INFO] [amcl-13]: process started with pid [805535]
[INFO] [lifecycle_manager-14]: process started with pid [805536]
[INFO] [controller_server-15]: process started with pid [805537]
[INFO] [smoother_server-16]: process started with pid [805538]
[INFO] [planner_server-17]: process started with pid [805539]
[INFO] [route_server-18]: process started with pid [805540]
[INFO] [behavior_server-19]: process started with pid [805541]
[INFO] [bt_navigator-20]: process started with pid [805542]
[INFO] [waypoint_follower-21]: process started with pid [805543]
[INFO] [velocity_smoother-22]: process started with pid [805544]
[INFO] [collision_monitor-23]: process started with pid [805545]
[INFO] [opennav_docking-24]: process started with pid [805546]
[INFO] [lifecycle_manager-25]: process started with pid [805547]
[INFO] [twist_to_twist_stamped_node.py-26]: process started with pid [805548]
[lifecycle_manager-14] [INFO] [1790430382.942971969] [lifecycle_manager_localization]: Creating
[lifecycle_manager-14] [INFO] [1790430382.951302396] [lifecycle_manager_localization]: [34m[1mCreating and initializing lifecycle service clients[0m[0m
[amcl-13] [INFO] [1790430382.973662973] [amcl]: 
[amcl-13] 	amcl lifecycle node launched. 
[amcl-13] 	Waiting on external lifecycle transitions to activate
[amcl-13] 	See https://design.ros2.org/articles/node_lifecycle.html for more information.
[amcl-13] [INFO] [1790430382.974112878] [amcl]: Creating
[velocity_smoother-22] [INFO] [1790430382.998977891] [velocity_smoother]: 
[velocity_smoother-22] 	velocity_smoother lifecycle node launched. 
[velocity_smoother-22] 	Waiting on external lifecycle transitions to activate
[velocity_smoother-22] 	See https://design.ros2.org/articles/node_lifecycle.html for more information.
[route_server-18] [INFO] [1790430383.006082011] [route_server]: 
[route_server-18] 	route_server lifecycle node launched. 
[route_server-18] 	Waiting on external lifecycle transitions to activate
[route_server-18] 	See https://design.ros2.org/articles/node_lifecycle.html for more information.
[lifecycle_manager-25] [INFO] [1790430383.015094768] [lifecycle_manager_navigation]: Creating
[planner_server-17] [INFO] [1790430383.021930287] [planner_server]: 
[planner_server-17] 	planner_server lifecycle node launched. 
[planner_server-17] 	Waiting on external lifecycle transitions to activate
[planner_server-17] 	See https://design.ros2.org/articles/node_lifecycle.html for more information.
[controller_server-15] [INFO] [1790430383.023583312] [controller_server]: 
[controller_server-15] 	controller_server lifecycle node launched. 
[controller_server-15] 	Waiting on external lifecycle transitions to activate
[controller_server-15] 	See https://design.ros2.org/articles/node_lifecycle.html for more information.
[planner_server-17] [INFO] [1790430383.024179181] [planner_server]: Creating
[lifecycle_manager-25] [INFO] [1790430383.026828045] [lifecycle_manager_navigation]: [34m[1mCreating and initializing lifecycle service clients[0m[0m
[controller_server-15] [INFO] [1790430383.027654732] [controller_server]: Creating controller server
[planner_server-17] [INFO] [1790430383.043895923] [global_costmap.global_costmap]: 
[planner_server-17] 	global_costmap lifecycle node launched. 
[planner_server-17] 	Waiting on external lifecycle transitions to activate
[planner_server-17] 	See https://design.ros2.org/articles/node_lifecycle.html for more information.
[planner_server-17] [INFO] [1790430383.044382703] [global_costmap.global_costmap]: Creating Costmap
[controller_server-15] [INFO] [1790430383.050718521] [local_costmap.local_costmap]: 
[controller_server-15] 	local_costmap lifecycle node launched. 
[controller_server-15] 	Waiting on external lifecycle transitions to activate
[controller_server-15] 	See https://design.ros2.org/articles/node_lifecycle.html for more information.
[controller_server-15] [INFO] [1790430383.051258798] [local_costmap.local_costmap]: Creating Costmap
[lifecycle_manager-14] [INFO] [1790430383.344718786] [lifecycle_manager_localization]: [34m[1mStarting managed nodes bringup...[0m[0m
[lifecycle_manager-14] [INFO] [1790430383.344778499] [lifecycle_manager_localization]: [34m[1mConfiguring map_server[0m[0m
[behavior_server-19] [INFO] [1790430383.353988552] [behavior_server]: 
[behavior_server-19] 	behavior_server lifecycle node launched. 
[behavior_server-19] 	Waiting on external lifecycle transitions to activate
[behavior_server-19] 	See https://design.ros2.org/articles/node_lifecycle.html for more information.
[waypoint_follower-21] [INFO] [1790430383.355988399] [waypoint_follower]: 
[waypoint_follower-21] 	waypoint_follower lifecycle node launched. 
[waypoint_follower-21] 	Waiting on external lifecycle transitions to activate
[waypoint_follower-21] 	See https://design.ros2.org/articles/node_lifecycle.html for more information.
[waypoint_follower-21] [INFO] [1790430383.356717312] [waypoint_follower]: Creating
[map_server-12] [INFO] [1790430383.362367518] [map_server]: 
[map_server-12] 	map_server lifecycle node launched. 
[map_server-12] 	Waiting on external lifecycle transitions to activate
[map_server-12] 	See https://design.ros2.org/articles/node_lifecycle.html for more information.
[map_server-12] [INFO] [1790430383.362604971] [map_server]: Creating
[collision_monitor-23] [INFO] [1790430383.367828041] [collision_monitor]: 
[collision_monitor-23] 	collision_monitor lifecycle node launched. 
[collision_monitor-23] 	Waiting on external lifecycle transitions to activate
[collision_monitor-23] 	See https://design.ros2.org/articles/node_lifecycle.html for more information.
[bt_navigator-20] [INFO] [1790430383.384555383] [bt_navigator]: 
[bt_navigator-20] 	bt_navigator lifecycle node launched. 
[bt_navigator-20] 	Waiting on external lifecycle transitions to activate
[bt_navigator-20] 	See https://design.ros2.org/articles/node_lifecycle.html for more information.
[bt_navigator-20] [INFO] [1790430383.386502292] [bt_navigator]: Creating
[smoother_server-16] [INFO] [1790430383.390204123] [smoother_server]: 
[smoother_server-16] 	smoother_server lifecycle node launched. 
[smoother_server-16] 	Waiting on external lifecycle transitions to activate
[smoother_server-16] 	See https://design.ros2.org/articles/node_lifecycle.html for more information.
[smoother_server-16] [INFO] [1790430383.392785941] [smoother_server]: Creating smoother server
[opennav_docking-24] [INFO] [1790430383.398250584] [docking_server]: 
[opennav_docking-24] 	docking_server lifecycle node launched. 
[opennav_docking-24] 	Waiting on external lifecycle transitions to activate
[opennav_docking-24] 	See https://design.ros2.org/articles/node_lifecycle.html for more information.
[opennav_docking-24] [INFO] [1790430383.398395500] [docking_server]: Creating docking_server
[twist_to_twist_stamped_node.py-26] [INFO] [1790430383.523182346] [twist_to_twist_stamped_node]: Converting /cmd_vel_smoothed Twist to /diff_drive_base_controller/cmd_vel TwistStamped.
[gazebo-1] [WARN] [1790430383.622514106] [diff_drive_base_controller]: Velocity command timed out. Braking.
[lifecycle_manager-25] [INFO] [1790430383.628769959] [lifecycle_manager_navigation]: [34m[1mStarting managed nodes bringup...[0m[0m
[lifecycle_manager-25] [INFO] [1790430383.628822757] [lifecycle_manager_navigation]: [34m[1mConfiguring controller_server[0m[0m
[controller_server-15] [INFO] [1790430383.629148487] [controller_server]: Configuring controller interface
[controller_server-15] [INFO] [1790430383.629180683] [controller_server]: getting progress checker plugins..
[controller_server-15] [INFO] [1790430383.629566615] [controller_server]: getting goal checker plugins..
[controller_server-15] [INFO] [1790430383.629824951] [controller_server]: Controller frequency set to 20.0000Hz
[controller_server-15] [INFO] [1790430383.629885990] [local_costmap.local_costmap]: Configuring
[controller_server-15] [INFO] [1790430383.645828130] [local_costmap.local_costmap]: Using plugin "voxel_layer"
[controller_server-15] [INFO] [1790430383.650310553] [local_costmap.local_costmap]: Subscribed to Topics: scan
[controller_server-15] [INFO] [1790430383.664697652] [local_costmap.local_costmap]: Initialized plugin "voxel_layer"
[controller_server-15] [INFO] [1790430383.664740114] [local_costmap.local_costmap]: Using plugin "inflation_layer"
[controller_server-15] [INFO] [1790430383.665694538] [local_costmap.local_costmap]: Initialized plugin "inflation_layer"
[map_server-12] [INFO] [1790430383.667789227] [map_server]: Configuring
[map_server-12] [INFO] [1790430383.667907604] [map_io]: Loading yaml file: /home/xiayuru/robot_ws/install/diffbot_navigation/share/diffbot_navigation/maps/nav_benchmark_map.yaml
[map_server-12] [INFO] [1790430383.668258756] [map_io]: resolution: 0.05
[map_server-12] [INFO] [1790430383.668273422] [map_io]: origin[0]: -4.1
[map_server-12] [INFO] [1790430383.668280616] [map_io]: origin[1]: -3.1
[map_server-12] [INFO] [1790430383.668288787] [map_io]: origin[2]: 0
[map_server-12] [INFO] [1790430383.668295911] [map_io]: free_thresh: 0.196
[map_server-12] [INFO] [1790430383.668303453] [map_io]: occupied_thresh: 0.65
[map_server-12] [INFO] [1790430383.668313021] [map_io]: mode: trinary
[map_server-12] [INFO] [1790430383.668321681] [map_io]: negate: 0
[map_server-12] [INFO] [1790430383.668529174] [map_io]: Loading image_file: /home/xiayuru/robot_ws/install/diffbot_navigation/share/diffbot_navigation/maps/nav_benchmark_map.pgm
[map_server-12] [INFO] [1790430383.669379537] [map_io]: Read map /home/xiayuru/robot_ws/install/diffbot_navigation/share/diffbot_navigation/maps/nav_benchmark_map.pgm: 164 X 124 map @ 0.05 m/cell
[lifecycle_manager-14] [INFO] [1790430383.682217251] [lifecycle_manager_localization]: [34m[1mConfiguring amcl[0m[0m
[amcl-13] [INFO] [1790430383.682800339] [amcl]: Configuring
[amcl-13] [INFO] [1790430383.683460599] [amcl]: initTransforms
[amcl-13] [INFO] [1790430383.696430030] [amcl]: initPubSub
[controller_server-15] [INFO] [1790430383.701337217] [controller_server]: Created progress_checker : progress_checker of type nav2_controller::PoseProgressChecker
[controller_server-15] [INFO] [1790430383.702534262] [controller_server]: Controller Server has progress_checker  progress checkers available.
[controller_server-15] [INFO] [1790430383.703304938] [controller_server]: Created goal checker : general_goal_checker of type nav2_controller::SimpleGoalChecker
[controller_server-15] [INFO] [1790430383.703896896] [controller_server]: Controller Server has general_goal_checker  goal checkers available.
[controller_server-15] [INFO] [1790430383.705112169] [controller_server]: Created controller : FollowPath of type nav2_regulated_pure_pursuit_controller::RegulatedPurePursuitController
[amcl-13] [INFO] [1790430383.712661374] [amcl]: Subscribed to map topic.
[controller_server-15] [INFO] [1790430383.717375106] [controller_server]: Controller Server has FollowPath  controllers available.
[lifecycle_manager-14] [INFO] [1790430383.722777452] [lifecycle_manager_localization]: [34m[1mActivating map_server[0m[0m
[map_server-12] [INFO] [1790430383.723020703] [map_server]: Activating
[map_server-12] [INFO] [1790430383.723194393] [map_server]: Creating bond (map_server) to lifecycle manager.
[amcl-13] [INFO] [1790430383.724073320] [amcl]: Received a 164 X 124 map @ 0.050 m/pix
[lifecycle_manager-25] [INFO] [1790430383.734074233] [lifecycle_manager_navigation]: [34m[1mConfiguring smoother_server[0m[0m
[smoother_server-16] [INFO] [1790430383.734461841] [smoother_server]: Configuring smoother server
[smoother_server-16] [INFO] [1790430383.752785290] [smoother_server]: Created smoother : simple_smoother of type nav2_smoother::SimpleSmoother
[smoother_server-16] [INFO] [1790430383.753983522] [smoother_server]: Smoother Server has simple_smoother  smoothers available.
[lifecycle_manager-25] [INFO] [1790430383.764401935] [lifecycle_manager_navigation]: [34m[1mConfiguring planner_server[0m[0m
[planner_server-17] [INFO] [1790430383.764727386] [planner_server]: Configuring
[planner_server-17] [INFO] [1790430383.764767473] [global_costmap.global_costmap]: Configuring
[planner_server-17] [INFO] [1790430383.777262067] [global_costmap.global_costmap]: Using plugin "static_layer"
[planner_server-17] [INFO] [1790430383.781717324] [global_costmap.global_costmap]: Subscribing to the map topic (/map) with transient local durability
[planner_server-17] [INFO] [1790430383.784680115] [global_costmap.global_costmap]: Initialized plugin "static_layer"
[planner_server-17] [INFO] [1790430383.784729282] [global_costmap.global_costmap]: Using plugin "inflation_layer"
[planner_server-17] [INFO] [1790430383.785576222] [global_costmap.global_costmap]: Initialized plugin "inflation_layer"
[planner_server-17] [INFO] [1790430383.811113230] [global_costmap.global_costmap]: StaticLayer: Resizing costmap to 164 X 124 at 0.050000 m/pix
[planner_server-17] [INFO] [1790430383.811566905] [planner_server]: Created global planner plugin GridBased of type nav2_navfn_planner::NavfnPlanner
[planner_server-17] [INFO] [1790430383.811597635] [planner_server]: Configuring plugin GridBased of type NavfnPlanner
[planner_server-17] [INFO] [1790430383.812539697] [planner_server]: Planner Server has GridBased  planners available.
[lifecycle_manager-25] [INFO] [1790430383.828685348] [lifecycle_manager_navigation]: [34m[1mConfiguring route_server[0m[0m
[route_server-18] [INFO] [1790430383.828956883] [route_server]: Configuring
[lifecycle_manager-14] [INFO] [1790430383.832134150] [lifecycle_manager_localization]: Server map_server connected with bond.
[lifecycle_manager-14] [INFO] [1790430383.832205386] [lifecycle_manager_localization]: [34m[1mActivating amcl[0m[0m
[amcl-13] [INFO] [1790430383.832697334] [amcl]: Activating
[amcl-13] [INFO] [1790430383.832754742] [amcl]: initialPoseReceived
[amcl-13] [INFO] [1790430383.832859292] [amcl]: Setting pose (0.000000): 0.300 0.000 0.000
[amcl-13] [INFO] [1790430383.833468011] [amcl]: Creating bond (amcl) to lifecycle manager.
[route_server-18] [INFO] [1790430383.865053098] [route_server]: Created GraphFileLoader GeoJsonGraphFileLoader of type nav2_route::GeoJsonGraphFileLoader
[route_server-18] [INFO] [1790430383.865091580] [route_server]: Configuring geojson graph file loader
[route_server-18] [INFO] [1790430383.865106455] [route_server]: No graph file provided to load yet.
[route_server-18] [INFO] [1790430383.868768827] [route_server]: Created edge cost function plugin DistanceScorer of type nav2_route::DistanceScorer
[route_server-18] [INFO] [1790430383.868814152] [route_server]: Configuring distance scorer.
[route_server-18] [INFO] [1790430383.869228229] [route_server]: Created edge cost function plugin CostmapScorer of type nav2_route::CostmapScorer
[route_server-18] [INFO] [1790430383.869253022] [route_server]: Configuring costmap scorer.
[route_server-18] [INFO] [1790430383.872609777] [route_server]: Created route operation AdjustSpeedLimit of type nav2_route::AdjustSpeedLimit
[route_server-18] [INFO] [1790430383.872662226] [route_server]: Configuring Adjust speed limit operation.
[route_server-18] [INFO] [1790430383.874363580] [route_server]: Created route operation ReroutingService of type nav2_route::ReroutingService
[route_server-18] [INFO] [1790430383.874414144] [route_server]: Configuring Rerouting service operation.
[route_server-18] [INFO] [1790430383.876741538] [route_server]: Created route operation CollisionMonitor of type nav2_route::CollisionMonitor
[route_server-18] [INFO] [1790430383.876941278] [route_server]: Using costmap topic: local_costmap/costmap_raw instead of server costmap topic: global_costmap/costmap_raw for CollisionMonitor.
[lifecycle_manager-25] [INFO] [1790430383.881593690] [lifecycle_manager_navigation]: [34m[1mConfiguring behavior_server[0m[0m
[behavior_server-19] [INFO] [1790430383.881873187] [behavior_server]: Configuring
[behavior_server-19] [INFO] [1790430383.889954009] [behavior_server]: Creating behavior plugin spin of type nav2_behaviors::Spin
[behavior_server-19] [INFO] [1790430383.891127519] [behavior_server]: Creating behavior plugin backup of type nav2_behaviors::BackUp
[behavior_server-19] [INFO] [1790430383.892219246] [behavior_server]: Creating behavior plugin drive_on_heading of type nav2_behaviors::DriveOnHeading
[behavior_server-19] [INFO] [1790430383.893534669] [behavior_server]: Creating behavior plugin assisted_teleop of type nav2_behaviors::AssistedTeleop
[behavior_server-19] [INFO] [1790430383.895474384] [behavior_server]: Creating behavior plugin wait of type nav2_behaviors::Wait
[behavior_server-19] [INFO] [1790430383.907145853] [behavior_server]: Configuring spin
[behavior_server-19] [INFO] [1790430383.919449785] [behavior_server]: Configuring backup
[behavior_server-19] [INFO] [1790430383.927770645] [behavior_server]: Configuring drive_on_heading
[behavior_server-19] [INFO] [1790430383.938254357] [behavior_server]: Configuring assisted_teleop
[lifecycle_manager-14] [INFO] [1790430383.940371185] [lifecycle_manager_localization]: Server amcl connected with bond.
[lifecycle_manager-14] [INFO] [1790430383.940430199] [lifecycle_manager_localization]: [34m[1mManaged nodes are active[0m[0m
[lifecycle_manager-14] [INFO] [1790430383.940450383] [lifecycle_manager_localization]: [34m[1mCreating bond timer...[0m[0m
[behavior_server-19] [INFO] [1790430383.950615279] [behavior_server]: Configuring wait
[lifecycle_manager-25] [INFO] [1790430383.960463384] [lifecycle_manager_navigation]: [34m[1mConfiguring velocity_smoother[0m[0m
[velocity_smoother-22] [INFO] [1790430383.960806644] [velocity_smoother]: Configuring velocity smoother
[lifecycle_manager-25] [INFO] [1790430383.969375014] [lifecycle_manager_navigation]: [34m[1mConfiguring collision_monitor[0m[0m
[collision_monitor-23] [INFO] [1790430383.969722185] [collision_monitor]: Configuring
[collision_monitor-23] [INFO] [1790430383.979691391] [collision_monitor]: [scan]: Creating Scan
[collision_monitor-23] [INFO] [1790430383.984344292] [collision_monitor]: [FootprintApproach]: Creating Polygon
[collision_monitor-23] [INFO] [1790430383.984665064] [collision_monitor]: [FootprintApproach]: Polygon points are not defined. Using dynamic subscription instead.
[collision_monitor-23] [INFO] [1790430383.987535039] [collision_monitor]: [FootprintApproach]: Making footprint subscriber on /local_costmap/published_footprint topic
[lifecycle_manager-25] [INFO] [1790430384.004114811] [lifecycle_manager_navigation]: [34m[1mConfiguring bt_navigator[0m[0m
[bt_navigator-20] [INFO] [1790430384.004507866] [bt_navigator]: Configuring
[bt_navigator-20] [INFO] [1790430384.013667147] [bt_navigator]: Creating navigator id navigate_to_pose of type nav2_bt_navigator::NavigateToPoseNavigator
[bt_navigator-20] [INFO] [1790430384.104816470] [bt_navigator]: Creating navigator id navigate_through_poses of type nav2_bt_navigator::NavigateThroughPosesNavigator
[lifecycle_manager-25] [INFO] [1790430384.147601263] [lifecycle_manager_navigation]: [34m[1mConfiguring waypoint_follower[0m[0m
[waypoint_follower-21] [INFO] [1790430384.147849681] [waypoint_follower]: Configuring
[waypoint_follower-21] [INFO] [1790430384.186022987] [waypoint_follower]: Created waypoint_task_executor : wait_at_waypoint of type nav2_waypoint_follower::WaitAtWaypoint
[lifecycle_manager-25] [INFO] [1790430384.187249574] [lifecycle_manager_navigation]: [34m[1mConfiguring docking_server[0m[0m
[opennav_docking-24] [INFO] [1790430384.187535846] [docking_server]: Configuring docking_server
[opennav_docking-24] [INFO] [1790430384.187580613] [docking_server]: Controller frequency set to 50.0000Hz
[opennav_docking-24] [INFO] [1790430384.224330175] [docking_server]: Created charging dock plugin simple_charging_dock of type opennav_docking::SimpleChargingDock
[opennav_docking-24] [WARN] [1790430384.237908116] [docking_server]: Dock database filepath nor dock parameters set. Docking actions can only be executed specifying the dock pose via the action request. Or update the dock database via the reload_database service.
[opennav_docking-24] [INFO] [1790430384.237979492] [docking_server]: Docking Server has 1 dock types and 0 dock instances available.
[lifecycle_manager-25] [INFO] [1790430384.242689941] [lifecycle_manager_navigation]: [34m[1mActivating controller_server[0m[0m
[controller_server-15] [INFO] [1790430384.244066962] [controller_server]: Activating
[controller_server-15] [INFO] [1790430384.244124719] [local_costmap.local_costmap]: Activating
[controller_server-15] [INFO] [1790430384.244143855] [local_costmap.local_costmap]: Checking transform
[controller_server-15] [INFO] [1790430384.244202520] [local_costmap.local_costmap]: Timed out waiting for transform from base_footprint to odom to become available, tf error: Invalid frame ID "odom" passed to canTransform argument target_frame - frame does not exist
[nav_benchmark_runner.py-9] [INFO] [1790430384.334830424] [nav_benchmark_runner]: Lifecycle ready: map_server
[amcl-13] [INFO] [1790430384.386228284] [amcl]: createLaserObject
[gazebo-1] [WARN] [1790430384.626029931] [diff_drive_base_controller]: Velocity command timed out. Braking.
[controller_server-15] [INFO] [1790430384.744813047] [local_costmap.local_costmap]: start
[controller_server-15] [INFO] [1790430384.947529135] [controller_server]: Activating controller: FollowPath of type regulated_pure_pursuit_controller::RegulatedPurePursuitController
[controller_server-15] [INFO] [1790430384.947600162] [controller_server]: Creating bond (controller_server) to lifecycle manager.
[nav_benchmark_runner.py-9] [INFO] [1790430384.990597545] [nav_benchmark_runner]: Lifecycle ready: amcl
[nav_benchmark_runner.py-9] [INFO] [1790430384.993246968] [nav_benchmark_runner]: Lifecycle ready: controller_server
[lifecycle_manager-25] [INFO] [1790430385.347726726] [lifecycle_manager_navigation]: Server controller_server connected with bond.
[lifecycle_manager-25] [INFO] [1790430385.347782668] [lifecycle_manager_navigation]: [34m[1mActivating smoother_server[0m[0m
[smoother_server-16] [INFO] [1790430385.348101344] [smoother_server]: Activating
[smoother_server-16] [INFO] [1790430385.348143876] [smoother_server]: Creating bond (smoother_server) to lifecycle manager.
[nav_benchmark_runner.py-9] [INFO] [1790430385.354028673] [nav_benchmark_runner]: Lifecycle ready: smoother_server
[lifecycle_manager-25] [INFO] [1790430385.458699161] [lifecycle_manager_navigation]: Server smoother_server connected with bond.
[lifecycle_manager-25] [INFO] [1790430385.458760759] [lifecycle_manager_navigation]: [34m[1mActivating planner_server[0m[0m
[planner_server-17] [INFO] [1790430385.460306581] [planner_server]: Activating
[planner_server-17] [INFO] [1790430385.460371392] [global_costmap.global_costmap]: Activating
[planner_server-17] [INFO] [1790430385.460390528] [global_costmap.global_costmap]: Checking transform
[planner_server-17] [INFO] [1790430385.460815849] [global_costmap.global_costmap]: start
[planner_server-17] [INFO] [1790430385.510973016] [planner_server]: Activating plugin GridBased of type NavfnPlanner
[planner_server-17] [INFO] [1790430385.513563285] [planner_server]: Creating bond (planner_server) to lifecycle manager.
[nav_benchmark_runner.py-9] [INFO] [1790430385.519825353] [nav_benchmark_runner]: Lifecycle ready: planner_server
[lifecycle_manager-25] [INFO] [1790430385.623575778] [lifecycle_manager_navigation]: Server planner_server connected with bond.
[lifecycle_manager-25] [INFO] [1790430385.623621034] [lifecycle_manager_navigation]: [34m[1mActivating route_server[0m[0m
[route_server-18] [INFO] [1790430385.623952841] [route_server]: Activating
[route_server-18] [INFO] [1790430385.624101179] [route_server]: Creating bond (route_server) to lifecycle manager.
[nav_benchmark_runner.py-9] [INFO] [1790430385.628895575] [nav_benchmark_runner]: Lifecycle ready: route_server
[gazebo-1] [WARN] [1790430385.635738567] [diff_drive_base_controller]: Velocity command timed out. Braking.
[lifecycle_manager-25] [INFO] [1790430385.734029936] [lifecycle_manager_navigation]: Server route_server connected with bond.
[lifecycle_manager-25] [INFO] [1790430385.734095096] [lifecycle_manager_navigation]: [34m[1mActivating behavior_server[0m[0m
[behavior_server-19] [INFO] [1790430385.734538645] [behavior_server]: Activating
[behavior_server-19] [INFO] [1790430385.734582923] [behavior_server]: Activating spin
[behavior_server-19] [INFO] [1790430385.734608694] [behavior_server]: Activating backup
[behavior_server-19] [INFO] [1790430385.734625944] [behavior_server]: Activating drive_on_heading
[behavior_server-19] [INFO] [1790430385.734655486] [behavior_server]: Activating assisted_teleop
[behavior_server-19] [INFO] [1790430385.734674063] [behavior_server]: Activating wait
[behavior_server-19] [INFO] [1790430385.734699275] [behavior_server]: Creating bond (behavior_server) to lifecycle manager.
[nav_benchmark_runner.py-9] [INFO] [1790430385.741088451] [nav_benchmark_runner]: Lifecycle ready: behavior_server
[lifecycle_manager-25] [INFO] [1790430385.844115621] [lifecycle_manager_navigation]: Server behavior_server connected with bond.
[lifecycle_manager-25] [INFO] [1790430385.844155779] [lifecycle_manager_navigation]: [34m[1mActivating velocity_smoother[0m[0m
[velocity_smoother-22] [INFO] [1790430385.844460557] [velocity_smoother]: Activating
[velocity_smoother-22] [INFO] [1790430385.844541710] [velocity_smoother]: Creating bond (velocity_smoother) to lifecycle manager.
[nav_benchmark_runner.py-9] [INFO] [1790430385.850097075] [nav_benchmark_runner]: Lifecycle ready: velocity_smoother
[lifecycle_manager-25] [INFO] [1790430385.955378866] [lifecycle_manager_navigation]: Server velocity_smoother connected with bond.
[lifecycle_manager-25] [INFO] [1790430385.955426636] [lifecycle_manager_navigation]: [34m[1mActivating collision_monitor[0m[0m
[collision_monitor-23] [INFO] [1790430385.956051279] [collision_monitor]: Activating
[collision_monitor-23] [INFO] [1790430385.956091506] [collision_monitor]: Creating bond (collision_monitor) to lifecycle manager.
[nav_benchmark_runner.py-9] [INFO] [1790430385.962078827] [nav_benchmark_runner]: Lifecycle ready: collision_monitor
[lifecycle_manager-25] [INFO] [1790430386.066194653] [lifecycle_manager_navigation]: Server collision_monitor connected with bond.
[lifecycle_manager-25] [INFO] [1790430386.066237674] [lifecycle_manager_navigation]: [34m[1mActivating bt_navigator[0m[0m
[bt_navigator-20] [INFO] [1790430386.066701267] [bt_navigator]: Activating
[bt_navigator-20] [INFO] [1790430386.188821518] [bt_navigator]: Creating bond (bt_navigator) to lifecycle manager.
[nav_benchmark_runner.py-9] [INFO] [1790430386.194347480] [nav_benchmark_runner]: Lifecycle ready: bt_navigator
[lifecycle_manager-25] [INFO] [1790430386.298999952] [lifecycle_manager_navigation]: Server bt_navigator connected with bond.
[lifecycle_manager-25] [INFO] [1790430386.299041856] [lifecycle_manager_navigation]: [34m[1mActivating waypoint_follower[0m[0m
[waypoint_follower-21] [INFO] [1790430386.299389306] [waypoint_follower]: Activating
[waypoint_follower-21] [INFO] [1790430386.299439311] [waypoint_follower]: Creating bond (waypoint_follower) to lifecycle manager.
[nav_benchmark_runner.py-9] [INFO] [1790430386.305922211] [nav_benchmark_runner]: Lifecycle ready: waypoint_follower
[lifecycle_manager-25] [INFO] [1790430386.410589698] [lifecycle_manager_navigation]: Server waypoint_follower connected with bond.
[lifecycle_manager-25] [INFO] [1790430386.410646478] [lifecycle_manager_navigation]: [34m[1mActivating docking_server[0m[0m
[opennav_docking-24] [INFO] [1790430386.411184380] [docking_server]: Activating docking_server
[opennav_docking-24] [INFO] [1790430386.428179557] [docking_server]: Creating bond (docking_server) to lifecycle manager.
[nav_benchmark_runner.py-9] [INFO] [1790430386.434802625] [nav_benchmark_runner]: Lifecycle ready: docking_server
[nav_benchmark_runner.py-9] [INFO] [1790430386.437236733] [nav_benchmark_runner]: Controller ready: diff_drive_base_controller
[nav_benchmark_runner.py-9] [INFO] [1790430386.437859699] [nav_benchmark_runner]: Controller ready: joint_state_broadcaster
[nav_benchmark_runner.py-9] [INFO] [1790430386.438806510] [nav_benchmark_runner]: Writing CSV results to /home/xiayuru/robot_ws/benchmark_results/nav_benchmark_20260926T134553Z.csv
[bt_navigator-20] [INFO] [1790430386.446795145] [bt_navigator]: Begin navigating from current location (0.30, 0.00) to (2.80, 0.00)
[nav_benchmark_runner.py-9] [INFO] [1790430386.447313562] [nav_benchmark_runner]: Goal 'straight_east' accepted: x=2.80, y=0.00, yaw=0.0000
[controller_server-15] [INFO] [1790430386.468233427] [controller_server]: Received a goal, begin computing control effort.
[controller_server-15] [WARN] [1790430386.468291533] [controller_server]: No goal checker was specified in parameter 'current_goal_checker'. Server will use only plugin loaded general_goal_checker . This warning will appear once.
[controller_server-15] [WARN] [1790430386.468311088] [controller_server]: No progress checker was specified in parameter 'current_progress_checker'. Server will use only plugin loaded progress_checker . This warning will appear once.
[lifecycle_manager-25] [INFO] [1790430386.541817619] [lifecycle_manager_navigation]: Server docking_server connected with bond.
[lifecycle_manager-25] [INFO] [1790430386.541863434] [lifecycle_manager_navigation]: [34m[1mManaged nodes are active[0m[0m
[lifecycle_manager-25] [INFO] [1790430386.541880125] [lifecycle_manager_navigation]: [34m[1mCreating bond timer...[0m[0m
[controller_server-15] [INFO] [1790430387.518466971] [controller_server]: Passing new path to controller.
[controller_server-15] [INFO] [1790430388.568466718] [controller_server]: Passing new path to controller.
[controller_server-15] [INFO] [1790430389.568467364] [controller_server]: Passing new path to controller.
[controller_server-15] [INFO] [1790430390.618466251] [controller_server]: Passing new path to controller.
[controller_server-15] [INFO] [1790430391.618457934] [controller_server]: Passing new path to controller.
[controller_server-15] [INFO] [1790430392.668456799] [controller_server]: Passing new path to controller.
[controller_server-15] [INFO] [1790430393.668458863] [controller_server]: Passing new path to controller.
[controller_server-15] [INFO] [1790430394.718460708] [controller_server]: Passing new path to controller.
[controller_server-15] [INFO] [1790430395.718457579] [controller_server]: Passing new path to controller.
[controller_server-15] [INFO] [1790430396.768462474] [controller_server]: Passing new path to controller.
[controller_server-15] [INFO] [1790430397.768467980] [controller_server]: Passing new path to controller.
[controller_server-15] [INFO] [1790430398.718522841] [controller_server]: Reached the goal!
[bt_navigator-20] [INFO] [1790430398.747232516] [bt_navigator]: Goal succeeded
[bt_navigator-20] [INFO] [1790430399.748397048] [bt_navigator]: Begin navigating from current location (2.73, 0.01) to (0.30, 0.00)
[nav_benchmark_runner.py-9] [INFO] [1790430399.749264661] [nav_benchmark_runner]: Goal 'return_to_start' accepted: x=0.30, y=0.00, yaw=0.0000
[controller_server-15] [INFO] [1790430399.769241702] [controller_server]: Received a goal, begin computing control effort.
[controller_server-15] [INFO] [1790430400.819378824] [controller_server]: Passing new path to controller.
[controller_server-15] [INFO] [1790430401.869401922] [controller_server]: Passing new path to controller.
[controller_server-15] [INFO] [1790430402.869373246] [controller_server]: Passing new path to controller.
[controller_server-15] [INFO] [1790430403.869368756] [controller_server]: Passing new path to controller.
[controller_server-15] [INFO] [1790430404.919373694] [controller_server]: Passing new path to controller.
[controller_server-15] [INFO] [1790430405.969371042] [controller_server]: Passing new path to controller.
[controller_server-15] [WARN] [1790430406.419639755] [controller_server]: RegulatedPurePursuitController detected collision ahead!
[controller_server-15] [WARN] [1790430406.469613267] [controller_server]: RegulatedPurePursuitController detected collision ahead!
[controller_server-15] [WARN] [1790430406.519600258] [controller_server]: RegulatedPurePursuitController detected collision ahead!
[controller_server-15] [WARN] [1790430406.569671825] [controller_server]: RegulatedPurePursuitController detected collision ahead!
[controller_server-15] [WARN] [1790430406.619696110] [controller_server]: RegulatedPurePursuitController detected collision ahead!
[controller_server-15] [WARN] [1790430406.669621712] [controller_server]: RegulatedPurePursuitController detected collision ahead!
[controller_server-15] [WARN] [1790430406.719604443] [controller_server]: RegulatedPurePursuitController detected collision ahead!
[controller_server-15] [ERROR] [1790430406.719696561] [controller_server]: Controller patience exceeded
[controller_server-15] [WARN] [1790430406.719798736] [controller_server]: [follow_path] [ActionServer] Aborting handle.
[controller_server-15] [INFO] [1790430406.739214481] [local_costmap.local_costmap]: Received request to clear entirely the local_costmap
[controller_server-15] [INFO] [1790430406.739796662] [controller_server]: Received a goal, begin computing control effort.
[controller_server-15] [INFO] [1790430406.989926190] [controller_server]: Passing new path to controller.
[collision_monitor-23] [INFO] [1790430407.315059712] [collision_monitor]: Robot to approach for 1.200000 seconds away from collision
[controller_server-15] [WARN] [1790430407.390157426] [controller_server]: RegulatedPurePursuitController detected collision ahead!
[collision_monitor-23] [INFO] [1790430407.415142786] [collision_monitor]: Robot to continue normal operation
[controller_server-15] [WARN] [1790430407.440148189] [controller_server]: RegulatedPurePursuitController detected collision ahead!
[controller_server-15] [WARN] [1790430407.490186653] [controller_server]: RegulatedPurePursuitController detected collision ahead!
[controller_server-15] [WARN] [1790430407.540152484] [controller_server]: RegulatedPurePursuitController detected collision ahead!
[controller_server-15] [WARN] [1790430407.590146879] [controller_server]: RegulatedPurePursuitController detected collision ahead!
[controller_server-15] [WARN] [1790430407.640145954] [controller_server]: RegulatedPurePursuitController detected collision ahead!
[controller_server-15] [WARN] [1790430407.690146844] [controller_server]: RegulatedPurePursuitController detected collision ahead!
[controller_server-15] [ERROR] [1790430407.690194265] [controller_server]: Controller patience exceeded
[controller_server-15] [WARN] [1790430407.690274859] [controller_server]: [follow_path] [ActionServer] Aborting handle.
[controller_server-15] [INFO] [1790430407.709015678] [local_costmap.local_costmap]: Received request to clear entirely the local_costmap
[planner_server-17] [INFO] [1790430407.709356214] [global_costmap.global_costmap]: Received request to clear entirely the global_costmap
[controller_server-15] [INFO] [1790430408.489662026] [controller_server]: Received a goal, begin computing control effort.
[collision_monitor-23] [INFO] [1790430409.104960617] [collision_monitor]: Robot to approach for 1.200000 seconds away from collision
[controller_server-15] [WARN] [1790430409.140115908] [controller_server]: RegulatedPurePursuitController detected collision ahead!
[collision_monitor-23] [INFO] [1790430409.165072495] [collision_monitor]: Robot to continue normal operation
[collision_monitor-23] [INFO] [1790430409.204973716] [collision_monitor]: Robot to approach for 1.200000 seconds away from collision
[collision_monitor-23] [INFO] [1790430409.265059544] [collision_monitor]: Robot to continue normal operation
[collision_monitor-23] [INFO] [1790430409.305016426] [collision_monitor]: Robot to approach for 1.200000 seconds away from collision
[controller_server-15] [WARN] [1790430409.340046286] [controller_server]: RegulatedPurePursuitController detected collision ahead!
[collision_monitor-23] [INFO] [1790430409.365088077] [collision_monitor]: Robot to continue normal operation
[collision_monitor-23] [INFO] [1790430409.405300292] [collision_monitor]: Robot to approach for 1.200000 seconds away from collision
[collision_monitor-23] [INFO] [1790430409.465209636] [collision_monitor]: Robot to continue normal operation
[collision_monitor-23] [INFO] [1790430409.505003304] [collision_monitor]: Robot to approach for 1.200000 seconds away from collision
[controller_server-15] [INFO] [1790430409.539841315] [controller_server]: Passing new path to controller.
[controller_server-15] [WARN] [1790430409.540305187] [controller_server]: RegulatedPurePursuitController detected collision ahead!
[collision_monitor-23] [INFO] [1790430409.565115391] [collision_monitor]: Robot to continue normal operation
[collision_monitor-23] [INFO] [1790430409.604999990] [collision_monitor]: Robot to approach for 1.200000 seconds away from collision
[collision_monitor-23] [INFO] [1790430409.665055228] [collision_monitor]: Robot to continue normal operation
[collision_monitor-23] [INFO] [1790430409.704945834] [collision_monitor]: Robot to approach for 1.200000 seconds away from collision
[controller_server-15] [WARN] [1790430409.740048605] [controller_server]: RegulatedPurePursuitController detected collision ahead!
[collision_monitor-23] [INFO] [1790430409.765180629] [collision_monitor]: Robot to continue normal operation
[collision_monitor-23] [INFO] [1790430409.805078986] [collision_monitor]: Robot to approach for 1.200000 seconds away from collision
[collision_monitor-23] [INFO] [1790430409.865390884] [collision_monitor]: Robot to continue normal operation
[collision_monitor-23] [INFO] [1790430409.905025597] [collision_monitor]: Robot to approach for 1.200000 seconds away from collision
[controller_server-15] [WARN] [1790430409.940062580] [controller_server]: RegulatedPurePursuitController detected collision ahead!
[collision_monitor-23] [INFO] [1790430409.965053878] [collision_monitor]: Robot to continue normal operation
[collision_monitor-23] [INFO] [1790430410.005260785] [collision_monitor]: Robot to approach for 1.200000 seconds away from collision
[collision_monitor-23] [INFO] [1790430410.065067117] [collision_monitor]: Robot to continue normal operation
[collision_monitor-23] [INFO] [1790430410.105142448] [collision_monitor]: Robot to approach for 1.200000 seconds away from collision
[controller_server-15] [WARN] [1790430410.140188860] [controller_server]: RegulatedPurePursuitController detected collision ahead!
[collision_monitor-23] [INFO] [1790430410.165123518] [collision_monitor]: Robot to continue normal operation
[collision_monitor-23] [INFO] [1790430410.205056237] [collision_monitor]: Robot to approach for 1.200000 seconds away from collision
[collision_monitor-23] [INFO] [1790430410.265128797] [collision_monitor]: Robot to continue normal operation
[collision_monitor-23] [INFO] [1790430410.305078696] [collision_monitor]: Robot to approach for 1.200000 seconds away from collision
[controller_server-15] [WARN] [1790430410.340231963] [controller_server]: RegulatedPurePursuitController detected collision ahead!
[collision_monitor-23] [INFO] [1790430410.365104324] [collision_monitor]: Robot to continue normal operation
[collision_monitor-23] [INFO] [1790430410.405089073] [collision_monitor]: Robot to approach for 1.200000 seconds away from collision
[controller_server-15] [WARN] [1790430410.440082058] [controller_server]: RegulatedPurePursuitController detected collision ahead!
[collision_monitor-23] [INFO] [1790430410.465096752] [collision_monitor]: Robot to continue normal operation
[controller_server-15] [WARN] [1790430410.490066958] [controller_server]: RegulatedPurePursuitController detected collision ahead!
[controller_server-15] [INFO] [1790430410.539826557] [controller_server]: Passing new path to controller.
[controller_server-15] [WARN] [1790430410.540172611] [controller_server]: RegulatedPurePursuitController detected collision ahead!
[collision_monitor-23] [INFO] [1790430410.705137245] [collision_monitor]: Robot to approach for 1.200000 seconds away from collision
[controller_server-15] [WARN] [1790430410.740153696] [controller_server]: RegulatedPurePursuitController detected collision ahead!
[collision_monitor-23] [INFO] [1790430410.765087236] [collision_monitor]: Robot to continue normal operation
[controller_server-15] [WARN] [1790430410.790051506] [controller_server]: RegulatedPurePursuitController detected collision ahead!
[controller_server-15] [WARN] [1790430410.840094513] [controller_server]: RegulatedPurePursuitController detected collision ahead!
[controller_server-15] [WARN] [1790430410.890060696] [controller_server]: RegulatedPurePursuitController detected collision ahead!
[controller_server-15] [WARN] [1790430410.940079328] [controller_server]: RegulatedPurePursuitController detected collision ahead!
[controller_server-15] [WARN] [1790430411.040142225] [controller_server]: RegulatedPurePursuitController detected collision ahead!
[controller_server-15] [WARN] [1790430411.090072512] [controller_server]: RegulatedPurePursuitController detected collision ahead!
[controller_server-15] [WARN] [1790430411.140057274] [controller_server]: RegulatedPurePursuitController detected collision ahead!
[controller_server-15] [INFO] [1790430411.589830593] [controller_server]: Passing new path to controller.
[collision_monitor-23] [INFO] [1790430411.604991939] [collision_monitor]: Robot to approach for 1.200000 seconds away from collision
[collision_monitor-23] [INFO] [1790430411.665077699] [collision_monitor]: Robot to continue normal operation
[controller_server-15] [WARN] [1790430411.690040782] [controller_server]: RegulatedPurePursuitController detected collision ahead!
[controller_server-15] [WARN] [1790430411.740177165] [controller_server]: RegulatedPurePursuitController detected collision ahead!
[controller_server-15] [WARN] [1790430411.890203733] [controller_server]: RegulatedPurePursuitController detected collision ahead!
[controller_server-15] [WARN] [1790430411.940037572] [controller_server]: RegulatedPurePursuitController detected collision ahead!
[collision_monitor-23] [INFO] [1790430412.105021557] [collision_monitor]: Robot to approach for 1.200000 seconds away from collision
[controller_server-15] [WARN] [1790430412.140041571] [controller_server]: RegulatedPurePursuitController detected collision ahead!
[collision_monitor-23] [INFO] [1790430412.165068837] [collision_monitor]: Robot to continue normal operation
[collision_monitor-23] [INFO] [1790430412.205128456] [collision_monitor]: Robot to approach for 1.200000 seconds away from collision
[collision_monitor-23] [INFO] [1790430412.266313698] [collision_monitor]: Robot to continue normal operation
[collision_monitor-23] [INFO] [1790430412.304943426] [collision_monitor]: Robot to approach for 1.200000 seconds away from collision
[controller_server-15] [WARN] [1790430412.340200126] [controller_server]: RegulatedPurePursuitController detected collision ahead!
[collision_monitor-23] [INFO] [1790430412.364979113] [collision_monitor]: Robot to continue normal operation
[collision_monitor-23] [INFO] [1790430412.404961839] [collision_monitor]: Robot to approach for 1.200000 seconds away from collision
[collision_monitor-23] [INFO] [1790430412.465139369] [collision_monitor]: Robot to continue normal operation
[collision_monitor-23] [INFO] [1790430412.504928221] [collision_monitor]: Robot to approach for 1.200000 seconds away from collision
[controller_server-15] [WARN] [1790430412.540197631] [controller_server]: RegulatedPurePursuitController detected collision ahead!
[collision_monitor-23] [INFO] [1790430412.565125656] [collision_monitor]: Robot to continue normal operation
[controller_server-15] [INFO] [1790430412.589836410] [controller_server]: Passing new path to controller.
[collision_monitor-23] [INFO] [1790430412.604939161] [collision_monitor]: Robot to approach for 1.200000 seconds away from collision
[collision_monitor-23] [INFO] [1790430412.665034560] [collision_monitor]: Robot to continue normal operation
[collision_monitor-23] [INFO] [1790430412.704953802] [collision_monitor]: Robot to approach for 1.200000 seconds away from collision
[controller_server-15] [WARN] [1790430412.740116987] [controller_server]: RegulatedPurePursuitController detected collision ahead!
[collision_monitor-23] [INFO] [1790430412.765155637] [collision_monitor]: Robot to continue normal operation
[collision_monitor-23] [INFO] [1790430412.804966488] [collision_monitor]: Robot to approach for 1.200000 seconds away from collision
[collision_monitor-23] [INFO] [1790430412.865019774] [collision_monitor]: Robot to continue normal operation
[collision_monitor-23] [INFO] [1790430412.904941600] [collision_monitor]: Robot to approach for 1.200000 seconds away from collision
[controller_server-15] [WARN] [1790430412.940119591] [controller_server]: RegulatedPurePursuitController detected collision ahead!
[collision_monitor-23] [INFO] [1790430412.964974912] [collision_monitor]: Robot to continue normal operation
[collision_monitor-23] [INFO] [1790430413.004934521] [collision_monitor]: Robot to approach for 1.200000 seconds away from collision
[collision_monitor-23] [INFO] [1790430413.065057438] [collision_monitor]: Robot to continue normal operation
[collision_monitor-23] [INFO] [1790430413.104947837] [collision_monitor]: Robot to approach for 1.200000 seconds away from collision
[controller_server-15] [WARN] [1790430413.140121499] [controller_server]: RegulatedPurePursuitController detected collision ahead!
[collision_monitor-23] [INFO] [1790430413.165092335] [collision_monitor]: Robot to continue normal operation
[collision_monitor-23] [INFO] [1790430413.204956963] [collision_monitor]: Robot to approach for 1.200000 seconds away from collision
[collision_monitor-23] [INFO] [1790430413.265129955] [collision_monitor]: Robot to continue normal operation
[collision_monitor-23] [INFO] [1790430413.304946883] [collision_monitor]: Robot to approach for 1.200000 seconds away from collision
[controller_server-15] [WARN] [1790430413.340123478] [controller_server]: RegulatedPurePursuitController detected collision ahead!
[collision_monitor-23] [INFO] [1790430413.365164293] [collision_monitor]: Robot to continue normal operation
[collision_monitor-23] [INFO] [1790430413.404979755] [collision_monitor]: Robot to approach for 1.200000 seconds away from collision
[collision_monitor-23] [INFO] [1790430413.465037652] [collision_monitor]: Robot to continue normal operation
[collision_monitor-23] [INFO] [1790430413.504953751] [collision_monitor]: Robot to approach for 1.200000 seconds away from collision
[controller_server-15] [WARN] [1790430413.540149622] [controller_server]: RegulatedPurePursuitController detected collision ahead!
[collision_monitor-23] [INFO] [1790430413.565096433] [collision_monitor]: Robot to continue normal operation
[collision_monitor-23] [INFO] [1790430413.604951075] [collision_monitor]: Robot to approach for 1.200000 seconds away from collision
[controller_server-15] [INFO] [1790430413.639832598] [controller_server]: Passing new path to controller.
[collision_monitor-23] [INFO] [1790430413.665035161] [collision_monitor]: Robot to continue normal operation
[collision_monitor-23] [INFO] [1790430413.705002733] [collision_monitor]: Robot to approach for 1.200000 seconds away from collision
[controller_server-15] [WARN] [1790430413.740152160] [controller_server]: RegulatedPurePursuitController detected collision ahead!
[collision_monitor-23] [INFO] [1790430413.765074597] [collision_monitor]: Robot to continue normal operation
[collision_monitor-23] [INFO] [1790430413.804927423] [collision_monitor]: Robot to approach for 1.200000 seconds away from collision
[collision_monitor-23] [INFO] [1790430413.865169696] [collision_monitor]: Robot to continue normal operation
[collision_monitor-23] [INFO] [1790430413.904956453] [collision_monitor]: Robot to approach for 1.200000 seconds away from collision
[controller_server-15] [WARN] [1790430413.940108324] [controller_server]: RegulatedPurePursuitController detected collision ahead!
[collision_monitor-23] [INFO] [1790430413.965080907] [collision_monitor]: Robot to continue normal operation
[collision_monitor-23] [INFO] [1790430414.004980245] [collision_monitor]: Robot to approach for 1.200000 seconds away from collision
[collision_monitor-23] [INFO] [1790430414.065051832] [collision_monitor]: Robot to continue normal operation
[collision_monitor-23] [INFO] [1790430414.104876373] [collision_monitor]: Robot to approach for 1.200000 seconds away from collision
[controller_server-15] [WARN] [1790430414.140092288] [controller_server]: RegulatedPurePursuitController detected collision ahead!
[collision_monitor-23] [INFO] [1790430414.165036726] [collision_monitor]: Robot to continue normal operation
[collision_monitor-23] [INFO] [1790430414.204936903] [collision_monitor]: Robot to approach for 1.200000 seconds away from collision
[collision_monitor-23] [INFO] [1790430414.265020502] [collision_monitor]: Robot to continue normal operation
[collision_monitor-23] [INFO] [1790430414.304957065] [collision_monitor]: Robot to approach for 1.200000 seconds away from collision
[collision_monitor-23] [INFO] [1790430414.365063781] [collision_monitor]: Robot to continue normal operation
[collision_monitor-23] [INFO] [1790430414.405013265] [collision_monitor]: Robot to approach for 1.200000 seconds away from collision
[collision_monitor-23] [INFO] [1790430414.465064249] [collision_monitor]: Robot to continue normal operation
[collision_monitor-23] [INFO] [1790430414.504954788] [collision_monitor]: Robot to approach for 1.200000 seconds away from collision
[controller_server-15] [WARN] [1790430414.540054840] [controller_server]: RegulatedPurePursuitController detected collision ahead!
[collision_monitor-23] [INFO] [1790430414.565054311] [collision_monitor]: Robot to continue normal operation
[collision_monitor-23] [INFO] [1790430414.604976907] [collision_monitor]: Robot to approach for 1.200000 seconds away from collision
[controller_server-15] [INFO] [1790430414.639835663] [controller_server]: Passing new path to controller.
[collision_monitor-23] [INFO] [1790430414.665107787] [collision_monitor]: Robot to continue normal operation
[collision_monitor-23] [INFO] [1790430414.704915986] [collision_monitor]: Robot to approach for 1.200000 seconds away from collision
[collision_monitor-23] [INFO] [1790430414.765067748] [collision_monitor]: Robot to continue normal operation
[collision_monitor-23] [INFO] [1790430414.804989575] [collision_monitor]: Robot to approach for 1.200000 seconds away from collision
[collision_monitor-23] [INFO] [1790430414.865065981] [collision_monitor]: Robot to continue normal operation
[collision_monitor-23] [INFO] [1790430414.904961409] [collision_monitor]: Robot to approach for 1.200000 seconds away from collision
[controller_server-15] [WARN] [1790430414.940099453] [controller_server]: RegulatedPurePursuitController detected collision ahead!
[collision_monitor-23] [INFO] [1790430414.964924116] [collision_monitor]: Robot to continue normal operation
[collision_monitor-23] [INFO] [1790430415.004926748] [collision_monitor]: Robot to approach for 1.200000 seconds away from collision
[collision_monitor-23] [INFO] [1790430415.065013281] [collision_monitor]: Robot to continue normal operation
[collision_monitor-23] [INFO] [1790430415.104949496] [collision_monitor]: Robot to approach for 1.200000 seconds away from collision
[collision_monitor-23] [INFO] [1790430415.165030722] [collision_monitor]: Robot to continue normal operation
[controller_server-15] [WARN] [1790430415.190058199] [controller_server]: RegulatedPurePursuitController detected collision ahead!
[controller_server-15] [WARN] [1790430415.240055606] [controller_server]: RegulatedPurePursuitController detected collision ahead!
[controller_server-15] [WARN] [1790430415.290087303] [controller_server]: RegulatedPurePursuitController detected collision ahead!
[controller_server-15] [WARN] [1790430415.340049301] [controller_server]: RegulatedPurePursuitController detected collision ahead!
[controller_server-15] [WARN] [1790430415.640060837] [controller_server]: RegulatedPurePursuitController detected collision ahead!
[controller_server-15] [INFO] [1790430415.689831266] [controller_server]: Passing new path to controller.
[controller_server-15] [WARN] [1790430415.690141562] [controller_server]: RegulatedPurePursuitController detected collision ahead!
[controller_server-15] [WARN] [1790430415.740120950] [controller_server]: RegulatedPurePursuitController detected collision ahead!
[controller_server-15] [WARN] [1790430415.840028394] [controller_server]: RegulatedPurePursuitController detected collision ahead!
[controller_server-15] [WARN] [1790430415.890042841] [controller_server]: RegulatedPurePursuitController detected collision ahead!
[controller_server-15] [WARN] [1790430415.940038083] [controller_server]: RegulatedPurePursuitController detected collision ahead!
[controller_server-15] [WARN] [1790430416.140011788] [controller_server]: RegulatedPurePursuitController detected collision ahead!
[controller_server-15] [INFO] [1790430416.689832906] [controller_server]: Passing new path to controller.
[controller_server-15] [INFO] [1790430417.739830438] [controller_server]: Passing new path to controller.
[controller_server-15] [INFO] [1790430418.739833026] [controller_server]: Passing new path to controller.
[controller_server-15] [INFO] [1790430419.789830810] [controller_server]: Passing new path to controller.
[controller_server-15] [INFO] [1790430420.789832113] [controller_server]: Passing new path to controller.
[controller_server-15] [INFO] [1790430421.839830708] [controller_server]: Passing new path to controller.
[controller_server-15] [INFO] [1790430422.839836241] [controller_server]: Passing new path to controller.
[controller_server-15] [INFO] [1790430423.839835577] [controller_server]: Passing new path to controller.
[controller_server-15] [INFO] [1790430424.889838565] [controller_server]: Passing new path to controller.
[controller_server-15] [INFO] [1790430425.889839827] [controller_server]: Passing new path to controller.
[controller_server-15] [INFO] [1790430426.939833498] [controller_server]: Passing new path to controller.
[controller_server-15] [INFO] [1790430427.939834800] [controller_server]: Passing new path to controller.
[controller_server-15] [INFO] [1790430428.989835006] [controller_server]: Passing new path to controller.
[controller_server-15] [INFO] [1790430429.989829433] [controller_server]: Passing new path to controller.
[controller_server-15] [INFO] [1790430431.039830241] [controller_server]: Passing new path to controller.
[controller_server-15] [INFO] [1790430432.039829386] [controller_server]: Passing new path to controller.
[controller_server-15] [INFO] [1790430433.089829815] [controller_server]: Passing new path to controller.
[controller_server-15] [INFO] [1790430434.089836122] [controller_server]: Passing new path to controller.
[controller_server-15] [INFO] [1790430435.089836163] [controller_server]: Passing new path to controller.
[controller_server-15] [INFO] [1790430436.139830017] [controller_server]: Passing new path to controller.
[controller_server-15] [INFO] [1790430437.139828140] [controller_server]: Passing new path to controller.
[controller_server-15] [INFO] [1790430438.189831532] [controller_server]: Passing new path to controller.
[controller_server-15] [INFO] [1790430439.189831230] [controller_server]: Passing new path to controller.
[controller_server-15] [INFO] [1790430440.239832427] [controller_server]: Passing new path to controller.
[controller_server-15] [INFO] [1790430441.239830276] [controller_server]: Passing new path to controller.
[controller_server-15] [INFO] [1790430442.289829277] [controller_server]: Passing new path to controller.
[controller_server-15] [INFO] [1790430443.289833379] [controller_server]: Passing new path to controller.
[controller_server-15] [INFO] [1790430444.339831441] [controller_server]: Passing new path to controller.
[controller_server-15] [INFO] [1790430445.339830203] [controller_server]: Passing new path to controller.
[controller_server-15] [INFO] [1790430446.389832773] [controller_server]: Passing new path to controller.
[controller_server-15] [INFO] [1790430447.389831222] [controller_server]: Passing new path to controller.
[controller_server-15] [INFO] [1790430448.439834110] [controller_server]: Passing new path to controller.
[controller_server-15] [INFO] [1790430449.439833015] [controller_server]: Passing new path to controller.
[controller_server-15] [INFO] [1790430450.489837966] [controller_server]: Passing new path to controller.
[controller_server-15] [INFO] [1790430451.489834881] [controller_server]: Passing new path to controller.
[controller_server-15] [INFO] [1790430452.539896859] [controller_server]: Passing new path to controller.
[controller_server-15] [INFO] [1790430453.539854700] [controller_server]: Passing new path to controller.
[controller_server-15] [INFO] [1790430454.539847058] [controller_server]: Passing new path to controller.
[controller_server-15] [INFO] [1790430455.139889217] [controller_server]: Reached the goal!
[bt_navigator-20] [INFO] [1790430455.168847692] [bt_navigator]: Goal succeeded
[nav_benchmark_runner.py-9] [INFO] [1790430456.176560471] [nav_benchmark_runner]: Saved trial 1 (straight_east): SUCCEEDED, error=0.069 m
[bt_navigator-20] [INFO] [1790430456.177489824] [bt_navigator]: Begin navigating from current location (0.37, 0.04) to (2.80, -2.00)
[nav_benchmark_runner.py-9] [INFO] [1790430456.178485454] [nav_benchmark_runner]: Goal 'east_detour' accepted: x=2.80, y=-2.00, yaw=-1.5708
[controller_server-15] [INFO] [1790430456.198264521] [controller_server]: Received a goal, begin computing control effort.
[collision_monitor-23] [INFO] [1790430456.565084416] [collision_monitor]: Robot to approach for 1.200000 seconds away from collision
[collision_monitor-23] [INFO] [1790430456.765077896] [collision_monitor]: Robot to continue normal operation
[collision_monitor-23] [INFO] [1790430456.804962181] [collision_monitor]: Robot to approach for 1.200000 seconds away from collision
[controller_server-15] [WARN] [1790430456.848654597] [controller_server]: RegulatedPurePursuitController detected collision ahead!
[collision_monitor-23] [INFO] [1790430456.865039890] [collision_monitor]: Robot to continue normal operation
[controller_server-15] [WARN] [1790430456.898671457] [controller_server]: RegulatedPurePursuitController detected collision ahead!
[controller_server-15] [WARN] [1790430457.048805565] [controller_server]: RegulatedPurePursuitController detected collision ahead!
[controller_server-15] [WARN] [1790430457.098654323] [controller_server]: RegulatedPurePursuitController detected collision ahead!
[controller_server-15] [INFO] [1790430457.248403269] [controller_server]: Passing new path to controller.
[controller_server-15] [WARN] [1790430457.248900106] [controller_server]: RegulatedPurePursuitController detected collision ahead!
[controller_server-15] [WARN] [1790430457.298668408] [controller_server]: RegulatedPurePursuitController detected collision ahead!
[controller_server-15] [WARN] [1790430457.498831112] [controller_server]: RegulatedPurePursuitController detected collision ahead!
[collision_monitor-23] [INFO] [1790430457.605047154] [collision_monitor]: Robot to approach for 1.200000 seconds away from collision
[collision_monitor-23] [INFO] [1790430457.665088968] [collision_monitor]: Robot to continue normal operation
[collision_monitor-23] [INFO] [1790430457.705028147] [collision_monitor]: Robot to approach for 1.200000 seconds away from collision
[collision_monitor-23] [INFO] [1790430457.765096220] [collision_monitor]: Robot to continue normal operation
[collision_monitor-23] [INFO] [1790430458.105079228] [collision_monitor]: Robot to approach for 1.200000 seconds away from collision
[collision_monitor-23] [INFO] [1790430458.165116572] [collision_monitor]: Robot to continue normal operation
[controller_server-15] [INFO] [1790430458.298412483] [controller_server]: Passing new path to controller.
[collision_monitor-23] [INFO] [1790430458.305045477] [collision_monitor]: Robot to approach for 1.200000 seconds away from collision
[collision_monitor-23] [INFO] [1790430458.365046016] [collision_monitor]: Robot to continue normal operation
[collision_monitor-23] [INFO] [1790430458.404979958] [collision_monitor]: Robot to approach for 1.200000 seconds away from collision
[collision_monitor-23] [INFO] [1790430458.465237576] [collision_monitor]: Robot to continue normal operation
[collision_monitor-23] [INFO] [1790430458.505056144] [collision_monitor]: Robot to approach for 1.200000 seconds away from collision
[collision_monitor-23] [INFO] [1790430458.565013383] [collision_monitor]: Robot to continue normal operation
[controller_server-15] [WARN] [1790430458.698684331] [controller_server]: RegulatedPurePursuitController detected collision ahead!
[collision_monitor-23] [INFO] [1790430458.704959957] [collision_monitor]: Robot to approach for 1.200000 seconds away from collision
[collision_monitor-23] [INFO] [1790430458.765295865] [collision_monitor]: Robot to continue normal operation
[collision_monitor-23] [INFO] [1790430458.805042358] [collision_monitor]: Robot to approach for 1.200000 seconds away from collision
[collision_monitor-23] [INFO] [1790430458.865091366] [collision_monitor]: Robot to continue normal operation
[controller_server-15] [WARN] [1790430458.898743257] [controller_server]: RegulatedPurePursuitController detected collision ahead!
[collision_monitor-23] [INFO] [1790430458.905023632] [collision_monitor]: Robot to approach for 1.200000 seconds away from collision
[collision_monitor-23] [INFO] [1790430458.965373787] [collision_monitor]: Robot to continue normal operation
[collision_monitor-23] [INFO] [1790430459.005031934] [collision_monitor]: Robot to approach for 1.200000 seconds away from collision
[controller_server-15] [WARN] [1790430459.048671763] [controller_server]: RegulatedPurePursuitController detected collision ahead!
[collision_monitor-23] [INFO] [1790430459.064979047] [collision_monitor]: Robot to continue normal operation
[controller_server-15] [WARN] [1790430459.098694422] [controller_server]: RegulatedPurePursuitController detected collision ahead!
[controller_server-15] [WARN] [1790430459.248694236] [controller_server]: RegulatedPurePursuitController detected collision ahead!
[collision_monitor-23] [INFO] [1790430459.265274452] [collision_monitor]: Robot to approach for 1.200000 seconds away from collision
[controller_server-15] [INFO] [1790430459.298407926] [controller_server]: Passing new path to controller.
[controller_server-15] [WARN] [1790430459.298987383] [controller_server]: RegulatedPurePursuitController detected collision ahead!
[collision_monitor-23] [INFO] [1790430459.305020038] [collision_monitor]: Robot to continue normal operation
[controller_server-15] [WARN] [1790430459.448703440] [controller_server]: RegulatedPurePursuitController detected collision ahead!
[collision_monitor-23] [INFO] [1790430459.465160669] [collision_monitor]: Robot to approach for 1.200000 seconds away from collision
[controller_server-15] [WARN] [1790430459.498664641] [controller_server]: RegulatedPurePursuitController detected collision ahead!
[collision_monitor-23] [INFO] [1790430459.504994253] [collision_monitor]: Robot to continue normal operation
[collision_monitor-23] [INFO] [1790430459.665110998] [collision_monitor]: Robot to approach for 1.200000 seconds away from collision
[controller_server-15] [WARN] [1790430459.698648493] [controller_server]: RegulatedPurePursuitController detected collision ahead!
[collision_monitor-23] [INFO] [1790430459.765111968] [collision_monitor]: Robot to continue normal operation
[collision_monitor-23] [INFO] [1790430459.805143477] [collision_monitor]: Robot to approach for 1.200000 seconds away from collision
[controller_server-15] [WARN] [1790430459.898675087] [controller_server]: RegulatedPurePursuitController detected collision ahead!
[collision_monitor-23] [INFO] [1790430459.965182142] [collision_monitor]: Robot to continue normal operation
[collision_monitor-23] [INFO] [1790430460.005118460] [collision_monitor]: Robot to approach for 1.200000 seconds away from collision
[controller_server-15] [WARN] [1790430460.048670432] [controller_server]: RegulatedPurePursuitController detected collision ahead!
[collision_monitor-23] [INFO] [1790430460.065140162] [collision_monitor]: Robot to continue normal operation
[controller_server-15] [WARN] [1790430460.098703498] [controller_server]: RegulatedPurePursuitController detected collision ahead!
[controller_server-15] [WARN] [1790430460.298826124] [controller_server]: RegulatedPurePursuitController detected collision ahead!
[collision_monitor-23] [INFO] [1790430460.305001182] [collision_monitor]: Robot to approach for 1.200000 seconds away from collision
[controller_server-15] [INFO] [1790430460.348416758] [controller_server]: Passing new path to controller.
[controller_server-15] [WARN] [1790430460.349059350] [controller_server]: RegulatedPurePursuitController detected collision ahead!
[collision_monitor-23] [INFO] [1790430460.365101314] [collision_monitor]: Robot to continue normal operation
[controller_server-15] [WARN] [1790430460.398687627] [controller_server]: RegulatedPurePursuitController detected collision ahead!
[controller_server-15] [WARN] [1790430460.448889215] [controller_server]: RegulatedPurePursuitController detected collision ahead!
[controller_server-15] [WARN] [1790430460.498661361] [controller_server]: RegulatedPurePursuitController detected collision ahead!
[controller_server-15] [WARN] [1790430460.548813224] [controller_server]: RegulatedPurePursuitController detected collision ahead!
[controller_server-15] [ERROR] [1790430460.548861483] [controller_server]: Controller patience exceeded
[controller_server-15] [WARN] [1790430460.548926364] [controller_server]: [follow_path] [ActionServer] Aborting handle.
[controller_server-15] [INFO] [1790430460.568051038] [local_costmap.local_costmap]: Received request to clear entirely the local_costmap
[controller_server-15] [INFO] [1790430460.568514911] [controller_server]: Received a goal, begin computing control effort.
[controller_server-15] [WARN] [1790430460.748987671] [controller_server]: Control loop missed its desired rate of 20.0000 Hz. Current loop rate is 5.5249 Hz.
[collision_monitor-23] [INFO] [1790430461.265103361] [collision_monitor]: Robot to approach for 1.200000 seconds away from collision
[controller_server-15] [INFO] [1790430461.349106509] [controller_server]: Passing new path to controller.
[controller_server-15] [WARN] [1790430461.349464645] [controller_server]: RegulatedPurePursuitController detected collision ahead!
[collision_monitor-23] [INFO] [1790430461.405085281] [collision_monitor]: Robot to continue normal operation
[controller_server-15] [WARN] [1790430461.549371890] [controller_server]: RegulatedPurePursuitController detected collision ahead!
[controller_server-15] [WARN] [1790430461.599346851] [controller_server]: RegulatedPurePursuitController detected collision ahead!
[controller_server-15] [WARN] [1790430461.649331798] [controller_server]: RegulatedPurePursuitController detected collision ahead!
[controller_server-15] [WARN] [1790430461.699340771] [controller_server]: RegulatedPurePursuitController detected collision ahead!
[collision_monitor-23] [INFO] [1790430462.105150484] [collision_monitor]: Robot to approach for 1.200000 seconds away from collision
[collision_monitor-23] [INFO] [1790430462.265266120] [collision_monitor]: Robot to continue normal operation
[collision_monitor-23] [INFO] [1790430462.305011359] [collision_monitor]: Robot to approach for 1.200000 seconds away from collision
[collision_monitor-23] [INFO] [1790430462.365209687] [collision_monitor]: Robot to continue normal operation
[controller_server-15] [INFO] [1790430462.399104342] [controller_server]: Passing new path to controller.
[controller_server-15] [WARN] [1790430462.599378387] [controller_server]: RegulatedPurePursuitController detected collision ahead!
[controller_server-15] [WARN] [1790430462.649429753] [controller_server]: RegulatedPurePursuitController detected collision ahead!
[controller_server-15] [WARN] [1790430462.699429437] [controller_server]: RegulatedPurePursuitController detected collision ahead!
[collision_monitor-23] [INFO] [1790430463.165182224] [collision_monitor]: Robot to approach for 1.200000 seconds away from collision
[controller_server-15] [WARN] [1790430463.199346599] [controller_server]: RegulatedPurePursuitController detected collision ahead!
[collision_monitor-23] [INFO] [1790430463.265155824] [collision_monitor]: Robot to continue normal operation
[controller_server-15] [INFO] [1790430463.399113543] [controller_server]: Passing new path to controller.
[controller_server-15] [WARN] [1790430463.599346735] [controller_server]: RegulatedPurePursuitController detected collision ahead!
[controller_server-15] [WARN] [1790430463.649341532] [controller_server]: RegulatedPurePursuitController detected collision ahead!
[controller_server-15] [WARN] [1790430463.699530482] [controller_server]: RegulatedPurePursuitController detected collision ahead!
[collision_monitor-23] [INFO] [1790430464.105463755] [collision_monitor]: Robot to approach for 1.200000 seconds away from collision
[collision_monitor-23] [INFO] [1790430464.165047289] [collision_monitor]: Robot to continue normal operation
[collision_monitor-23] [INFO] [1790430464.205235031] [collision_monitor]: Robot to approach for 1.200000 seconds away from collision
[collision_monitor-23] [INFO] [1790430464.365149955] [collision_monitor]: Robot to continue normal operation
[controller_server-15] [INFO] [1790430464.399104672] [controller_server]: Passing new path to controller.
[controller_server-15] [WARN] [1790430464.449421779] [controller_server]: RegulatedPurePursuitController detected collision ahead!
[controller_server-15] [WARN] [1790430464.499422931] [controller_server]: RegulatedPurePursuitController detected collision ahead!
[collision_monitor-23] [INFO] [1790430465.004951700] [collision_monitor]: Robot to approach for 1.200000 seconds away from collision
[collision_monitor-23] [INFO] [1790430465.065625289] [collision_monitor]: Robot to continue normal operation
[collision_monitor-23] [INFO] [1790430465.105026012] [collision_monitor]: Robot to approach for 1.200000 seconds away from collision
[collision_monitor-23] [INFO] [1790430465.165145215] [collision_monitor]: Robot to continue normal operation
[controller_server-15] [WARN] [1790430465.199360225] [controller_server]: RegulatedPurePursuitController detected collision ahead!
[collision_monitor-23] [INFO] [1790430465.205000383] [collision_monitor]: Robot to approach for 1.200000 seconds away from collision
[controller_server-15] [WARN] [1790430465.249349785] [controller_server]: RegulatedPurePursuitController detected collision ahead!
[collision_monitor-23] [INFO] [1790430465.265056103] [collision_monitor]: Robot to continue normal operation
[controller_server-15] [WARN] [1790430465.299411420] [controller_server]: RegulatedPurePursuitController detected collision ahead!
[controller_server-15] [WARN] [1790430465.399390121] [controller_server]: RegulatedPurePursuitController detected collision ahead!
[controller_server-15] [INFO] [1790430465.449126514] [controller_server]: Passing new path to controller.
[collision_monitor-23] [INFO] [1790430466.305011241] [collision_monitor]: Robot to approach for 1.200000 seconds away from collision
[collision_monitor-23] [INFO] [1790430466.364972818] [collision_monitor]: Robot to continue normal operation
[collision_monitor-23] [INFO] [1790430466.404974440] [collision_monitor]: Robot to approach for 1.200000 seconds away from collision
[controller_server-15] [INFO] [1790430466.449117328] [controller_server]: Passing new path to controller.
[controller_server-15] [WARN] [1790430466.449543488] [controller_server]: RegulatedPurePursuitController detected collision ahead!
[controller_server-15] [WARN] [1790430466.499386945] [controller_server]: RegulatedPurePursuitController detected collision ahead!
[collision_monitor-23] [INFO] [1790430466.504990298] [collision_monitor]: Robot to continue normal operation
[collision_monitor-23] [INFO] [1790430466.704942327] [collision_monitor]: Robot to approach for 1.200000 seconds away from collision
[collision_monitor-23] [INFO] [1790430466.765090654] [collision_monitor]: Robot to continue normal operation
[controller_server-15] [WARN] [1790430466.799351130] [controller_server]: RegulatedPurePursuitController detected collision ahead!
[collision_monitor-23] [INFO] [1790430466.805019643] [collision_monitor]: Robot to approach for 1.200000 seconds away from collision
[controller_server-15] [WARN] [1790430466.849338945] [controller_server]: RegulatedPurePursuitController detected collision ahead!
[collision_monitor-23] [INFO] [1790430466.865116080] [collision_monitor]: Robot to continue normal operation
[controller_server-15] [WARN] [1790430466.899391152] [controller_server]: RegulatedPurePursuitController detected collision ahead!
[controller_server-15] [WARN] [1790430467.049349011] [controller_server]: RegulatedPurePursuitController detected collision ahead!
[controller_server-15] [WARN] [1790430467.099373423] [controller_server]: RegulatedPurePursuitController detected collision ahead!
[controller_server-15] [INFO] [1790430467.499116228] [controller_server]: Passing new path to controller.
[collision_monitor-23] [INFO] [1790430467.504928890] [collision_monitor]: Robot to approach for 1.200000 seconds away from collision
[collision_monitor-23] [INFO] [1790430467.565046139] [collision_monitor]: Robot to continue normal operation
[collision_monitor-23] [INFO] [1790430467.605032886] [collision_monitor]: Robot to approach for 1.200000 seconds away from collision
[controller_server-15] [WARN] [1790430467.649677501] [controller_server]: RegulatedPurePursuitController detected collision ahead!
[collision_monitor-23] [INFO] [1790430467.665314887] [collision_monitor]: Robot to continue normal operation
[controller_server-15] [WARN] [1790430467.699443926] [controller_server]: RegulatedPurePursuitController detected collision ahead!
[controller_server-15] [WARN] [1790430467.849341585] [controller_server]: RegulatedPurePursuitController detected collision ahead!
[controller_server-15] [WARN] [1790430467.899459442] [controller_server]: RegulatedPurePursuitController detected collision ahead!
[controller_server-15] [WARN] [1790430468.099385356] [controller_server]: RegulatedPurePursuitController detected collision ahead!
[collision_monitor-23] [INFO] [1790430468.304855331] [collision_monitor]: Robot to approach for 1.200000 seconds away from collision
[collision_monitor-23] [INFO] [1790430468.365022237] [collision_monitor]: Robot to continue normal operation
[controller_server-15] [WARN] [1790430468.449372287] [controller_server]: RegulatedPurePursuitController detected collision ahead!
[controller_server-15] [INFO] [1790430468.499108752] [controller_server]: Passing new path to controller.
[controller_server-15] [WARN] [1790430468.499662578] [controller_server]: RegulatedPurePursuitController detected collision ahead!
[controller_server-15] [WARN] [1790430468.649323484] [controller_server]: RegulatedPurePursuitController detected collision ahead!
[controller_server-15] [WARN] [1790430468.699469697] [controller_server]: RegulatedPurePursuitController detected collision ahead!
[controller_server-15] [WARN] [1790430468.849394456] [controller_server]: RegulatedPurePursuitController detected collision ahead!
[controller_server-15] [WARN] [1790430468.899438214] [controller_server]: RegulatedPurePursuitController detected collision ahead!
[controller_server-15] [WARN] [1790430469.099322227] [controller_server]: RegulatedPurePursuitController detected collision ahead!
[collision_monitor-23] [INFO] [1790430469.104899111] [collision_monitor]: Robot to approach for 1.200000 seconds away from collision
[collision_monitor-23] [INFO] [1790430469.165100520] [collision_monitor]: Robot to continue normal operation
[collision_monitor-23] [INFO] [1790430469.204927825] [collision_monitor]: Robot to approach for 1.200000 seconds away from collision
[controller_server-15] [WARN] [1790430469.349349732] [controller_server]: RegulatedPurePursuitController detected collision ahead!
[collision_monitor-23] [INFO] [1790430469.365056330] [collision_monitor]: Robot to continue normal operation
[controller_server-15] [WARN] [1790430469.399307588] [controller_server]: RegulatedPurePursuitController detected collision ahead!
[controller_server-15] [WARN] [1790430469.449320548] [controller_server]: RegulatedPurePursuitController detected collision ahead!
[controller_server-15] [WARN] [1790430469.499323381] [controller_server]: RegulatedPurePursuitController detected collision ahead!
[controller_server-15] [INFO] [1790430469.549119699] [controller_server]: Passing new path to controller.
[controller_server-15] [WARN] [1790430469.649307506] [controller_server]: RegulatedPurePursuitController detected collision ahead!
[controller_server-15] [WARN] [1790430469.699389188] [controller_server]: RegulatedPurePursuitController detected collision ahead!
[collision_monitor-23] [INFO] [1790430470.004931180] [collision_monitor]: Robot to approach for 1.200000 seconds away from collision
[collision_monitor-23] [INFO] [1790430470.065023989] [collision_monitor]: Robot to continue normal operation
[collision_monitor-23] [INFO] [1790430470.104915616] [collision_monitor]: Robot to approach for 1.200000 seconds away from collision
[collision_monitor-23] [INFO] [1790430470.165024908] [collision_monitor]: Robot to continue normal operation
[collision_monitor-23] [INFO] [1790430470.204937627] [collision_monitor]: Robot to approach for 1.200000 seconds away from collision
[controller_server-15] [WARN] [1790430470.299394695] [controller_server]: RegulatedPurePursuitController detected collision ahead!
[collision_monitor-23] [INFO] [1790430470.365065087] [collision_monitor]: Robot to continue normal operation
[collision_monitor-23] [INFO] [1790430470.404957063] [collision_monitor]: Robot to approach for 1.200000 seconds away from collision
[controller_server-15] [WARN] [1790430470.449338874] [controller_server]: RegulatedPurePursuitController detected collision ahead!
[collision_monitor-23] [INFO] [1790430470.464989461] [collision_monitor]: Robot to continue normal operation
[controller_server-15] [WARN] [1790430470.499319918] [controller_server]: RegulatedPurePursuitController detected collision ahead!
[controller_server-15] [INFO] [1790430470.549113723] [controller_server]: Passing new path to controller.
[controller_server-15] [WARN] [1790430470.649319201] [controller_server]: RegulatedPurePursuitController detected collision ahead!
[controller_server-15] [WARN] [1790430470.699371900] [controller_server]: RegulatedPurePursuitController detected collision ahead!
[controller_server-15] [WARN] [1790430470.799311360] [controller_server]: RegulatedPurePursuitController detected collision ahead!
[controller_server-15] [WARN] [1790430470.849463860] [controller_server]: RegulatedPurePursuitController detected collision ahead!
[controller_server-15] [WARN] [1790430470.899481081] [controller_server]: RegulatedPurePursuitController detected collision ahead!
[collision_monitor-23] [INFO] [1790430471.404944397] [collision_monitor]: Robot to approach for 1.200000 seconds away from collision
[collision_monitor-23] [INFO] [1790430471.465025893] [collision_monitor]: Robot to continue normal operation
[collision_monitor-23] [INFO] [1790430471.504948320] [collision_monitor]: Robot to approach for 1.200000 seconds away from collision
[collision_monitor-23] [INFO] [1790430471.565073396] [collision_monitor]: Robot to continue normal operation
[controller_server-15] [INFO] [1790430471.599113391] [controller_server]: Passing new path to controller.
[collision_monitor-23] [INFO] [1790430471.604981995] [collision_monitor]: Robot to approach for 1.200000 seconds away from collision
[controller_server-15] [WARN] [1790430471.649362200] [controller_server]: RegulatedPurePursuitController detected collision ahead!
[collision_monitor-23] [INFO] [1790430471.665031295] [collision_monitor]: Robot to continue normal operation
[controller_server-15] [WARN] [1790430471.699297570] [controller_server]: RegulatedPurePursuitController detected collision ahead!
[controller_server-15] [WARN] [1790430471.899327766] [controller_server]: RegulatedPurePursuitController detected collision ahead!
[controller_server-15] [WARN] [1790430471.999252631] [controller_server]: RegulatedPurePursuitController detected collision ahead!
[controller_server-15] [WARN] [1790430472.049330194] [controller_server]: RegulatedPurePursuitController detected collision ahead!
[controller_server-15] [WARN] [1790430472.099252295] [controller_server]: RegulatedPurePursuitController detected collision ahead!
[controller_server-15] [INFO] [1790430472.599120788] [controller_server]: Passing new path to controller.
[controller_server-15] [INFO] [1790430473.649111272] [controller_server]: Passing new path to controller.
[controller_server-15] [INFO] [1790430474.649114860] [controller_server]: Passing new path to controller.
[controller_server-15] [INFO] [1790430475.699106566] [controller_server]: Passing new path to controller.
[controller_server-15] [INFO] [1790430476.599136217] [controller_server]: Reached the goal!
[bt_navigator-20] [INFO] [1790430476.627814994] [bt_navigator]: Goal succeeded
[bt_navigator-20] [INFO] [1790430477.629083910] [bt_navigator]: Begin navigating from current location (2.80, -1.98) to (0.30, 0.00)
[nav_benchmark_runner.py-9] [INFO] [1790430477.629994057] [nav_benchmark_runner]: Goal 'return_to_start' accepted: x=0.30, y=0.00, yaw=0.0000
[controller_server-15] [INFO] [1790430477.649882081] [controller_server]: Received a goal, begin computing control effort.
[controller_server-15] [INFO] [1790430478.700054930] [controller_server]: Passing new path to controller.
[controller_server-15] [INFO] [1790430479.750054945] [controller_server]: Passing new path to controller.
[controller_server-15] [INFO] [1790430480.750054369] [controller_server]: Passing new path to controller.
[controller_server-15] [INFO] [1790430481.800057001] [controller_server]: Passing new path to controller.
[controller_server-15] [INFO] [1790430482.800054991] [controller_server]: Passing new path to controller.
[controller_server-15] [INFO] [1790430483.850059122] [controller_server]: Passing new path to controller.
[collision_monitor-23] [INFO] [1790430483.865019490] [collision_monitor]: Robot to approach for 1.200000 seconds away from collision
[collision_monitor-23] [INFO] [1790430484.004937416] [collision_monitor]: Robot to continue normal operation
[controller_server-15] [WARN] [1790430484.150271810] [controller_server]: RegulatedPurePursuitController detected collision ahead!
[controller_server-15] [WARN] [1790430484.200281638] [controller_server]: RegulatedPurePursuitController detected collision ahead!
[controller_server-15] [WARN] [1790430484.250271423] [controller_server]: RegulatedPurePursuitController detected collision ahead!
[controller_server-15] [INFO] [1790430484.850056096] [controller_server]: Passing new path to controller.
[collision_monitor-23] [INFO] [1790430485.065283037] [collision_monitor]: Robot to approach for 1.200000 seconds away from collision
[collision_monitor-23] [INFO] [1790430485.204901357] [collision_monitor]: Robot to continue normal operation
[controller_server-15] [WARN] [1790430485.250310028] [controller_server]: RegulatedPurePursuitController detected collision ahead!
[collision_monitor-23] [INFO] [1790430485.264999139] [collision_monitor]: Robot to approach for 1.200000 seconds away from collision
[controller_server-15] [WARN] [1790430485.300272646] [controller_server]: RegulatedPurePursuitController detected collision ahead!
[collision_monitor-23] [INFO] [1790430485.304920877] [collision_monitor]: Robot to continue normal operation
[collision_monitor-23] [INFO] [1790430485.565043381] [collision_monitor]: Robot to approach for 1.200000 seconds away from collision
[collision_monitor-23] [INFO] [1790430485.604914136] [collision_monitor]: Robot to continue normal operation
[collision_monitor-23] [INFO] [1790430485.665212426] [collision_monitor]: Robot to approach for 1.200000 seconds away from collision
[controller_server-15] [WARN] [1790430485.700450664] [controller_server]: RegulatedPurePursuitController detected collision ahead!
[collision_monitor-23] [INFO] [1790430485.704926881] [collision_monitor]: Robot to continue normal operation
[controller_server-15] [WARN] [1790430485.850273987] [controller_server]: RegulatedPurePursuitController detected collision ahead!
[collision_monitor-23] [INFO] [1790430485.865189378] [collision_monitor]: Robot to approach for 1.200000 seconds away from collision
[controller_server-15] [INFO] [1790430485.900050832] [controller_server]: Passing new path to controller.
[controller_server-15] [WARN] [1790430485.900568203] [controller_server]: RegulatedPurePursuitController detected collision ahead!
[collision_monitor-23] [INFO] [1790430485.904974301] [collision_monitor]: Robot to continue normal operation
[controller_server-15] [WARN] [1790430486.050269727] [controller_server]: RegulatedPurePursuitController detected collision ahead!
[collision_monitor-23] [INFO] [1790430486.065008075] [collision_monitor]: Robot to approach for 1.200000 seconds away from collision
[controller_server-15] [WARN] [1790430486.100283049] [controller_server]: RegulatedPurePursuitController detected collision ahead!
[collision_monitor-23] [INFO] [1790430486.104927858] [collision_monitor]: Robot to continue normal operation
[collision_monitor-23] [INFO] [1790430486.265049212] [collision_monitor]: Robot to approach for 1.200000 seconds away from collision
[collision_monitor-23] [INFO] [1790430486.304954678] [collision_monitor]: Robot to continue normal operation
[collision_monitor-23] [INFO] [1790430486.365036119] [collision_monitor]: Robot to approach for 1.200000 seconds away from collision
[collision_monitor-23] [INFO] [1790430486.404958835] [collision_monitor]: Robot to continue normal operation
[collision_monitor-23] [INFO] [1790430486.475897369] [collision_monitor]: Robot to approach for 1.200000 seconds away from collision
[collision_monitor-23] [INFO] [1790430486.515017001] [collision_monitor]: Robot to continue normal operation
[collision_monitor-23] [INFO] [1790430486.575540595] [collision_monitor]: Robot to approach for 1.200000 seconds away from collision
[collision_monitor-23] [INFO] [1790430486.715038723] [collision_monitor]: Robot to continue normal operation
[collision_monitor-23] [INFO] [1790430486.775126449] [collision_monitor]: Robot to approach for 1.200000 seconds away from collision
[controller_server-15] [WARN] [1790430486.800314379] [controller_server]: RegulatedPurePursuitController detected collision ahead!
[controller_server-15] [WARN] [1790430486.850434416] [controller_server]: RegulatedPurePursuitController detected collision ahead!
[collision_monitor-23] [INFO] [1790430486.875469955] [collision_monitor]: Robot to continue normal operation
[controller_server-15] [INFO] [1790430486.900078846] [controller_server]: Passing new path to controller.
[controller_server-15] [WARN] [1790430486.900434329] [controller_server]: RegulatedPurePursuitController detected collision ahead!
[controller_server-15] [WARN] [1790430487.050532333] [controller_server]: RegulatedPurePursuitController detected collision ahead!
[controller_server-15] [WARN] [1790430487.100341097] [controller_server]: RegulatedPurePursuitController detected collision ahead!
[controller_server-15] [WARN] [1790430487.300510183] [controller_server]: RegulatedPurePursuitController detected collision ahead!
[controller_server-15] [WARN] [1790430487.450329739] [controller_server]: RegulatedPurePursuitController detected collision ahead!
[collision_monitor-23] [INFO] [1790430487.475380644] [collision_monitor]: Robot to approach for 1.200000 seconds away from collision
[controller_server-15] [WARN] [1790430487.500395442] [controller_server]: RegulatedPurePursuitController detected collision ahead!
[collision_monitor-23] [INFO] [1790430487.515055082] [collision_monitor]: Robot to continue normal operation
[collision_monitor-23] [INFO] [1790430487.675224628] [collision_monitor]: Robot to approach for 1.200000 seconds away from collision
[collision_monitor-23] [INFO] [1790430487.715030922] [collision_monitor]: Robot to continue normal operation
[collision_monitor-23] [INFO] [1790430487.775380267] [collision_monitor]: Robot to approach for 1.200000 seconds away from collision
[collision_monitor-23] [INFO] [1790430487.815083060] [collision_monitor]: Robot to continue normal operation
[controller_server-15] [WARN] [1790430487.850485910] [controller_server]: RegulatedPurePursuitController detected collision ahead!
[collision_monitor-23] [INFO] [1790430487.875381981] [collision_monitor]: Robot to approach for 1.200000 seconds away from collision
[controller_server-15] [WARN] [1790430487.900341256] [controller_server]: RegulatedPurePursuitController detected collision ahead!
[collision_monitor-23] [INFO] [1790430487.915121998] [collision_monitor]: Robot to continue normal operation
[controller_server-15] [INFO] [1790430487.950640572] [controller_server]: Passing new path to controller.
[controller_server-15] [WARN] [1790430488.050372636] [controller_server]: RegulatedPurePursuitController detected collision ahead!
[collision_monitor-23] [INFO] [1790430488.075201731] [collision_monitor]: Robot to approach for 1.200000 seconds away from collision
[controller_server-15] [WARN] [1790430488.100380163] [controller_server]: RegulatedPurePursuitController detected collision ahead!
[collision_monitor-23] [INFO] [1790430488.115122214] [collision_monitor]: Robot to continue normal operation
[collision_monitor-23] [INFO] [1790430488.275233167] [collision_monitor]: Robot to approach for 1.200000 seconds away from collision
[collision_monitor-23] [INFO] [1790430488.315065792] [collision_monitor]: Robot to continue normal operation
[collision_monitor-23] [INFO] [1790430488.375403614] [collision_monitor]: Robot to approach for 1.200000 seconds away from collision
[collision_monitor-23] [INFO] [1790430488.415064923] [collision_monitor]: Robot to continue normal operation
[collision_monitor-23] [INFO] [1790430488.465501124] [collision_monitor]: Robot to approach for 1.200000 seconds away from collision
[controller_server-15] [WARN] [1790430488.500457981] [controller_server]: RegulatedPurePursuitController detected collision ahead!
[collision_monitor-23] [INFO] [1790430488.515086612] [collision_monitor]: Robot to continue normal operation
[controller_server-15] [WARN] [1790430488.650359600] [controller_server]: RegulatedPurePursuitController detected collision ahead!
[collision_monitor-23] [INFO] [1790430488.675342133] [collision_monitor]: Robot to approach for 1.200000 seconds away from collision
[controller_server-15] [WARN] [1790430488.700377673] [controller_server]: RegulatedPurePursuitController detected collision ahead!
[collision_monitor-23] [INFO] [1790430488.715127266] [collision_monitor]: Robot to continue normal operation
[collision_monitor-23] [INFO] [1790430488.875298910] [collision_monitor]: Robot to approach for 1.200000 seconds away from collision
[controller_server-15] [WARN] [1790430488.900356660] [controller_server]: RegulatedPurePursuitController detected collision ahead!
[collision_monitor-23] [INFO] [1790430488.915065746] [collision_monitor]: Robot to continue normal operation
[controller_server-15] [INFO] [1790430488.950061084] [controller_server]: Passing new path to controller.
[collision_monitor-23] [INFO] [1790430489.075234108] [collision_monitor]: Robot to approach for 1.200000 seconds away from collision
[controller_server-15] [WARN] [1790430489.100444597] [controller_server]: RegulatedPurePursuitController detected collision ahead!
[collision_monitor-23] [INFO] [1790430489.115110453] [collision_monitor]: Robot to continue normal operation
[collision_monitor-23] [INFO] [1790430489.275244665] [collision_monitor]: Robot to approach for 1.200000 seconds away from collision
[collision_monitor-23] [INFO] [1790430489.315097893] [collision_monitor]: Robot to continue normal operation
[collision_monitor-23] [INFO] [1790430489.365653311] [collision_monitor]: Robot to approach for 1.200000 seconds away from collision
[collision_monitor-23] [INFO] [1790430489.415188096] [collision_monitor]: Robot to continue normal operation
[controller_server-15] [WARN] [1790430489.450326675] [controller_server]: RegulatedPurePursuitController detected collision ahead!
[collision_monitor-23] [INFO] [1790430489.475329741] [collision_monitor]: Robot to approach for 1.200000 seconds away from collision
[controller_server-15] [WARN] [1790430489.500352082] [controller_server]: RegulatedPurePursuitController detected collision ahead!
[collision_monitor-23] [INFO] [1790430489.515132824] [collision_monitor]: Robot to continue normal operation
[controller_server-15] [WARN] [1790430489.650351130] [controller_server]: RegulatedPurePursuitController detected collision ahead!
[collision_monitor-23] [INFO] [1790430489.675153756] [collision_monitor]: Robot to approach for 1.200000 seconds away from collision
[controller_server-15] [WARN] [1790430489.700371299] [controller_server]: RegulatedPurePursuitController detected collision ahead!
[collision_monitor-23] [INFO] [1790430489.715115095] [collision_monitor]: Robot to continue normal operation
[controller_server-15] [WARN] [1790430489.850536145] [controller_server]: RegulatedPurePursuitController detected collision ahead!
[collision_monitor-23] [INFO] [1790430489.875336607] [collision_monitor]: Robot to approach for 1.200000 seconds away from collision
[controller_server-15] [WARN] [1790430489.900370402] [controller_server]: RegulatedPurePursuitController detected collision ahead!
[collision_monitor-23] [INFO] [1790430489.915098694] [collision_monitor]: Robot to continue normal operation
[controller_server-15] [INFO] [1790430489.950074547] [controller_server]: Passing new path to controller.
[collision_monitor-23] [INFO] [1790430490.075425734] [collision_monitor]: Robot to approach for 1.200000 seconds away from collision
[collision_monitor-23] [INFO] [1790430490.115576408] [collision_monitor]: Robot to continue normal operation
[collision_monitor-23] [INFO] [1790430490.175247197] [collision_monitor]: Robot to approach for 1.200000 seconds away from collision
[collision_monitor-23] [INFO] [1790430490.215130246] [collision_monitor]: Robot to continue normal operation
[collision_monitor-23] [INFO] [1790430490.265721004] [collision_monitor]: Robot to approach for 1.200000 seconds away from collision
[controller_server-15] [WARN] [1790430490.450383377] [controller_server]: RegulatedPurePursuitController detected collision ahead!
[controller_server-15] [WARN] [1790430490.500352144] [controller_server]: RegulatedPurePursuitController detected collision ahead!
[collision_monitor-23] [INFO] [1790430490.515015556] [collision_monitor]: Robot to continue normal operation
[collision_monitor-23] [INFO] [1790430490.675329328] [collision_monitor]: Robot to approach for 1.200000 seconds away from collision
[controller_server-15] [WARN] [1790430490.700523754] [controller_server]: RegulatedPurePursuitController detected collision ahead!
[collision_monitor-23] [INFO] [1790430490.775225309] [collision_monitor]: Robot to continue normal operation
[collision_monitor-23] [INFO] [1790430490.815154383] [collision_monitor]: Robot to approach for 1.200000 seconds away from collision
[controller_server-15] [WARN] [1790430490.850434038] [controller_server]: RegulatedPurePursuitController detected collision ahead!
[controller_server-15] [WARN] [1790430490.900372426] [controller_server]: RegulatedPurePursuitController detected collision ahead!
[collision_monitor-23] [INFO] [1790430490.915087449] [collision_monitor]: Robot to continue normal operation
[controller_server-15] [INFO] [1790430491.000084869] [controller_server]: Passing new path to controller.
[controller_server-15] [WARN] [1790430491.050337605] [controller_server]: RegulatedPurePursuitController detected collision ahead!
[collision_monitor-23] [INFO] [1790430491.075399057] [collision_monitor]: Robot to approach for 1.200000 seconds away from collision
[controller_server-15] [WARN] [1790430491.100356448] [controller_server]: RegulatedPurePursuitController detected collision ahead!
[collision_monitor-23] [INFO] [1790430491.115128530] [collision_monitor]: Robot to continue normal operation
[controller_server-15] [WARN] [1790430491.250385951] [controller_server]: RegulatedPurePursuitController detected collision ahead!
[collision_monitor-23] [INFO] [1790430491.555178810] [collision_monitor]: Robot to approach for 1.200000 seconds away from collision
[controller_server-15] [WARN] [1790430491.650374042] [controller_server]: RegulatedPurePursuitController detected collision ahead!
[collision_monitor-23] [INFO] [1790430491.715125229] [collision_monitor]: Robot to continue normal operation
[controller_server-15] [INFO] [1790430492.000169809] [controller_server]: Passing new path to controller.
[controller_server-15] [WARN] [1790430492.100328110] [controller_server]: RegulatedPurePursuitController detected collision ahead!
[collision_monitor-23] [INFO] [1790430492.515149260] [collision_monitor]: Robot to approach for 1.200000 seconds away from collision
[collision_monitor-23] [INFO] [1790430492.615113407] [collision_monitor]: Robot to continue normal operation
[controller_server-15] [WARN] [1790430492.650301784] [controller_server]: RegulatedPurePursuitController detected collision ahead!
[collision_monitor-23] [INFO] [1790430492.665872410] [collision_monitor]: Robot to approach for 1.200000 seconds away from collision
[collision_monitor-23] [INFO] [1790430492.715136290] [collision_monitor]: Robot to continue normal operation
[collision_monitor-23] [INFO] [1790430492.775355110] [collision_monitor]: Robot to approach for 1.200000 seconds away from collision
[collision_monitor-23] [INFO] [1790430492.815089542] [collision_monitor]: Robot to continue normal operation
[controller_server-15] [INFO] [1790430493.050054802] [controller_server]: Passing new path to controller.
[collision_monitor-23] [INFO] [1790430493.675542694] [collision_monitor]: Robot to approach for 1.200000 seconds away from collision
[collision_monitor-23] [INFO] [1790430493.915062324] [collision_monitor]: Robot to continue normal operation
[controller_server-15] [INFO] [1790430494.050123151] [controller_server]: Passing new path to controller.
[controller_server-15] [WARN] [1790430494.250462038] [controller_server]: RegulatedPurePursuitController detected collision ahead!
[controller_server-15] [WARN] [1790430494.300299301] [controller_server]: RegulatedPurePursuitController detected collision ahead!
[collision_monitor-23] [INFO] [1790430494.715036237] [collision_monitor]: Robot to approach for 1.200000 seconds away from collision
[controller_server-15] [INFO] [1790430495.100132141] [controller_server]: Passing new path to controller.
[controller_server-15] [WARN] [1790430495.100474703] [controller_server]: RegulatedPurePursuitController detected collision ahead!
[collision_monitor-23] [INFO] [1790430495.175071296] [collision_monitor]: Robot to continue normal operation
[collision_monitor-23] [INFO] [1790430495.215035362] [collision_monitor]: Robot to approach for 1.200000 seconds away from collision
[controller_server-15] [WARN] [1790430495.250334924] [controller_server]: RegulatedPurePursuitController detected collision ahead!
[controller_server-15] [WARN] [1790430495.300305162] [controller_server]: RegulatedPurePursuitController detected collision ahead!
[collision_monitor-23] [INFO] [1790430495.315033037] [collision_monitor]: Robot to continue normal operation
[controller_server-15] [WARN] [1790430495.450977196] [controller_server]: RegulatedPurePursuitController detected collision ahead!
[collision_monitor-23] [INFO] [1790430495.475162863] [collision_monitor]: Robot to approach for 1.200000 seconds away from collision
[controller_server-15] [WARN] [1790430495.500346955] [controller_server]: RegulatedPurePursuitController detected collision ahead!
[collision_monitor-23] [INFO] [1790430495.515044729] [collision_monitor]: Robot to continue normal operation
[collision_monitor-23] [INFO] [1790430495.675148575] [collision_monitor]: Robot to approach for 1.200000 seconds away from collision
[controller_server-15] [WARN] [1790430495.700314299] [controller_server]: RegulatedPurePursuitController detected collision ahead!
[collision_monitor-23] [INFO] [1790430495.715023596] [collision_monitor]: Robot to continue normal operation
[collision_monitor-23] [INFO] [1790430495.875203079] [collision_monitor]: Robot to approach for 1.200000 seconds away from collision
[controller_server-15] [WARN] [1790430495.900309090] [controller_server]: RegulatedPurePursuitController detected collision ahead!
[collision_monitor-23] [INFO] [1790430495.915048348] [collision_monitor]: Robot to continue normal operation
[collision_monitor-23] [INFO] [1790430496.075113365] [collision_monitor]: Robot to approach for 1.200000 seconds away from collision
[controller_server-15] [INFO] [1790430496.100076555] [controller_server]: Passing new path to controller.
[controller_server-15] [WARN] [1790430496.100441326] [controller_server]: RegulatedPurePursuitController detected collision ahead!
[collision_monitor-23] [INFO] [1790430496.114993136] [collision_monitor]: Robot to continue normal operation
[collision_monitor-23] [INFO] [1790430496.275105435] [collision_monitor]: Robot to approach for 1.200000 seconds away from collision
[controller_server-15] [WARN] [1790430496.300327729] [controller_server]: RegulatedPurePursuitController detected collision ahead!
[collision_monitor-23] [INFO] [1790430496.315024037] [collision_monitor]: Robot to continue normal operation
[collision_monitor-23] [INFO] [1790430496.475154425] [collision_monitor]: Robot to approach for 1.200000 seconds away from collision
[collision_monitor-23] [INFO] [1790430496.515036430] [collision_monitor]: Robot to continue normal operation
[collision_monitor-23] [INFO] [1790430496.575141835] [collision_monitor]: Robot to approach for 1.200000 seconds away from collision
[collision_monitor-23] [INFO] [1790430496.614986825] [collision_monitor]: Robot to continue normal operation
[collision_monitor-23] [INFO] [1790430496.675180088] [collision_monitor]: Robot to approach for 1.200000 seconds away from collision
[collision_monitor-23] [INFO] [1790430496.714999447] [collision_monitor]: Robot to continue normal operation
[collision_monitor-23] [INFO] [1790430496.775213661] [collision_monitor]: Robot to approach for 1.200000 seconds away from collision
[collision_monitor-23] [INFO] [1790430496.815017098] [collision_monitor]: Robot to continue normal operation
[collision_monitor-23] [INFO] [1790430496.875664595] [collision_monitor]: Robot to approach for 1.200000 seconds away from collision
[controller_server-15] [WARN] [1790430496.900625271] [controller_server]: RegulatedPurePursuitController detected collision ahead!
[collision_monitor-23] [INFO] [1790430496.915041313] [collision_monitor]: Robot to continue normal operation
[collision_monitor-23] [INFO] [1790430497.075238468] [collision_monitor]: Robot to approach for 1.200000 seconds away from collision
[controller_server-15] [WARN] [1790430497.100363057] [controller_server]: RegulatedPurePursuitController detected collision ahead!
[collision_monitor-23] [INFO] [1790430497.115011944] [collision_monitor]: Robot to continue normal operation
[controller_server-15] [INFO] [1790430497.150066510] [controller_server]: Passing new path to controller.
[collision_monitor-23] [INFO] [1790430497.275138214] [collision_monitor]: Robot to approach for 1.200000 seconds away from collision
[controller_server-15] [WARN] [1790430497.300325588] [controller_server]: RegulatedPurePursuitController detected collision ahead!
[collision_monitor-23] [INFO] [1790430497.315025667] [collision_monitor]: Robot to continue normal operation
[collision_monitor-23] [INFO] [1790430497.475182107] [collision_monitor]: Robot to approach for 1.200000 seconds away from collision
[controller_server-15] [WARN] [1790430497.500353908] [controller_server]: RegulatedPurePursuitController detected collision ahead!
[collision_monitor-23] [INFO] [1790430497.515028356] [collision_monitor]: Robot to continue normal operation
[controller_server-15] [WARN] [1790430497.700356038] [controller_server]: RegulatedPurePursuitController detected collision ahead!
[controller_server-15] [WARN] [1790430497.900294544] [controller_server]: RegulatedPurePursuitController detected collision ahead!
[controller_server-15] [INFO] [1790430498.150062426] [controller_server]: Passing new path to controller.
[controller_server-15] [INFO] [1790430499.200062889] [controller_server]: Passing new path to controller.
[controller_server-15] [INFO] [1790430500.200071685] [controller_server]: Passing new path to controller.
[controller_server-15] [INFO] [1790430501.250069245] [controller_server]: Passing new path to controller.
[controller_server-15] [INFO] [1790430502.250069899] [controller_server]: Passing new path to controller.
[controller_server-15] [INFO] [1790430503.300108207] [controller_server]: Passing new path to controller.
[controller_server-15] [INFO] [1790430504.300065101] [controller_server]: Passing new path to controller.
[controller_server-15] [INFO] [1790430505.350093523] [controller_server]: Passing new path to controller.
[controller_server-15] [INFO] [1790430506.350058408] [controller_server]: Passing new path to controller.
[controller_server-15] [INFO] [1790430507.400054663] [controller_server]: Passing new path to controller.
[controller_server-15] [INFO] [1790430508.400055405] [controller_server]: Passing new path to controller.
[controller_server-15] [INFO] [1790430509.450056579] [controller_server]: Passing new path to controller.
[controller_server-15] [INFO] [1790430510.450054207] [controller_server]: Passing new path to controller.
[controller_server-15] [INFO] [1790430511.500053805] [controller_server]: Passing new path to controller.
[controller_server-15] [INFO] [1790430512.500052857] [controller_server]: Passing new path to controller.
[controller_server-15] [INFO] [1790430513.550048713] [controller_server]: Passing new path to controller.
[controller_server-15] [INFO] [1790430514.550056175] [controller_server]: Passing new path to controller.
[controller_server-15] [INFO] [1790430515.600059953] [controller_server]: Passing new path to controller.
[controller_server-15] [INFO] [1790430516.600055011] [controller_server]: Passing new path to controller.
[controller_server-15] [INFO] [1790430517.650068665] [controller_server]: Passing new path to controller.
[controller_server-15] [INFO] [1790430518.650059770] [controller_server]: Passing new path to controller.
[controller_server-15] [INFO] [1790430519.550113800] [controller_server]: Reached the goal!
[bt_navigator-20] [INFO] [1790430519.579455022] [bt_navigator]: Goal succeeded
[nav_benchmark_runner.py-9] [INFO] [1790430520.586964159] [nav_benchmark_runner]: Saved trial 2 (east_detour): SUCCEEDED, error=0.019 m
[bt_navigator-20] [INFO] [1790430520.587824581] [bt_navigator]: Begin navigating from current location (0.45, -0.00) to (-3.00, -2.40)
[nav_benchmark_runner.py-9] [INFO] [1790430520.588931676] [nav_benchmark_runner]: Goal 'south_west_corridor' accepted: x=-3.00, y=-2.40, yaw=3.1416
[controller_server-15] [INFO] [1790430520.608561865] [controller_server]: Received a goal, begin computing control effort.
[controller_server-15] [INFO] [1790430521.658726917] [controller_server]: Passing new path to controller.
[controller_server-15] [INFO] [1790430522.708719830] [controller_server]: Passing new path to controller.
[controller_server-15] [INFO] [1790430523.708719104] [controller_server]: Passing new path to controller.
[controller_server-15] [INFO] [1790430524.758721404] [controller_server]: Passing new path to controller.
[collision_monitor-23] [INFO] [1790430525.554982785] [collision_monitor]: Robot to approach for 1.200000 seconds away from collision
[collision_monitor-23] [INFO] [1790430525.615056786] [collision_monitor]: Robot to continue normal operation
[collision_monitor-23] [INFO] [1790430525.654976731] [collision_monitor]: Robot to approach for 1.200000 seconds away from collision
[collision_monitor-23] [INFO] [1790430525.715085302] [collision_monitor]: Robot to continue normal operation
[collision_monitor-23] [INFO] [1790430525.754956778] [collision_monitor]: Robot to approach for 1.200000 seconds away from collision
[controller_server-15] [INFO] [1790430525.758733415] [controller_server]: Passing new path to controller.
[controller_server-15] [WARN] [1790430525.909120707] [controller_server]: RegulatedPurePursuitController detected collision ahead!
[collision_monitor-23] [INFO] [1790430525.955206286] [collision_monitor]: Robot to continue normal operation
[collision_monitor-23] [INFO] [1790430526.054950766] [collision_monitor]: Robot to approach for 1.200000 seconds away from collision
[controller_server-15] [WARN] [1790430526.108941333] [controller_server]: RegulatedPurePursuitController detected collision ahead!
[collision_monitor-23] [INFO] [1790430526.115071001] [collision_monitor]: Robot to continue normal operation
[collision_monitor-23] [INFO] [1790430526.255229330] [collision_monitor]: Robot to approach for 1.200000 seconds away from collision
[collision_monitor-23] [INFO] [1790430526.315051491] [collision_monitor]: Robot to continue normal operation
[collision_monitor-23] [INFO] [1790430526.354936516] [collision_monitor]: Robot to approach for 1.200000 seconds away from collision
[collision_monitor-23] [INFO] [1790430526.415057799] [collision_monitor]: Robot to continue normal operation
[collision_monitor-23] [INFO] [1790430526.454858807] [collision_monitor]: Robot to approach for 1.200000 seconds away from collision
[controller_server-15] [WARN] [1790430526.458988483] [controller_server]: RegulatedPurePursuitController detected collision ahead!
[controller_server-15] [WARN] [1790430526.508982558] [controller_server]: RegulatedPurePursuitController detected collision ahead!
[collision_monitor-23] [INFO] [1790430526.515118302] [collision_monitor]: Robot to continue normal operation
[collision_monitor-23] [INFO] [1790430526.654926736] [collision_monitor]: Robot to approach for 1.200000 seconds away from collision
[collision_monitor-23] [INFO] [1790430526.715033213] [collision_monitor]: Robot to continue normal operation
[collision_monitor-23] [INFO] [1790430526.754929901] [collision_monitor]: Robot to approach for 1.200000 seconds away from collision
[controller_server-15] [INFO] [1790430526.808717236] [controller_server]: Passing new path to controller.
[collision_monitor-23] [INFO] [1790430526.815097488] [collision_monitor]: Robot to continue normal operation
[collision_monitor-23] [INFO] [1790430526.854933975] [collision_monitor]: Robot to approach for 1.200000 seconds away from collision
[collision_monitor-23] [INFO] [1790430526.915017404] [collision_monitor]: Robot to continue normal operation
[collision_monitor-23] [INFO] [1790430526.954924918] [collision_monitor]: Robot to approach for 1.200000 seconds away from collision
[collision_monitor-23] [INFO] [1790430527.015035795] [collision_monitor]: Robot to continue normal operation
[collision_monitor-23] [INFO] [1790430527.055005187] [collision_monitor]: Robot to approach for 1.200000 seconds away from collision
[controller_server-15] [WARN] [1790430527.058996581] [controller_server]: RegulatedPurePursuitController detected collision ahead!
[controller_server-15] [WARN] [1790430527.108940442] [controller_server]: RegulatedPurePursuitController detected collision ahead!
[collision_monitor-23] [INFO] [1790430527.115067875] [collision_monitor]: Robot to continue normal operation
[collision_monitor-23] [INFO] [1790430527.254950131] [collision_monitor]: Robot to approach for 1.200000 seconds away from collision
[controller_server-15] [WARN] [1790430527.308959485] [controller_server]: RegulatedPurePursuitController detected collision ahead!
[collision_monitor-23] [INFO] [1790430527.315092506] [collision_monitor]: Robot to continue normal operation
[collision_monitor-23] [INFO] [1790430527.454940820] [collision_monitor]: Robot to approach for 1.200000 seconds away from collision
[collision_monitor-23] [INFO] [1790430527.515189351] [collision_monitor]: Robot to continue normal operation
[collision_monitor-23] [INFO] [1790430527.554977789] [collision_monitor]: Robot to approach for 1.200000 seconds away from collision
[collision_monitor-23] [INFO] [1790430527.615048648] [collision_monitor]: Robot to continue normal operation
[collision_monitor-23] [INFO] [1790430527.654959305] [collision_monitor]: Robot to approach for 1.200000 seconds away from collision
[controller_server-15] [WARN] [1790430527.659042957] [controller_server]: RegulatedPurePursuitController detected collision ahead!
[controller_server-15] [WARN] [1790430527.708929340] [controller_server]: RegulatedPurePursuitController detected collision ahead!
[collision_monitor-23] [INFO] [1790430527.715094137] [collision_monitor]: Robot to continue normal operation
[controller_server-15] [INFO] [1790430527.808718309] [controller_server]: Passing new path to controller.
[collision_monitor-23] [INFO] [1790430527.854954813] [collision_monitor]: Robot to approach for 1.200000 seconds away from collision
[collision_monitor-23] [INFO] [1790430527.915037615] [collision_monitor]: Robot to continue normal operation
[collision_monitor-23] [INFO] [1790430527.954969014] [collision_monitor]: Robot to approach for 1.200000 seconds away from collision
[controller_server-15] [WARN] [1790430528.059170091] [controller_server]: RegulatedPurePursuitController detected collision ahead!
[controller_server-15] [WARN] [1790430528.109254469] [controller_server]: RegulatedPurePursuitController detected collision ahead!
[collision_monitor-23] [INFO] [1790430528.115544070] [collision_monitor]: Robot to continue normal operation
[collision_monitor-23] [INFO] [1790430528.265414276] [collision_monitor]: Robot to approach for 1.200000 seconds away from collision
[controller_server-15] [WARN] [1790430528.309127063] [controller_server]: RegulatedPurePursuitController detected collision ahead!
[collision_monitor-23] [INFO] [1790430528.317269294] [collision_monitor]: Robot to continue normal operation
[collision_monitor-23] [INFO] [1790430528.465021200] [collision_monitor]: Robot to approach for 1.200000 seconds away from collision
[collision_monitor-23] [INFO] [1790430528.515170948] [collision_monitor]: Robot to continue normal operation
[collision_monitor-23] [INFO] [1790430528.555027829] [collision_monitor]: Robot to approach for 1.200000 seconds away from collision
[collision_monitor-23] [INFO] [1790430528.615003079] [collision_monitor]: Robot to continue normal operation
[collision_monitor-23] [INFO] [1790430528.654916670] [collision_monitor]: Robot to approach for 1.200000 seconds away from collision
[controller_server-15] [WARN] [1790430528.659008633] [controller_server]: RegulatedPurePursuitController detected collision ahead!
[controller_server-15] [WARN] [1790430528.708962831] [controller_server]: RegulatedPurePursuitController detected collision ahead!
[collision_monitor-23] [INFO] [1790430528.715010507] [collision_monitor]: Robot to continue normal operation
[collision_monitor-23] [INFO] [1790430528.854902054] [collision_monitor]: Robot to approach for 1.200000 seconds away from collision
[controller_server-15] [INFO] [1790430528.858720316] [controller_server]: Passing new path to controller.
[collision_monitor-23] [INFO] [1790430528.915014399] [collision_monitor]: Robot to continue normal operation
[collision_monitor-23] [INFO] [1790430529.054926269] [collision_monitor]: Robot to approach for 1.200000 seconds away from collision
[collision_monitor-23] [INFO] [1790430529.115043434] [collision_monitor]: Robot to continue normal operation
[collision_monitor-23] [INFO] [1790430529.154853523] [collision_monitor]: Robot to approach for 1.200000 seconds away from collision
[collision_monitor-23] [INFO] [1790430529.215009169] [collision_monitor]: Robot to continue normal operation
[collision_monitor-23] [INFO] [1790430529.254940150] [collision_monitor]: Robot to approach for 1.200000 seconds away from collision
[controller_server-15] [WARN] [1790430529.258957385] [controller_server]: RegulatedPurePursuitController detected collision ahead!
[controller_server-15] [WARN] [1790430529.308941125] [controller_server]: RegulatedPurePursuitController detected collision ahead!
[collision_monitor-23] [INFO] [1790430529.315000884] [collision_monitor]: Robot to continue normal operation
[controller_server-15] [WARN] [1790430529.508997678] [controller_server]: RegulatedPurePursuitController detected collision ahead!
[collision_monitor-23] [INFO] [1790430529.654916789] [collision_monitor]: Robot to approach for 1.200000 seconds away from collision
[collision_monitor-23] [INFO] [1790430529.715043452] [collision_monitor]: Robot to continue normal operation
[collision_monitor-23] [INFO] [1790430529.755442358] [collision_monitor]: Robot to approach for 1.200000 seconds away from collision
[collision_monitor-23] [INFO] [1790430529.814991937] [collision_monitor]: Robot to continue normal operation
[collision_monitor-23] [INFO] [1790430529.854896519] [collision_monitor]: Robot to approach for 1.200000 seconds away from collision
[controller_server-15] [INFO] [1790430529.858727143] [controller_server]: Passing new path to controller.
[controller_server-15] [WARN] [1790430529.859191365] [controller_server]: RegulatedPurePursuitController detected collision ahead!
[controller_server-15] [WARN] [1790430529.908938211] [controller_server]: RegulatedPurePursuitController detected collision ahead!
[collision_monitor-23] [INFO] [1790430529.914974853] [collision_monitor]: Robot to continue normal operation
[collision_monitor-23] [INFO] [1790430530.054950279] [collision_monitor]: Robot to approach for 1.200000 seconds away from collision
[collision_monitor-23] [INFO] [1790430530.114989573] [collision_monitor]: Robot to continue normal operation
[collision_monitor-23] [INFO] [1790430530.254925332] [collision_monitor]: Robot to approach for 1.200000 seconds away from collision
[collision_monitor-23] [INFO] [1790430530.325084850] [collision_monitor]: Robot to continue normal operation
[collision_monitor-23] [INFO] [1790430530.354900287] [collision_monitor]: Robot to approach for 1.200000 seconds away from collision
[collision_monitor-23] [INFO] [1790430530.415094625] [collision_monitor]: Robot to continue normal operation
[controller_server-15] [WARN] [1790430530.458956589] [controller_server]: RegulatedPurePursuitController detected collision ahead!
[collision_monitor-23] [INFO] [1790430530.464974235] [collision_monitor]: Robot to approach for 1.200000 seconds away from collision
[controller_server-15] [WARN] [1790430530.508976368] [controller_server]: RegulatedPurePursuitController detected collision ahead!
[collision_monitor-23] [INFO] [1790430530.515028654] [collision_monitor]: Robot to continue normal operation
[collision_monitor-23] [INFO] [1790430530.655125183] [collision_monitor]: Robot to approach for 1.200000 seconds away from collision
[controller_server-15] [WARN] [1790430530.709175396] [controller_server]: RegulatedPurePursuitController detected collision ahead!
[collision_monitor-23] [INFO] [1790430530.715154909] [collision_monitor]: Robot to continue normal operation
[collision_monitor-23] [INFO] [1790430530.854893441] [collision_monitor]: Robot to approach for 1.200000 seconds away from collision
[controller_server-15] [INFO] [1790430530.908719818] [controller_server]: Passing new path to controller.
[collision_monitor-23] [INFO] [1790430530.915070808] [collision_monitor]: Robot to continue normal operation
[collision_monitor-23] [INFO] [1790430530.964980170] [collision_monitor]: Robot to approach for 1.200000 seconds away from collision
[collision_monitor-23] [INFO] [1790430531.015537782] [collision_monitor]: Robot to continue normal operation
[collision_monitor-23] [INFO] [1790430531.054951394] [collision_monitor]: Robot to approach for 1.200000 seconds away from collision
[controller_server-15] [WARN] [1790430531.108958028] [controller_server]: RegulatedPurePursuitController detected collision ahead!
[collision_monitor-23] [INFO] [1790430531.115044256] [collision_monitor]: Robot to continue normal operation
[collision_monitor-23] [INFO] [1790430531.254947122] [collision_monitor]: Robot to approach for 1.200000 seconds away from collision
[collision_monitor-23] [INFO] [1790430531.315006321] [collision_monitor]: Robot to continue normal operation
[collision_monitor-23] [INFO] [1790430531.354931856] [collision_monitor]: Robot to approach for 1.200000 seconds away from collision
[collision_monitor-23] [INFO] [1790430531.415052304] [collision_monitor]: Robot to continue normal operation
[collision_monitor-23] [INFO] [1790430531.454921828] [collision_monitor]: Robot to approach for 1.200000 seconds away from collision
[controller_server-15] [WARN] [1790430531.459224427] [controller_server]: RegulatedPurePursuitController detected collision ahead!
[controller_server-15] [WARN] [1790430531.508942220] [controller_server]: RegulatedPurePursuitController detected collision ahead!
[collision_monitor-23] [INFO] [1790430531.515026353] [collision_monitor]: Robot to continue normal operation
[collision_monitor-23] [INFO] [1790430531.655144744] [collision_monitor]: Robot to approach for 1.200000 seconds away from collision
[collision_monitor-23] [INFO] [1790430531.715086194] [collision_monitor]: Robot to continue normal operation
[collision_monitor-23] [INFO] [1790430531.854919150] [collision_monitor]: Robot to approach for 1.200000 seconds away from collision
[controller_server-15] [INFO] [1790430531.908720456] [controller_server]: Passing new path to controller.
[collision_monitor-23] [INFO] [1790430531.915005727] [collision_monitor]: Robot to continue normal operation
[collision_monitor-23] [INFO] [1790430531.954943204] [collision_monitor]: Robot to approach for 1.200000 seconds away from collision
[collision_monitor-23] [INFO] [1790430532.015046821] [collision_monitor]: Robot to continue normal operation
[controller_server-15] [WARN] [1790430532.058990080] [controller_server]: RegulatedPurePursuitController detected collision ahead!
[collision_monitor-23] [INFO] [1790430532.064974832] [collision_monitor]: Robot to approach for 1.200000 seconds away from collision
[controller_server-15] [WARN] [1790430532.108962928] [controller_server]: RegulatedPurePursuitController detected collision ahead!
[collision_monitor-23] [INFO] [1790430532.114997545] [collision_monitor]: Robot to continue normal operation
[collision_monitor-23] [INFO] [1790430532.265017005] [collision_monitor]: Robot to approach for 1.200000 seconds away from collision
[collision_monitor-23] [INFO] [1790430532.315017998] [collision_monitor]: Robot to continue normal operation
[collision_monitor-23] [INFO] [1790430532.354872926] [collision_monitor]: Robot to approach for 1.200000 seconds away from collision
[collision_monitor-23] [INFO] [1790430532.415002245] [collision_monitor]: Robot to continue normal operation
[collision_monitor-23] [INFO] [1790430532.454926244] [collision_monitor]: Robot to approach for 1.200000 seconds away from collision
[controller_server-15] [WARN] [1790430532.508938744] [controller_server]: RegulatedPurePursuitController detected collision ahead!
[collision_monitor-23] [INFO] [1790430532.514984117] [collision_monitor]: Robot to continue normal operation
[controller_server-15] [WARN] [1790430532.659019734] [controller_server]: RegulatedPurePursuitController detected collision ahead!
[controller_server-15] [WARN] [1790430532.708964785] [controller_server]: RegulatedPurePursuitController detected collision ahead!
[controller_server-15] [WARN] [1790430532.908941868] [controller_server]: RegulatedPurePursuitController detected collision ahead!
[controller_server-15] [INFO] [1790430532.958720492] [controller_server]: Passing new path to controller.
[collision_monitor-23] [INFO] [1790430533.054892484] [collision_monitor]: Robot to approach for 1.200000 seconds away from collision
[collision_monitor-23] [INFO] [1790430533.115009092] [collision_monitor]: Robot to continue normal operation
[collision_monitor-23] [INFO] [1790430533.164981522] [collision_monitor]: Robot to approach for 1.200000 seconds away from collision
[collision_monitor-23] [INFO] [1790430533.215073167] [collision_monitor]: Robot to continue normal operation
[collision_monitor-23] [INFO] [1790430533.254946812] [collision_monitor]: Robot to approach for 1.200000 seconds away from collision
[controller_server-15] [WARN] [1790430533.259161622] [controller_server]: RegulatedPurePursuitController detected collision ahead!
[controller_server-15] [WARN] [1790430533.308959872] [controller_server]: RegulatedPurePursuitController detected collision ahead!
[collision_monitor-23] [INFO] [1790430533.325149983] [collision_monitor]: Robot to continue normal operation
[collision_monitor-23] [INFO] [1790430533.454882483] [collision_monitor]: Robot to approach for 1.200000 seconds away from collision
[collision_monitor-23] [INFO] [1790430533.515013618] [collision_monitor]: Robot to continue normal operation
[collision_monitor-23] [INFO] [1790430533.554909333] [collision_monitor]: Robot to approach for 1.200000 seconds away from collision
[collision_monitor-23] [INFO] [1790430533.614996260] [collision_monitor]: Robot to continue normal operation
[collision_monitor-23] [INFO] [1790430533.655164697] [collision_monitor]: Robot to approach for 1.200000 seconds away from collision
[collision_monitor-23] [INFO] [1790430533.815016855] [collision_monitor]: Robot to continue normal operation
[collision_monitor-23] [INFO] [1790430533.854931426] [collision_monitor]: Robot to approach for 1.200000 seconds away from collision
[controller_server-15] [WARN] [1790430533.859068157] [controller_server]: RegulatedPurePursuitController detected collision ahead!
[controller_server-15] [WARN] [1790430533.908960759] [controller_server]: RegulatedPurePursuitController detected collision ahead!
[collision_monitor-23] [INFO] [1790430533.915034207] [collision_monitor]: Robot to continue normal operation
[controller_server-15] [INFO] [1790430533.958719829] [controller_server]: Passing new path to controller.
[collision_monitor-23] [INFO] [1790430534.054896012] [collision_monitor]: Robot to approach for 1.200000 seconds away from collision
[controller_server-15] [WARN] [1790430534.108968017] [controller_server]: RegulatedPurePursuitController detected collision ahead!
[collision_monitor-23] [INFO] [1790430534.154993680] [collision_monitor]: Robot to continue normal operation
[collision_monitor-23] [INFO] [1790430534.215047644] [collision_monitor]: Robot to approach for 1.200000 seconds away from collision
[collision_monitor-23] [INFO] [1790430534.315105014] [collision_monitor]: Robot to continue normal operation
[collision_monitor-23] [INFO] [1790430534.354963994] [collision_monitor]: Robot to approach for 1.200000 seconds away from collision
[collision_monitor-23] [INFO] [1790430534.415042681] [collision_monitor]: Robot to continue normal operation
[controller_server-15] [WARN] [1790430534.459035876] [controller_server]: RegulatedPurePursuitController detected collision ahead!
[collision_monitor-23] [INFO] [1790430534.465059319] [collision_monitor]: Robot to approach for 1.200000 seconds away from collision
[controller_server-15] [WARN] [1790430534.508977995] [controller_server]: RegulatedPurePursuitController detected collision ahead!
[collision_monitor-23] [INFO] [1790430534.515001019] [collision_monitor]: Robot to continue normal operation
[collision_monitor-23] [INFO] [1790430534.764989857] [collision_monitor]: Robot to approach for 1.200000 seconds away from collision
[collision_monitor-23] [INFO] [1790430534.815048608] [collision_monitor]: Robot to continue normal operation
[collision_monitor-23] [INFO] [1790430534.854939784] [collision_monitor]: Robot to approach for 1.200000 seconds away from collision
[collision_monitor-23] [INFO] [1790430534.915018680] [collision_monitor]: Robot to continue normal operation
[collision_monitor-23] [INFO] [1790430534.964984615] [collision_monitor]: Robot to approach for 1.200000 seconds away from collision
[controller_server-15] [INFO] [1790430535.008719194] [controller_server]: Passing new path to controller.
[collision_monitor-23] [INFO] [1790430535.015100355] [collision_monitor]: Robot to continue normal operation
[collision_monitor-23] [INFO] [1790430535.054881254] [collision_monitor]: Robot to approach for 1.200000 seconds away from collision
[controller_server-15] [WARN] [1790430535.059054371] [controller_server]: RegulatedPurePursuitController detected collision ahead!
[controller_server-15] [WARN] [1790430535.108963597] [controller_server]: RegulatedPurePursuitController detected collision ahead!
[collision_monitor-23] [INFO] [1790430535.115024264] [collision_monitor]: Robot to continue normal operation
[collision_monitor-23] [INFO] [1790430535.264952031] [collision_monitor]: Robot to approach for 1.200000 seconds away from collision
[collision_monitor-23] [INFO] [1790430535.315033341] [collision_monitor]: Robot to continue normal operation
[collision_monitor-23] [INFO] [1790430535.465013837] [collision_monitor]: Robot to approach for 1.200000 seconds away from collision
[collision_monitor-23] [INFO] [1790430535.515040044] [collision_monitor]: Robot to continue normal operation
[collision_monitor-23] [INFO] [1790430535.554980806] [collision_monitor]: Robot to approach for 1.200000 seconds away from collision
[collision_monitor-23] [INFO] [1790430535.615134571] [collision_monitor]: Robot to continue normal operation
[collision_monitor-23] [INFO] [1790430535.665056228] [collision_monitor]: Robot to approach for 1.200000 seconds away from collision
[collision_monitor-23] [INFO] [1790430535.715006799] [collision_monitor]: Robot to continue normal operation
[collision_monitor-23] [INFO] [1790430535.754944069] [collision_monitor]: Robot to approach for 1.200000 seconds away from collision
[collision_monitor-23] [INFO] [1790430535.815087916] [collision_monitor]: Robot to continue normal operation
[collision_monitor-23] [INFO] [1790430535.865054550] [collision_monitor]: Robot to approach for 1.200000 seconds away from collision
[collision_monitor-23] [INFO] [1790430535.915056104] [collision_monitor]: Robot to continue normal operation
[collision_monitor-23] [INFO] [1790430535.965135598] [collision_monitor]: Robot to approach for 1.200000 seconds away from collision
[controller_server-15] [INFO] [1790430536.008729382] [controller_server]: Passing new path to controller.
[collision_monitor-23] [INFO] [1790430536.015029738] [collision_monitor]: Robot to continue normal operation
[controller_server-15] [WARN] [1790430536.059022236] [controller_server]: RegulatedPurePursuitController detected collision ahead!
[collision_monitor-23] [INFO] [1790430536.065022213] [collision_monitor]: Robot to approach for 1.200000 seconds away from collision
[controller_server-15] [WARN] [1790430536.108949342] [controller_server]: RegulatedPurePursuitController detected collision ahead!
[collision_monitor-23] [INFO] [1790430536.114987870] [collision_monitor]: Robot to continue normal operation
[collision_monitor-23] [INFO] [1790430536.254981396] [collision_monitor]: Robot to approach for 1.200000 seconds away from collision
[collision_monitor-23] [INFO] [1790430536.314988639] [collision_monitor]: Robot to continue normal operation
[collision_monitor-23] [INFO] [1790430536.365045715] [collision_monitor]: Robot to approach for 1.200000 seconds away from collision
[collision_monitor-23] [INFO] [1790430536.415087008] [collision_monitor]: Robot to continue normal operation
[collision_monitor-23] [INFO] [1790430536.465081299] [collision_monitor]: Robot to approach for 1.200000 seconds away from collision
[controller_server-15] [WARN] [1790430536.508991805] [controller_server]: RegulatedPurePursuitController detected collision ahead!
[collision_monitor-23] [INFO] [1790430536.515008683] [collision_monitor]: Robot to continue normal operation
[collision_monitor-23] [INFO] [1790430536.655041320] [collision_monitor]: Robot to approach for 1.200000 seconds away from collision
[collision_monitor-23] [INFO] [1790430536.715005122] [collision_monitor]: Robot to continue normal operation
[collision_monitor-23] [INFO] [1790430536.765013241] [collision_monitor]: Robot to approach for 1.200000 seconds away from collision
[collision_monitor-23] [INFO] [1790430536.814989304] [collision_monitor]: Robot to continue normal operation
[collision_monitor-23] [INFO] [1790430536.864998052] [collision_monitor]: Robot to approach for 1.200000 seconds away from collision
[collision_monitor-23] [INFO] [1790430536.915021465] [collision_monitor]: Robot to continue normal operation
[collision_monitor-23] [INFO] [1790430536.965055635] [collision_monitor]: Robot to approach for 1.200000 seconds away from collision
[controller_server-15] [WARN] [1790430537.009006369] [controller_server]: RegulatedPurePursuitController detected collision ahead!
[collision_monitor-23] [INFO] [1790430537.015024923] [collision_monitor]: Robot to continue normal operation
[controller_server-15] [INFO] [1790430537.058726680] [controller_server]: Passing new path to controller.
[controller_server-15] [WARN] [1790430537.059348041] [controller_server]: RegulatedPurePursuitController detected collision ahead!
[controller_server-15] [WARN] [1790430537.108965898] [controller_server]: RegulatedPurePursuitController detected collision ahead!
[controller_server-15] [WARN] [1790430537.258991933] [controller_server]: RegulatedPurePursuitController detected collision ahead!
[controller_server-15] [WARN] [1790430537.308955356] [controller_server]: RegulatedPurePursuitController detected collision ahead!
[collision_monitor-23] [INFO] [1790430537.765039444] [collision_monitor]: Robot to approach for 1.200000 seconds away from collision
[collision_monitor-23] [INFO] [1790430537.815064046] [collision_monitor]: Robot to continue normal operation
[controller_server-15] [INFO] [1790430538.058729281] [controller_server]: Passing new path to controller.
[controller_server-15] [WARN] [1790430538.108954601] [controller_server]: RegulatedPurePursuitController detected collision ahead!
[controller_server-15] [WARN] [1790430538.258967020] [controller_server]: RegulatedPurePursuitController detected collision ahead!
[controller_server-15] [INFO] [1790430539.108724790] [controller_server]: Passing new path to controller.
[controller_server-15] [INFO] [1790430540.108728076] [controller_server]: Passing new path to controller.
[controller_server-15] [WARN] [1790430540.158949779] [controller_server]: RegulatedPurePursuitController detected collision ahead!
[controller_server-15] [WARN] [1790430540.208935449] [controller_server]: RegulatedPurePursuitController detected collision ahead!
[controller_server-15] [WARN] [1790430540.259085317] [controller_server]: RegulatedPurePursuitController detected collision ahead!
[controller_server-15] [WARN] [1790430540.308945047] [controller_server]: RegulatedPurePursuitController detected collision ahead!
[controller_server-15] [WARN] [1790430540.859050264] [controller_server]: RegulatedPurePursuitController detected collision ahead!
[controller_server-15] [WARN] [1790430540.908923677] [controller_server]: RegulatedPurePursuitController detected collision ahead!
[controller_server-15] [WARN] [1790430541.059051738] [controller_server]: RegulatedPurePursuitController detected collision ahead!
[controller_server-15] [WARN] [1790430541.108902044] [controller_server]: RegulatedPurePursuitController detected collision ahead!
[controller_server-15] [INFO] [1790430541.158719119] [controller_server]: Passing new path to controller.
[controller_server-15] [WARN] [1790430541.258964821] [controller_server]: RegulatedPurePursuitController detected collision ahead!
[controller_server-15] [WARN] [1790430541.308914189] [controller_server]: RegulatedPurePursuitController detected collision ahead!
[controller_server-15] [WARN] [1790430541.708919143] [controller_server]: RegulatedPurePursuitController detected collision ahead!
[controller_server-15] [WARN] [1790430541.808900607] [controller_server]: RegulatedPurePursuitController detected collision ahead!
[controller_server-15] [WARN] [1790430541.858946106] [controller_server]: RegulatedPurePursuitController detected collision ahead!
[controller_server-15] [WARN] [1790430541.908899384] [controller_server]: RegulatedPurePursuitController detected collision ahead!
[controller_server-15] [INFO] [1790430542.158728268] [controller_server]: Passing new path to controller.
[collision_monitor-23] [INFO] [1790430542.165022840] [collision_monitor]: Robot to approach for 1.200000 seconds away from collision
[collision_monitor-23] [INFO] [1790430542.315045964] [collision_monitor]: Robot to continue normal operation
[collision_monitor-23] [INFO] [1790430542.354938118] [collision_monitor]: Robot to approach for 1.200000 seconds away from collision
[collision_monitor-23] [INFO] [1790430542.415053188] [collision_monitor]: Robot to continue normal operation
[collision_monitor-23] [INFO] [1790430542.454927611] [collision_monitor]: Robot to approach for 1.200000 seconds away from collision
[collision_monitor-23] [INFO] [1790430542.515024181] [collision_monitor]: Robot to continue normal operation
[collision_monitor-23] [INFO] [1790430542.554948169] [collision_monitor]: Robot to approach for 1.200000 seconds away from collision
[collision_monitor-23] [INFO] [1790430542.615024773] [collision_monitor]: Robot to continue normal operation
[collision_monitor-23] [INFO] [1790430542.655326513] [collision_monitor]: Robot to approach for 1.200000 seconds away from collision
[collision_monitor-23] [INFO] [1790430542.715032277] [collision_monitor]: Robot to continue normal operation
[collision_monitor-23] [INFO] [1790430542.755257503] [collision_monitor]: Robot to approach for 1.200000 seconds away from collision
[collision_monitor-23] [INFO] [1790430542.815047809] [collision_monitor]: Robot to continue normal operation
[collision_monitor-23] [INFO] [1790430542.854994417] [collision_monitor]: Robot to approach for 1.200000 seconds away from collision
[collision_monitor-23] [INFO] [1790430542.915489612] [collision_monitor]: Robot to continue normal operation
[collision_monitor-23] [INFO] [1790430542.964994908] [collision_monitor]: Robot to approach for 1.200000 seconds away from collision
[collision_monitor-23] [INFO] [1790430543.015057809] [collision_monitor]: Robot to continue normal operation
[collision_monitor-23] [INFO] [1790430543.054942340] [collision_monitor]: Robot to approach for 1.200000 seconds away from collision
[collision_monitor-23] [INFO] [1790430543.115037038] [collision_monitor]: Robot to continue normal operation
[controller_server-15] [INFO] [1790430543.208720849] [controller_server]: Passing new path to controller.
[controller_server-15] [INFO] [1790430544.208724751] [controller_server]: Passing new path to controller.
[controller_server-15] [INFO] [1790430545.258729249] [controller_server]: Passing new path to controller.
[controller_server-15] [INFO] [1790430546.258733399] [controller_server]: Passing new path to controller.
[controller_server-15] [INFO] [1790430547.308722911] [controller_server]: Passing new path to controller.
[controller_server-15] [INFO] [1790430547.758769275] [controller_server]: Reached the goal!
[bt_navigator-20] [INFO] [1790430547.788142125] [bt_navigator]: Goal succeeded
[bt_navigator-20] [INFO] [1790430548.789319857] [bt_navigator]: Begin navigating from current location (-2.93, -2.41) to (0.30, 0.00)
[nav_benchmark_runner.py-9] [INFO] [1790430548.790001364] [nav_benchmark_runner]: Goal 'return_to_start' accepted: x=0.30, y=0.00, yaw=0.0000
[controller_server-15] [INFO] [1790430548.810281623] [controller_server]: Received a goal, begin computing control effort.
[controller_server-15] [INFO] [1790430549.860465336] [controller_server]: Passing new path to controller.
[controller_server-15] [INFO] [1790430550.910433140] [controller_server]: Passing new path to controller.
[controller_server-15] [INFO] [1790430551.910442671] [controller_server]: Passing new path to controller.
[controller_server-15] [INFO] [1790430552.960434451] [controller_server]: Passing new path to controller.
[controller_server-15] [INFO] [1790430553.960577976] [controller_server]: Passing new path to controller.
[controller_server-15] [INFO] [1790430555.010492143] [controller_server]: Passing new path to controller.
[collision_monitor-23] [INFO] [1790430555.565166483] [collision_monitor]: Robot to approach for 1.200000 seconds away from collision
[collision_monitor-23] [INFO] [1790430555.625136147] [collision_monitor]: Robot to continue normal operation
[controller_server-15] [WARN] [1790430555.660869132] [controller_server]: RegulatedPurePursuitController detected collision ahead!
[collision_monitor-23] [INFO] [1790430555.665112990] [collision_monitor]: Robot to approach for 1.200000 seconds away from collision
[controller_server-15] [WARN] [1790430555.710927383] [controller_server]: RegulatedPurePursuitController detected collision ahead!
[collision_monitor-23] [INFO] [1790430555.725189258] [collision_monitor]: Robot to continue normal operation
[controller_server-15] [WARN] [1790430555.810815247] [controller_server]: RegulatedPurePursuitController detected collision ahead!
[controller_server-15] [WARN] [1790430555.860801451] [controller_server]: RegulatedPurePursuitController detected collision ahead!
[controller_server-15] [WARN] [1790430555.910807970] [controller_server]: RegulatedPurePursuitController detected collision ahead!
[controller_server-15] [INFO] [1790430556.010437539] [controller_server]: Passing new path to controller.
[controller_server-15] [WARN] [1790430556.060972540] [controller_server]: RegulatedPurePursuitController detected collision ahead!
[controller_server-15] [WARN] [1790430556.110854788] [controller_server]: RegulatedPurePursuitController detected collision ahead!
[collision_monitor-23] [INFO] [1790430556.465071866] [collision_monitor]: Robot to approach for 1.200000 seconds away from collision
[collision_monitor-23] [INFO] [1790430556.525129363] [collision_monitor]: Robot to continue normal operation
[collision_monitor-23] [INFO] [1790430556.564999446] [collision_monitor]: Robot to approach for 1.200000 seconds away from collision
[controller_server-15] [WARN] [1790430556.660812106] [controller_server]: RegulatedPurePursuitController detected collision ahead!
[controller_server-15] [WARN] [1790430556.710762911] [controller_server]: RegulatedPurePursuitController detected collision ahead!
[collision_monitor-23] [INFO] [1790430556.725239202] [collision_monitor]: Robot to continue normal operation
[controller_server-15] [WARN] [1790430556.810833119] [controller_server]: RegulatedPurePursuitController detected collision ahead!
[controller_server-15] [WARN] [1790430556.861118189] [controller_server]: RegulatedPurePursuitController detected collision ahead!
[controller_server-15] [WARN] [1790430556.910971046] [controller_server]: RegulatedPurePursuitController detected collision ahead!
[controller_server-15] [WARN] [1790430556.961089681] [controller_server]: RegulatedPurePursuitController detected collision ahead!
[controller_server-15] [INFO] [1790430557.010427330] [controller_server]: Passing new path to controller.
[controller_server-15] [WARN] [1790430557.011212379] [controller_server]: RegulatedPurePursuitController detected collision ahead!
[controller_server-15] [WARN] [1790430557.060832963] [controller_server]: RegulatedPurePursuitController detected collision ahead!
[controller_server-15] [WARN] [1790430557.110831307] [controller_server]: RegulatedPurePursuitController detected collision ahead!
[controller_server-15] [ERROR] [1790430557.110885831] [controller_server]: Controller patience exceeded
[controller_server-15] [WARN] [1790430557.111032578] [controller_server]: [follow_path] [ActionServer] Aborting handle.
[controller_server-15] [INFO] [1790430557.129966176] [local_costmap.local_costmap]: Received request to clear entirely the local_costmap
[controller_server-15] [INFO] [1790430557.130527543] [controller_server]: Received a goal, begin computing control effort.
[collision_monitor-23] [INFO] [1790430557.525190622] [collision_monitor]: Robot to approach for 1.200000 seconds away from collision
[collision_monitor-23] [INFO] [1790430557.625161687] [collision_monitor]: Robot to continue normal operation
[collision_monitor-23] [INFO] [1790430557.665214453] [collision_monitor]: Robot to approach for 1.200000 seconds away from collision
[controller_server-15] [WARN] [1790430557.780925376] [controller_server]: RegulatedPurePursuitController detected collision ahead!
[collision_monitor-23] [INFO] [1790430557.825172235] [collision_monitor]: Robot to continue normal operation
[controller_server-15] [WARN] [1790430557.831093645] [controller_server]: RegulatedPurePursuitController detected collision ahead!
[controller_server-15] [WARN] [1790430557.880988944] [controller_server]: RegulatedPurePursuitController detected collision ahead!
[controller_server-15] [WARN] [1790430557.930910703] [controller_server]: RegulatedPurePursuitController detected collision ahead!
[controller_server-15] [WARN] [1790430557.980905625] [controller_server]: RegulatedPurePursuitController detected collision ahead!
[controller_server-15] [WARN] [1790430558.030922509] [controller_server]: RegulatedPurePursuitController detected collision ahead!
[controller_server-15] [INFO] [1790430558.080793788] [controller_server]: Passing new path to controller.
[controller_server-15] [WARN] [1790430558.082144534] [controller_server]: RegulatedPurePursuitController detected collision ahead!
[controller_server-15] [ERROR] [1790430558.082204713] [controller_server]: Controller patience exceeded
[controller_server-15] [WARN] [1790430558.082306920] [controller_server]: [follow_path] [ActionServer] Aborting handle.
[controller_server-15] [INFO] [1790430558.110962731] [local_costmap.local_costmap]: Received request to clear entirely the local_costmap
[planner_server-17] [INFO] [1790430558.111725999] [global_costmap.global_costmap]: Received request to clear entirely the global_costmap
[controller_server-15] [INFO] [1790430558.480127189] [controller_server]: Received a goal, begin computing control effort.
[collision_monitor-23] [INFO] [1790430559.015151319] [collision_monitor]: Robot to approach for 1.200000 seconds away from collision
[collision_monitor-23] [INFO] [1790430559.054976877] [collision_monitor]: Robot to continue normal operation
[controller_server-15] [WARN] [1790430559.280527122] [controller_server]: RegulatedPurePursuitController detected collision ahead!
[controller_server-15] [WARN] [1790430559.330523013] [controller_server]: RegulatedPurePursuitController detected collision ahead!
[controller_server-15] [INFO] [1790430559.530278707] [controller_server]: Passing new path to controller.
[collision_monitor-23] [INFO] [1790430559.755080902] [collision_monitor]: Robot to approach for 1.200000 seconds away from collision
[collision_monitor-23] [INFO] [1790430559.815088300] [collision_monitor]: Robot to continue normal operation
[collision_monitor-23] [INFO] [1790430559.855015786] [collision_monitor]: Robot to approach for 1.200000 seconds away from collision
[controller_server-15] [WARN] [1790430559.880537367] [controller_server]: RegulatedPurePursuitController detected collision ahead!
[collision_monitor-23] [INFO] [1790430559.915060186] [collision_monitor]: Robot to continue normal operation
[controller_server-15] [WARN] [1790430560.130681191] [controller_server]: RegulatedPurePursuitController detected collision ahead!
[controller_server-15] [WARN] [1790430560.330545077] [controller_server]: RegulatedPurePursuitController detected collision ahead!
[collision_monitor-23] [INFO] [1790430560.555106289] [collision_monitor]: Robot to approach for 1.200000 seconds away from collision
[controller_server-15] [INFO] [1790430560.580282954] [controller_server]: Passing new path to controller.
[controller_server-15] [WARN] [1790430560.680505181] [controller_server]: RegulatedPurePursuitController detected collision ahead!
[collision_monitor-23] [INFO] [1790430560.715118453] [collision_monitor]: Robot to continue normal operation
[controller_server-15] [WARN] [1790430561.230524806] [controller_server]: RegulatedPurePursuitController detected collision ahead!
[controller_server-15] [WARN] [1790430561.280538071] [controller_server]: RegulatedPurePursuitController detected collision ahead!
[controller_server-15] [WARN] [1790430561.330516429] [controller_server]: RegulatedPurePursuitController detected collision ahead!
[controller_server-15] [WARN] [1790430561.530498628] [controller_server]: RegulatedPurePursuitController detected collision ahead!
[controller_server-15] [INFO] [1790430561.580277389] [controller_server]: Passing new path to controller.
[controller_server-15] [WARN] [1790430561.580800572] [controller_server]: RegulatedPurePursuitController detected collision ahead!
[controller_server-15] [WARN] [1790430561.630499536] [controller_server]: RegulatedPurePursuitController detected collision ahead!
[controller_server-15] [WARN] [1790430561.680530254] [controller_server]: RegulatedPurePursuitController detected collision ahead!
[controller_server-15] [WARN] [1790430561.730739625] [controller_server]: RegulatedPurePursuitController detected collision ahead!
[controller_server-15] [WARN] [1790430561.930705069] [controller_server]: RegulatedPurePursuitController detected collision ahead!
[controller_server-15] [WARN] [1790430561.980737532] [controller_server]: RegulatedPurePursuitController detected collision ahead!
[controller_server-15] [WARN] [1790430562.030507674] [controller_server]: RegulatedPurePursuitController detected collision ahead!
[controller_server-15] [WARN] [1790430562.080521143] [controller_server]: RegulatedPurePursuitController detected collision ahead!
[controller_server-15] [WARN] [1790430562.130496424] [controller_server]: RegulatedPurePursuitController detected collision ahead!
[collision_monitor-23] [INFO] [1790430562.515067584] [collision_monitor]: Robot to approach for 1.200000 seconds away from collision
[controller_server-15] [INFO] [1790430562.630275065] [controller_server]: Passing new path to controller.
[collision_monitor-23] [INFO] [1790430562.655005547] [collision_monitor]: Robot to continue normal operation
[controller_server-15] [WARN] [1790430562.930573488] [controller_server]: RegulatedPurePursuitController detected collision ahead!
[controller_server-15] [WARN] [1790430562.980507509] [controller_server]: RegulatedPurePursuitController detected collision ahead!
[controller_server-15] [WARN] [1790430563.030500212] [controller_server]: RegulatedPurePursuitController detected collision ahead!
[controller_server-15] [WARN] [1790430563.080519680] [controller_server]: RegulatedPurePursuitController detected collision ahead!
[controller_server-15] [WARN] [1790430563.130529862] [controller_server]: RegulatedPurePursuitController detected collision ahead!
[collision_monitor-23] [INFO] [1790430563.515074568] [collision_monitor]: Robot to approach for 1.200000 seconds away from collision
[controller_server-15] [INFO] [1790430563.630274169] [controller_server]: Passing new path to controller.
[collision_monitor-23] [INFO] [1790430563.715134007] [collision_monitor]: Robot to continue normal operation
[controller_server-15] [WARN] [1790430563.880539757] [controller_server]: RegulatedPurePursuitController detected collision ahead!
[controller_server-15] [WARN] [1790430563.930508051] [controller_server]: RegulatedPurePursuitController detected collision ahead!
[collision_monitor-23] [INFO] [1790430564.254902325] [collision_monitor]: Robot to approach for 1.200000 seconds away from collision
[collision_monitor-23] [INFO] [1790430564.315136936] [collision_monitor]: Robot to continue normal operation
[collision_monitor-23] [INFO] [1790430564.355206750] [collision_monitor]: Robot to approach for 1.200000 seconds away from collision
[controller_server-15] [WARN] [1790430564.380513957] [controller_server]: RegulatedPurePursuitController detected collision ahead!
[collision_monitor-23] [INFO] [1790430564.415122451] [collision_monitor]: Robot to continue normal operation
[controller_server-15] [WARN] [1790430564.430754519] [controller_server]: RegulatedPurePursuitController detected collision ahead!
[controller_server-15] [WARN] [1790430564.480601052] [controller_server]: RegulatedPurePursuitController detected collision ahead!
[controller_server-15] [WARN] [1790430564.530521937] [controller_server]: RegulatedPurePursuitController detected collision ahead!
[controller_server-15] [INFO] [1790430564.680274119] [controller_server]: Passing new path to controller.
[controller_server-15] [WARN] [1790430564.730493108] [controller_server]: RegulatedPurePursuitController detected collision ahead!
[collision_monitor-23] [INFO] [1790430564.854921886] [collision_monitor]: Robot to approach for 1.200000 seconds away from collision
[controller_server-15] [WARN] [1790430564.880506743] [controller_server]: RegulatedPurePursuitController detected collision ahead!
[collision_monitor-23] [INFO] [1790430564.915104625] [collision_monitor]: Robot to continue normal operation
[controller_server-15] [WARN] [1790430564.930503724] [controller_server]: RegulatedPurePursuitController detected collision ahead!
[collision_monitor-23] [INFO] [1790430565.055030798] [collision_monitor]: Robot to approach for 1.200000 seconds away from collision
[collision_monitor-23] [INFO] [1790430565.115151619] [collision_monitor]: Robot to continue normal operation
[collision_monitor-23] [INFO] [1790430565.255037690] [collision_monitor]: Robot to approach for 1.200000 seconds away from collision
[controller_server-15] [WARN] [1790430565.280575804] [controller_server]: RegulatedPurePursuitController detected collision ahead!
[collision_monitor-23] [INFO] [1790430565.315207031] [collision_monitor]: Robot to continue normal operation
[controller_server-15] [WARN] [1790430565.330503315] [controller_server]: RegulatedPurePursuitController detected collision ahead!
[controller_server-15] [WARN] [1790430565.530522075] [controller_server]: RegulatedPurePursuitController detected collision ahead!
[collision_monitor-23] [INFO] [1790430565.654973421] [collision_monitor]: Robot to approach for 1.200000 seconds away from collision
[controller_server-15] [INFO] [1790430565.680274098] [controller_server]: Passing new path to controller.
[collision_monitor-23] [INFO] [1790430565.715126845] [collision_monitor]: Robot to continue normal operation
[controller_server-15] [WARN] [1790430565.730715160] [controller_server]: RegulatedPurePursuitController detected collision ahead!
[collision_monitor-23] [INFO] [1790430565.955057482] [collision_monitor]: Robot to approach for 1.200000 seconds away from collision
[collision_monitor-23] [INFO] [1790430566.015116397] [collision_monitor]: Robot to continue normal operation
[controller_server-15] [WARN] [1790430566.130483294] [controller_server]: RegulatedPurePursuitController detected collision ahead!
[collision_monitor-23] [INFO] [1790430566.355114023] [collision_monitor]: Robot to approach for 1.200000 seconds away from collision
[collision_monitor-23] [INFO] [1790430566.415396330] [collision_monitor]: Robot to continue normal operation
[collision_monitor-23] [INFO] [1790430566.455059371] [collision_monitor]: Robot to approach for 1.200000 seconds away from collision
[collision_monitor-23] [INFO] [1790430566.515170145] [collision_monitor]: Robot to continue normal operation
[controller_server-15] [WARN] [1790430566.530658297] [controller_server]: RegulatedPurePursuitController detected collision ahead!
[controller_server-15] [INFO] [1790430566.730274764] [controller_server]: Passing new path to controller.
[controller_server-15] [WARN] [1790430566.930486464] [controller_server]: RegulatedPurePursuitController detected collision ahead!
[controller_server-15] [WARN] [1790430567.130533078] [controller_server]: RegulatedPurePursuitController detected collision ahead!
[controller_server-15] [WARN] [1790430567.330523721] [controller_server]: RegulatedPurePursuitController detected collision ahead!
[collision_monitor-23] [INFO] [1790430567.454955696] [collision_monitor]: Robot to approach for 1.200000 seconds away from collision
[controller_server-15] [WARN] [1790430567.480673506] [controller_server]: RegulatedPurePursuitController detected collision ahead!
[collision_monitor-23] [INFO] [1790430567.515095589] [collision_monitor]: Robot to continue normal operation
[controller_server-15] [WARN] [1790430567.530501659] [controller_server]: RegulatedPurePursuitController detected collision ahead!
[collision_monitor-23] [INFO] [1790430567.654975661] [collision_monitor]: Robot to approach for 1.200000 seconds away from collision
[collision_monitor-23] [INFO] [1790430567.715143689] [collision_monitor]: Robot to continue normal operation
[controller_server-15] [INFO] [1790430567.730283977] [controller_server]: Passing new path to controller.
[collision_monitor-23] [INFO] [1790430567.855001212] [collision_monitor]: Robot to approach for 1.200000 seconds away from collision
[collision_monitor-23] [INFO] [1790430567.915085393] [collision_monitor]: Robot to continue normal operation
[collision_monitor-23] [INFO] [1790430567.955327731] [collision_monitor]: Robot to approach for 1.200000 seconds away from collision
[collision_monitor-23] [INFO] [1790430568.015176378] [collision_monitor]: Robot to continue normal operation
[collision_monitor-23] [INFO] [1790430568.054919177] [collision_monitor]: Robot to approach for 1.200000 seconds away from collision
[controller_server-15] [WARN] [1790430568.080584799] [controller_server]: RegulatedPurePursuitController detected collision ahead!
[collision_monitor-23] [INFO] [1790430568.115097334] [collision_monitor]: Robot to continue normal operation
[controller_server-15] [WARN] [1790430568.130742607] [controller_server]: RegulatedPurePursuitController detected collision ahead!
[controller_server-15] [WARN] [1790430568.730617413] [controller_server]: RegulatedPurePursuitController detected collision ahead!
[controller_server-15] [INFO] [1790430568.780291549] [controller_server]: Passing new path to controller.
[controller_server-15] [WARN] [1790430569.080508379] [controller_server]: RegulatedPurePursuitController detected collision ahead!
[controller_server-15] [WARN] [1790430569.130698992] [controller_server]: RegulatedPurePursuitController detected collision ahead!
[controller_server-15] [WARN] [1790430569.330792975] [controller_server]: RegulatedPurePursuitController detected collision ahead!
[collision_monitor-23] [INFO] [1790430569.555005250] [collision_monitor]: Robot to approach for 1.200000 seconds away from collision
[collision_monitor-23] [INFO] [1790430569.615058375] [collision_monitor]: Robot to continue normal operation
[collision_monitor-23] [INFO] [1790430569.655052485] [collision_monitor]: Robot to approach for 1.200000 seconds away from collision
[collision_monitor-23] [INFO] [1790430569.715076917] [collision_monitor]: Robot to continue normal operation
[controller_server-15] [WARN] [1790430569.730712156] [controller_server]: RegulatedPurePursuitController detected collision ahead!
[controller_server-15] [INFO] [1790430569.780382165] [controller_server]: Passing new path to controller.
[collision_monitor-23] [INFO] [1790430569.855386350] [collision_monitor]: Robot to approach for 1.200000 seconds away from collision
[collision_monitor-23] [INFO] [1790430569.915048934] [collision_monitor]: Robot to continue normal operation
[collision_monitor-23] [INFO] [1790430569.955323628] [collision_monitor]: Robot to approach for 1.200000 seconds away from collision
[collision_monitor-23] [INFO] [1790430570.015122507] [collision_monitor]: Robot to continue normal operation
[collision_monitor-23] [INFO] [1790430570.055009851] [collision_monitor]: Robot to approach for 1.200000 seconds away from collision
[collision_monitor-23] [INFO] [1790430570.115081762] [collision_monitor]: Robot to continue normal operation
[collision_monitor-23] [INFO] [1790430570.255163217] [collision_monitor]: Robot to approach for 1.200000 seconds away from collision
[controller_server-15] [WARN] [1790430570.280504057] [controller_server]: RegulatedPurePursuitController detected collision ahead!
[collision_monitor-23] [INFO] [1790430570.315073508] [collision_monitor]: Robot to continue normal operation
[controller_server-15] [WARN] [1790430570.330823959] [controller_server]: RegulatedPurePursuitController detected collision ahead!
[collision_monitor-23] [INFO] [1790430570.754982741] [collision_monitor]: Robot to approach for 1.200000 seconds away from collision
[controller_server-15] [INFO] [1790430570.780318345] [controller_server]: Passing new path to controller.
[collision_monitor-23] [INFO] [1790430570.815059958] [collision_monitor]: Robot to continue normal operation
[collision_monitor-23] [INFO] [1790430570.855102150] [collision_monitor]: Robot to approach for 1.200000 seconds away from collision
[collision_monitor-23] [INFO] [1790430570.915310688] [collision_monitor]: Robot to continue normal operation
[controller_server-15] [WARN] [1790430570.930718212] [controller_server]: RegulatedPurePursuitController detected collision ahead!
[collision_monitor-23] [INFO] [1790430571.054926270] [collision_monitor]: Robot to approach for 1.200000 seconds away from collision
[collision_monitor-23] [INFO] [1790430571.115127063] [collision_monitor]: Robot to continue normal operation
[controller_server-15] [WARN] [1790430571.130736928] [controller_server]: RegulatedPurePursuitController detected collision ahead!
[collision_monitor-23] [INFO] [1790430571.255049376] [collision_monitor]: Robot to approach for 1.200000 seconds away from collision
[controller_server-15] [WARN] [1790430571.280787561] [controller_server]: RegulatedPurePursuitController detected collision ahead!
[collision_monitor-23] [INFO] [1790430571.315039050] [collision_monitor]: Robot to continue normal operation
[controller_server-15] [WARN] [1790430571.330785612] [controller_server]: RegulatedPurePursuitController detected collision ahead!
[collision_monitor-23] [INFO] [1790430571.555015481] [collision_monitor]: Robot to approach for 1.200000 seconds away from collision
[collision_monitor-23] [INFO] [1790430571.615119790] [collision_monitor]: Robot to continue normal operation
[collision_monitor-23] [INFO] [1790430571.754992465] [collision_monitor]: Robot to approach for 1.200000 seconds away from collision
[collision_monitor-23] [INFO] [1790430571.815091609] [collision_monitor]: Robot to continue normal operation
[controller_server-15] [INFO] [1790430571.830313934] [controller_server]: Passing new path to controller.
[controller_server-15] [WARN] [1790430571.880663850] [controller_server]: RegulatedPurePursuitController detected collision ahead!
[controller_server-15] [WARN] [1790430571.930644028] [controller_server]: RegulatedPurePursuitController detected collision ahead!
[collision_monitor-23] [INFO] [1790430572.355840032] [collision_monitor]: Robot to approach for 1.200000 seconds away from collision
[collision_monitor-23] [INFO] [1790430572.415110274] [collision_monitor]: Robot to continue normal operation
[controller_server-15] [WARN] [1790430572.530609289] [controller_server]: RegulatedPurePursuitController detected collision ahead!
[controller_server-15] [INFO] [1790430572.830286525] [controller_server]: Passing new path to controller.
[controller_server-15] [WARN] [1790430572.831189854] [controller_server]: RegulatedPurePursuitController detected collision ahead!
[controller_server-15] [WARN] [1790430572.880579394] [controller_server]: RegulatedPurePursuitController detected collision ahead!
[controller_server-15] [WARN] [1790430572.930594263] [controller_server]: RegulatedPurePursuitController detected collision ahead!
[collision_monitor-23] [INFO] [1790430573.455195745] [collision_monitor]: Robot to approach for 1.200000 seconds away from collision
[collision_monitor-23] [INFO] [1790430573.515071072] [collision_monitor]: Robot to continue normal operation
[controller_server-15] [WARN] [1790430573.530534644] [controller_server]: RegulatedPurePursuitController detected collision ahead!
[collision_monitor-23] [INFO] [1790430573.655132942] [collision_monitor]: Robot to approach for 1.200000 seconds away from collision
[collision_monitor-23] [INFO] [1790430573.715054905] [collision_monitor]: Robot to continue normal operation
[controller_server-15] [INFO] [1790430573.880281846] [controller_server]: Passing new path to controller.
[collision_monitor-23] [INFO] [1790430574.055088806] [collision_monitor]: Robot to approach for 1.200000 seconds away from collision
[collision_monitor-23] [INFO] [1790430574.115292126] [collision_monitor]: Robot to continue normal operation
[controller_server-15] [WARN] [1790430574.130518418] [controller_server]: RegulatedPurePursuitController detected collision ahead!
[controller_server-15] [INFO] [1790430574.880279936] [controller_server]: Passing new path to controller.
[controller_server-15] [INFO] [1790430575.930278946] [controller_server]: Passing new path to controller.
[controller_server-15] [INFO] [1790430576.930253715] [controller_server]: Passing new path to controller.
[controller_server-15] [INFO] [1790430577.980286275] [controller_server]: Passing new path to controller.
[controller_server-15] [INFO] [1790430578.980280358] [controller_server]: Passing new path to controller.
[controller_server-15] [INFO] [1790430579.880320108] [controller_server]: Reached the goal!
[bt_navigator-20] [INFO] [1790430579.909707708] [bt_navigator]: Goal succeeded
[nav_benchmark_runner.py-9] [INFO] [1790430580.917311243] [nav_benchmark_runner]: Saved trial 3 (south_west_corridor): SUCCEEDED, error=0.075 m
[bt_navigator-20] [INFO] [1790430580.918261846] [bt_navigator]: Begin navigating from current location (0.26, -0.11) to (-2.50, 2.00)
[nav_benchmark_runner.py-9] [INFO] [1790430580.919130485] [nav_benchmark_runner]: Goal 'north_west_turn' accepted: x=-2.50, y=2.00, yaw=1.5708
[controller_server-15] [INFO] [1790430580.939044067] [controller_server]: Received a goal, begin computing control effort.
[controller_server-15] [INFO] [1790430581.989181256] [controller_server]: Passing new path to controller.
[controller_server-15] [INFO] [1790430582.989184478] [controller_server]: Passing new path to controller.
[controller_server-15] [INFO] [1790430584.039179267] [controller_server]: Passing new path to controller.
[controller_server-15] [INFO] [1790430585.039185269] [controller_server]: Passing new path to controller.
[collision_monitor-23] [INFO] [1790430585.054954159] [collision_monitor]: Robot to approach for 1.200000 seconds away from collision
[controller_server-15] [WARN] [1790430585.089570875] [controller_server]: RegulatedPurePursuitController detected collision ahead!
[collision_monitor-23] [INFO] [1790430585.115087343] [collision_monitor]: Robot to continue normal operation
[controller_server-15] [WARN] [1790430585.139474475] [controller_server]: RegulatedPurePursuitController detected collision ahead!
[collision_monitor-23] [INFO] [1790430585.354934281] [collision_monitor]: Robot to approach for 1.200000 seconds away from collision
[collision_monitor-23] [INFO] [1790430585.415005887] [collision_monitor]: Robot to continue normal operation
[collision_monitor-23] [INFO] [1790430585.454905057] [collision_monitor]: Robot to approach for 1.200000 seconds away from collision
[collision_monitor-23] [INFO] [1790430585.525215953] [collision_monitor]: Robot to continue normal operation
[controller_server-15] [WARN] [1790430585.539550133] [controller_server]: RegulatedPurePursuitController detected collision ahead!
[collision_monitor-23] [INFO] [1790430585.608425342] [collision_monitor]: Robot to approach for 1.200000 seconds away from collision
[controller_server-15] [WARN] [1790430585.689684572] [controller_server]: RegulatedPurePursuitController detected collision ahead!
[collision_monitor-23] [INFO] [1790430585.715097364] [collision_monitor]: Robot to continue normal operation
[controller_server-15] [WARN] [1790430585.739497900] [controller_server]: RegulatedPurePursuitController detected collision ahead!
[controller_server-15] [WARN] [1790430585.889653214] [controller_server]: RegulatedPurePursuitController detected collision ahead!
[controller_server-15] [WARN] [1790430585.939590605] [controller_server]: RegulatedPurePursuitController detected collision ahead!
[controller_server-15] [WARN] [1790430586.039582442] [controller_server]: RegulatedPurePursuitController detected collision ahead!
[controller_server-15] [INFO] [1790430586.089145609] [controller_server]: Passing new path to controller.
[controller_server-15] [WARN] [1790430586.089646955] [controller_server]: RegulatedPurePursuitController detected collision ahead!
[controller_server-15] [WARN] [1790430586.139403651] [controller_server]: RegulatedPurePursuitController detected collision ahead!
[controller_server-15] [WARN] [1790430586.289445412] [controller_server]: RegulatedPurePursuitController detected collision ahead!
[controller_server-15] [WARN] [1790430586.339515580] [controller_server]: RegulatedPurePursuitController detected collision ahead!
[controller_server-15] [WARN] [1790430586.639441109] [controller_server]: RegulatedPurePursuitController detected collision ahead!
[controller_server-15] [WARN] [1790430586.689501503] [controller_server]: RegulatedPurePursuitController detected collision ahead!
[controller_server-15] [WARN] [1790430586.739415354] [controller_server]: RegulatedPurePursuitController detected collision ahead!
[controller_server-15] [WARN] [1790430586.839414314] [controller_server]: RegulatedPurePursuitController detected collision ahead!
[controller_server-15] [WARN] [1790430586.889520158] [controller_server]: RegulatedPurePursuitController detected collision ahead!
[controller_server-15] [WARN] [1790430586.939449229] [controller_server]: RegulatedPurePursuitController detected collision ahead!
[controller_server-15] [WARN] [1790430586.989471923] [controller_server]: RegulatedPurePursuitController detected collision ahead!
[controller_server-15] [WARN] [1790430587.039424777] [controller_server]: RegulatedPurePursuitController detected collision ahead!
[controller_server-15] [INFO] [1790430587.089194517] [controller_server]: Passing new path to controller.
[collision_monitor-23] [INFO] [1790430587.415074110] [collision_monitor]: Robot to approach for 1.200000 seconds away from collision
[controller_server-15] [WARN] [1790430587.439398255] [controller_server]: RegulatedPurePursuitController detected collision ahead!
[collision_monitor-23] [INFO] [1790430587.454904536] [collision_monitor]: Robot to continue normal operation
[controller_server-15] [WARN] [1790430587.489439579] [controller_server]: RegulatedPurePursuitController detected collision ahead!
[controller_server-15] [WARN] [1790430587.539438524] [controller_server]: RegulatedPurePursuitController detected collision ahead!
[collision_monitor-23] [INFO] [1790430587.715060520] [collision_monitor]: Robot to approach for 1.200000 seconds away from collision
[controller_server-15] [WARN] [1790430587.739425856] [controller_server]: RegulatedPurePursuitController detected collision ahead!
[collision_monitor-23] [INFO] [1790430587.754880543] [collision_monitor]: Robot to continue normal operation
[controller_server-15] [WARN] [1790430587.789462153] [controller_server]: RegulatedPurePursuitController detected collision ahead!
[controller_server-15] [WARN] [1790430587.839413972] [controller_server]: RegulatedPurePursuitController detected collision ahead!
[controller_server-15] [WARN] [1790430587.889404260] [controller_server]: RegulatedPurePursuitController detected collision ahead!
[controller_server-15] [WARN] [1790430587.939427431] [controller_server]: RegulatedPurePursuitController detected collision ahead!
[controller_server-15] [WARN] [1790430587.989441317] [controller_server]: RegulatedPurePursuitController detected collision ahead!
[controller_server-15] [INFO] [1790430588.139184602] [controller_server]: Passing new path to controller.
[controller_server-15] [WARN] [1790430588.139549390] [controller_server]: RegulatedPurePursuitController detected collision ahead!
[collision_monitor-23] [INFO] [1790430588.654860151] [collision_monitor]: Robot to approach for 1.200000 seconds away from collision
[collision_monitor-23] [INFO] [1790430588.715071321] [collision_monitor]: Robot to continue normal operation
[controller_server-15] [WARN] [1790430588.739434661] [controller_server]: RegulatedPurePursuitController detected collision ahead!
[collision_monitor-23] [INFO] [1790430588.854907200] [collision_monitor]: Robot to approach for 1.200000 seconds away from collision
[collision_monitor-23] [INFO] [1790430588.915062517] [collision_monitor]: Robot to continue normal operation
[controller_server-15] [WARN] [1790430588.939552433] [controller_server]: RegulatedPurePursuitController detected collision ahead!
[controller_server-15] [WARN] [1790430589.039408201] [controller_server]: RegulatedPurePursuitController detected collision ahead!
[controller_server-15] [WARN] [1790430589.089456901] [controller_server]: RegulatedPurePursuitController detected collision ahead!
[controller_server-15] [INFO] [1790430589.139189615] [controller_server]: Passing new path to controller.
[controller_server-15] [WARN] [1790430589.139601529] [controller_server]: RegulatedPurePursuitController detected collision ahead!
[controller_server-15] [WARN] [1790430589.339445296] [controller_server]: RegulatedPurePursuitController detected collision ahead!
[collision_monitor-23] [INFO] [1790430589.454900515] [collision_monitor]: Robot to approach for 1.200000 seconds away from collision
[collision_monitor-23] [INFO] [1790430589.515068678] [collision_monitor]: Robot to continue normal operation
[controller_server-15] [WARN] [1790430589.639409644] [controller_server]: RegulatedPurePursuitController detected collision ahead!
[controller_server-15] [WARN] [1790430589.689513220] [controller_server]: RegulatedPurePursuitController detected collision ahead!
[controller_server-15] [WARN] [1790430589.739410908] [controller_server]: RegulatedPurePursuitController detected collision ahead!
[controller_server-15] [WARN] [1790430589.839457274] [controller_server]: RegulatedPurePursuitController detected collision ahead!
[controller_server-15] [WARN] [1790430589.889504299] [controller_server]: RegulatedPurePursuitController detected collision ahead!
[controller_server-15] [WARN] [1790430589.939449742] [controller_server]: RegulatedPurePursuitController detected collision ahead!
[controller_server-15] [INFO] [1790430590.189180733] [controller_server]: Passing new path to controller.
[controller_server-15] [WARN] [1790430590.539462558] [controller_server]: RegulatedPurePursuitController detected collision ahead!
[controller_server-15] [WARN] [1790430590.639456957] [controller_server]: RegulatedPurePursuitController detected collision ahead!
[controller_server-15] [WARN] [1790430590.689483234] [controller_server]: RegulatedPurePursuitController detected collision ahead!
[controller_server-15] [WARN] [1790430590.739440115] [controller_server]: RegulatedPurePursuitController detected collision ahead!
[controller_server-15] [WARN] [1790430590.839407634] [controller_server]: RegulatedPurePursuitController detected collision ahead!
[controller_server-15] [WARN] [1790430590.889434051] [controller_server]: RegulatedPurePursuitController detected collision ahead!
[controller_server-15] [WARN] [1790430590.939408945] [controller_server]: RegulatedPurePursuitController detected collision ahead!
[controller_server-15] [INFO] [1790430591.189280765] [controller_server]: Passing new path to controller.
[controller_server-15] [WARN] [1790430591.489502029] [controller_server]: RegulatedPurePursuitController detected collision ahead!
[controller_server-15] [WARN] [1790430591.539597273] [controller_server]: RegulatedPurePursuitController detected collision ahead!
[controller_server-15] [WARN] [1790430591.589439364] [controller_server]: RegulatedPurePursuitController detected collision ahead!
[controller_server-15] [WARN] [1790430591.839458706] [controller_server]: RegulatedPurePursuitController detected collision ahead!
[controller_server-15] [WARN] [1790430591.889491324] [controller_server]: RegulatedPurePursuitController detected collision ahead!
[controller_server-15] [WARN] [1790430591.939432973] [controller_server]: RegulatedPurePursuitController detected collision ahead!
[controller_server-15] [WARN] [1790430592.139415876] [controller_server]: RegulatedPurePursuitController detected collision ahead!
[controller_server-15] [WARN] [1790430592.189483739] [controller_server]: RegulatedPurePursuitController detected collision ahead!
[controller_server-15] [INFO] [1790430592.239182694] [controller_server]: Passing new path to controller.
[controller_server-15] [WARN] [1790430592.239564728] [controller_server]: RegulatedPurePursuitController detected collision ahead!
[controller_server-15] [WARN] [1790430592.289429287] [controller_server]: RegulatedPurePursuitController detected collision ahead!
[controller_server-15] [WARN] [1790430592.339402270] [controller_server]: RegulatedPurePursuitController detected collision ahead!
[controller_server-15] [WARN] [1790430592.389484935] [controller_server]: RegulatedPurePursuitController detected collision ahead!
[controller_server-15] [WARN] [1790430592.439439068] [controller_server]: RegulatedPurePursuitController detected collision ahead!
[controller_server-15] [ERROR] [1790430592.439519705] [controller_server]: Controller patience exceeded
[controller_server-15] [WARN] [1790430592.439585053] [controller_server]: [follow_path] [ActionServer] Aborting handle.
[controller_server-15] [INFO] [1790430592.458911133] [local_costmap.local_costmap]: Received request to clear entirely the local_costmap
[controller_server-15] [INFO] [1790430592.459696355] [controller_server]: Received a goal, begin computing control effort.
[controller_server-15] [WARN] [1790430592.550429386] [controller_server]: Control loop missed its desired rate of 20.0000 Hz. Current loop rate is 11.1111 Hz.
[controller_server-15] [WARN] [1790430592.650986942] [controller_server]: RegulatedPurePursuitController detected collision ahead!
[controller_server-15] [WARN] [1790430592.700857644] [controller_server]: RegulatedPurePursuitController detected collision ahead!
[controller_server-15] [WARN] [1790430592.750888854] [controller_server]: RegulatedPurePursuitController detected collision ahead!
[controller_server-15] [WARN] [1790430592.800860232] [controller_server]: RegulatedPurePursuitController detected collision ahead!
[collision_monitor-23] [INFO] [1790430593.215046849] [collision_monitor]: Robot to approach for 1.200000 seconds away from collision
[controller_server-15] [INFO] [1790430593.250579735] [controller_server]: Passing new path to controller.
[controller_server-15] [WARN] [1790430593.300982354] [controller_server]: RegulatedPurePursuitController detected collision ahead!
[collision_monitor-23] [INFO] [1790430593.354911320] [collision_monitor]: Robot to continue normal operation
[controller_server-15] [WARN] [1790430593.600875193] [controller_server]: RegulatedPurePursuitController detected collision ahead!
[controller_server-15] [WARN] [1790430593.851068810] [controller_server]: RegulatedPurePursuitController detected collision ahead!
[controller_server-15] [WARN] [1790430593.900904732] [controller_server]: RegulatedPurePursuitController detected collision ahead!
[controller_server-15] [WARN] [1790430594.000888164] [controller_server]: RegulatedPurePursuitController detected collision ahead!
[controller_server-15] [INFO] [1790430594.250648507] [controller_server]: Passing new path to controller.
[controller_server-15] [WARN] [1790430594.300968522] [controller_server]: RegulatedPurePursuitController detected collision ahead!
[controller_server-15] [WARN] [1790430594.400961982] [controller_server]: RegulatedPurePursuitController detected collision ahead!
[controller_server-15] [WARN] [1790430594.700816344] [controller_server]: RegulatedPurePursuitController detected collision ahead!
[controller_server-15] [WARN] [1790430595.101008823] [controller_server]: RegulatedPurePursuitController detected collision ahead!
[controller_server-15] [INFO] [1790430595.300577002] [controller_server]: Passing new path to controller.
[controller_server-15] [WARN] [1790430595.450870331] [controller_server]: RegulatedPurePursuitController detected collision ahead!
[controller_server-15] [WARN] [1790430595.500936759] [controller_server]: RegulatedPurePursuitController detected collision ahead!
[collision_monitor-23] [INFO] [1790430596.154913615] [collision_monitor]: Robot to approach for 1.200000 seconds away from collision
[controller_server-15] [WARN] [1790430596.200910361] [controller_server]: RegulatedPurePursuitController detected collision ahead!
[collision_monitor-23] [INFO] [1790430596.215056777] [collision_monitor]: Robot to continue normal operation
[controller_server-15] [WARN] [1790430596.250979219] [controller_server]: RegulatedPurePursuitController detected collision ahead!
[controller_server-15] [INFO] [1790430596.300578493] [controller_server]: Passing new path to controller.
[controller_server-15] [INFO] [1790430597.350577489] [controller_server]: Passing new path to controller.
[collision_monitor-23] [INFO] [1790430597.754897994] [collision_monitor]: Robot to approach for 1.200000 seconds away from collision
[controller_server-15] [WARN] [1790430597.800942057] [controller_server]: RegulatedPurePursuitController detected collision ahead!
[collision_monitor-23] [INFO] [1790430597.815058049] [collision_monitor]: Robot to continue normal operation
[controller_server-15] [WARN] [1790430597.850917837] [controller_server]: RegulatedPurePursuitController detected collision ahead!
[controller_server-15] [WARN] [1790430597.900875046] [controller_server]: RegulatedPurePursuitController detected collision ahead!
[controller_server-15] [WARN] [1790430598.000847691] [controller_server]: RegulatedPurePursuitController detected collision ahead!
[controller_server-15] [WARN] [1790430598.050874212] [controller_server]: RegulatedPurePursuitController detected collision ahead!
[controller_server-15] [WARN] [1790430598.100851864] [controller_server]: RegulatedPurePursuitController detected collision ahead!
[controller_server-15] [INFO] [1790430598.350584289] [controller_server]: Passing new path to controller.
[collision_monitor-23] [INFO] [1790430598.554883146] [collision_monitor]: Robot to approach for 1.200000 seconds away from collision
[collision_monitor-23] [INFO] [1790430598.615029724] [collision_monitor]: Robot to continue normal operation
[controller_server-15] [WARN] [1790430598.650779172] [controller_server]: RegulatedPurePursuitController detected collision ahead!
[controller_server-15] [WARN] [1790430598.700826151] [controller_server]: RegulatedPurePursuitController detected collision ahead!
[collision_monitor-23] [INFO] [1790430598.854912634] [collision_monitor]: Robot to approach for 1.200000 seconds away from collision
[controller_server-15] [WARN] [1790430598.900861658] [controller_server]: RegulatedPurePursuitController detected collision ahead!
[collision_monitor-23] [INFO] [1790430598.915083857] [collision_monitor]: Robot to continue normal operation
[collision_monitor-23] [INFO] [1790430599.054928582] [collision_monitor]: Robot to approach for 1.200000 seconds away from collision
[collision_monitor-23] [INFO] [1790430599.115046882] [collision_monitor]: Robot to continue normal operation
[collision_monitor-23] [INFO] [1790430599.254892680] [collision_monitor]: Robot to approach for 1.200000 seconds away from collision
[collision_monitor-23] [INFO] [1790430599.315078283] [collision_monitor]: Robot to continue normal operation
[controller_server-15] [WARN] [1790430599.350758862] [controller_server]: RegulatedPurePursuitController detected collision ahead!
[collision_monitor-23] [INFO] [1790430599.354915188] [collision_monitor]: Robot to approach for 1.200000 seconds away from collision
[controller_server-15] [INFO] [1790430599.400577946] [controller_server]: Passing new path to controller.
[collision_monitor-23] [INFO] [1790430599.415046892] [collision_monitor]: Robot to continue normal operation
[controller_server-15] [WARN] [1790430599.500818770] [controller_server]: RegulatedPurePursuitController detected collision ahead!
[controller_server-15] [WARN] [1790430599.600829688] [controller_server]: RegulatedPurePursuitController detected collision ahead!
[controller_server-15] [WARN] [1790430599.650770462] [controller_server]: RegulatedPurePursuitController detected collision ahead!
[controller_server-15] [WARN] [1790430599.700817567] [controller_server]: RegulatedPurePursuitController detected collision ahead!
[controller_server-15] [WARN] [1790430599.850777288] [controller_server]: RegulatedPurePursuitController detected collision ahead!
[controller_server-15] [WARN] [1790430599.900775800] [controller_server]: RegulatedPurePursuitController detected collision ahead!
[controller_server-15] [INFO] [1790430600.400568186] [controller_server]: Passing new path to controller.
[controller_server-15] [WARN] [1790430600.450726634] [controller_server]: RegulatedPurePursuitController detected collision ahead!
[controller_server-15] [WARN] [1790430600.500808284] [controller_server]: RegulatedPurePursuitController detected collision ahead!
[controller_server-15] [WARN] [1790430600.600768626] [controller_server]: RegulatedPurePursuitController detected collision ahead!
[controller_server-15] [WARN] [1790430600.650733752] [controller_server]: RegulatedPurePursuitController detected collision ahead!
[controller_server-15] [WARN] [1790430600.700786917] [controller_server]: RegulatedPurePursuitController detected collision ahead!
[controller_server-15] [WARN] [1790430600.900768761] [controller_server]: RegulatedPurePursuitController detected collision ahead!
[controller_server-15] [WARN] [1790430601.200737769] [controller_server]: RegulatedPurePursuitController detected collision ahead!
[controller_server-15] [WARN] [1790430601.250749936] [controller_server]: RegulatedPurePursuitController detected collision ahead!
[controller_server-15] [WARN] [1790430601.300770761] [controller_server]: RegulatedPurePursuitController detected collision ahead!
[controller_server-15] [INFO] [1790430601.450570795] [controller_server]: Passing new path to controller.
[controller_server-15] [WARN] [1790430601.450892162] [controller_server]: RegulatedPurePursuitController detected collision ahead!
[controller_server-15] [WARN] [1790430601.500833954] [controller_server]: RegulatedPurePursuitController detected collision ahead!
[controller_server-15] [INFO] [1790430602.450566657] [controller_server]: Passing new path to controller.
[controller_server-15] [INFO] [1790430603.500568708] [controller_server]: Passing new path to controller.
[controller_server-15] [INFO] [1790430604.500570173] [controller_server]: Passing new path to controller.
[controller_server-15] [INFO] [1790430605.550564453] [controller_server]: Passing new path to controller.
[controller_server-15] [INFO] [1790430606.550568573] [controller_server]: Passing new path to controller.
[controller_server-15] [INFO] [1790430607.600566164] [controller_server]: Passing new path to controller.
[controller_server-15] [INFO] [1790430607.850679888] [controller_server]: Reached the goal!
[bt_navigator-20] [INFO] [1790430607.878669707] [bt_navigator]: Goal succeeded
[bt_navigator-20] [INFO] [1790430608.879753626] [bt_navigator]: Begin navigating from current location (-2.37, 2.12) to (0.30, 0.00)
[nav_benchmark_runner.py-9] [INFO] [1790430608.880597369] [nav_benchmark_runner]: Goal 'return_to_start' accepted: x=0.30, y=0.00, yaw=0.0000
[controller_server-15] [INFO] [1790430608.900506069] [controller_server]: Received a goal, begin computing control effort.
[controller_server-15] [INFO] [1790430609.950654240] [controller_server]: Passing new path to controller.
[controller_server-15] [INFO] [1790430610.950617786] [controller_server]: Passing new path to controller.
[controller_server-15] [INFO] [1790430612.000653893] [controller_server]: Passing new path to controller.
[controller_server-15] [INFO] [1790430613.000658644] [controller_server]: Passing new path to controller.
[controller_server-15] [WARN] [1790430613.500908564] [controller_server]: RegulatedPurePursuitController detected collision ahead!
[controller_server-15] [WARN] [1790430613.550904833] [controller_server]: RegulatedPurePursuitController detected collision ahead!
[controller_server-15] [WARN] [1790430613.601112929] [controller_server]: RegulatedPurePursuitController detected collision ahead!
[controller_server-15] [WARN] [1790430613.650903026] [controller_server]: RegulatedPurePursuitController detected collision ahead!
[controller_server-15] [WARN] [1790430613.701129275] [controller_server]: RegulatedPurePursuitController detected collision ahead!
[controller_server-15] [WARN] [1790430613.801066866] [controller_server]: RegulatedPurePursuitController detected collision ahead!
[controller_server-15] [WARN] [1790430613.850909885] [controller_server]: RegulatedPurePursuitController detected collision ahead!
[controller_server-15] [WARN] [1790430613.900871385] [controller_server]: RegulatedPurePursuitController detected collision ahead!
[controller_server-15] [INFO] [1790430614.050656027] [controller_server]: Passing new path to controller.
[collision_monitor-23] [INFO] [1790430614.315174890] [collision_monitor]: Robot to approach for 1.200000 seconds away from collision
[collision_monitor-23] [INFO] [1790430614.354956517] [collision_monitor]: Robot to continue normal operation
[collision_monitor-23] [INFO] [1790430614.415087731] [collision_monitor]: Robot to approach for 1.200000 seconds away from collision
[collision_monitor-23] [INFO] [1790430614.515047001] [collision_monitor]: Robot to continue normal operation
[collision_monitor-23] [INFO] [1790430614.554915273] [collision_monitor]: Robot to approach for 1.200000 seconds away from collision
[controller_server-15] [WARN] [1790430614.700910100] [controller_server]: RegulatedPurePursuitController detected collision ahead!
[collision_monitor-23] [INFO] [1790430614.715034661] [collision_monitor]: Robot to continue normal operation
[controller_server-15] [WARN] [1790430614.800902743] [controller_server]: RegulatedPurePursuitController detected collision ahead!
[collision_monitor-23] [INFO] [1790430614.815168267] [collision_monitor]: Robot to approach for 1.200000 seconds away from collision
[controller_server-15] [WARN] [1790430614.850910864] [controller_server]: RegulatedPurePursuitController detected collision ahead!
[collision_monitor-23] [INFO] [1790430614.854969932] [collision_monitor]: Robot to continue normal operation
[controller_server-15] [WARN] [1790430614.900893571] [controller_server]: RegulatedPurePursuitController detected collision ahead!
[controller_server-15] [INFO] [1790430615.050659729] [controller_server]: Passing new path to controller.
[controller_server-15] [WARN] [1790430615.051011681] [controller_server]: RegulatedPurePursuitController detected collision ahead!
[controller_server-15] [WARN] [1790430615.100865626] [controller_server]: RegulatedPurePursuitController detected collision ahead!
[controller_server-15] [WARN] [1790430615.250871924] [controller_server]: RegulatedPurePursuitController detected collision ahead!
[controller_server-15] [WARN] [1790430615.300883239] [controller_server]: RegulatedPurePursuitController detected collision ahead!
[controller_server-15] [WARN] [1790430615.700895842] [controller_server]: RegulatedPurePursuitController detected collision ahead!
[collision_monitor-23] [INFO] [1790430615.715047368] [collision_monitor]: Robot to approach for 1.200000 seconds away from collision
[collision_monitor-23] [INFO] [1790430615.754956036] [collision_monitor]: Robot to continue normal operation
[controller_server-15] [WARN] [1790430615.800873230] [controller_server]: RegulatedPurePursuitController detected collision ahead!
[collision_monitor-23] [INFO] [1790430615.815049052] [collision_monitor]: Robot to approach for 1.200000 seconds away from collision
[controller_server-15] [WARN] [1790430615.850876376] [controller_server]: RegulatedPurePursuitController detected collision ahead!
[collision_monitor-23] [INFO] [1790430615.854914084] [collision_monitor]: Robot to continue normal operation
[controller_server-15] [WARN] [1790430615.900916387] [controller_server]: RegulatedPurePursuitController detected collision ahead!
[controller_server-15] [INFO] [1790430616.100655530] [controller_server]: Passing new path to controller.
[controller_server-15] [WARN] [1790430616.101065641] [controller_server]: RegulatedPurePursuitController detected collision ahead!
[collision_monitor-23] [INFO] [1790430616.115175639] [collision_monitor]: Robot to approach for 1.200000 seconds away from collision
[collision_monitor-23] [INFO] [1790430616.154938918] [collision_monitor]: Robot to continue normal operation
[collision_monitor-23] [INFO] [1790430616.215031090] [collision_monitor]: Robot to approach for 1.200000 seconds away from collision
[collision_monitor-23] [INFO] [1790430616.254930723] [collision_monitor]: Robot to continue normal operation
[controller_server-15] [WARN] [1790430616.300884201] [controller_server]: RegulatedPurePursuitController detected collision ahead!
[collision_monitor-23] [INFO] [1790430616.315078750] [collision_monitor]: Robot to approach for 1.200000 seconds away from collision
[collision_monitor-23] [INFO] [1790430616.354954296] [collision_monitor]: Robot to continue normal operation
[collision_monitor-23] [INFO] [1790430616.415086194] [collision_monitor]: Robot to approach for 1.200000 seconds away from collision
[controller_server-15] [WARN] [1790430616.450908179] [controller_server]: RegulatedPurePursuitController detected collision ahead!
[collision_monitor-23] [INFO] [1790430616.454939677] [collision_monitor]: Robot to continue normal operation
[controller_server-15] [WARN] [1790430616.500885476] [controller_server]: RegulatedPurePursuitController detected collision ahead!
[controller_server-15] [WARN] [1790430616.701422742] [controller_server]: RegulatedPurePursuitController detected collision ahead!
[collision_monitor-23] [INFO] [1790430616.706355660] [collision_monitor]: Robot to approach for 1.200000 seconds away from collision
[collision_monitor-23] [INFO] [1790430616.765051542] [collision_monitor]: Robot to continue normal operation
[collision_monitor-23] [INFO] [1790430616.804979522] [collision_monitor]: Robot to approach for 1.200000 seconds away from collision
[collision_monitor-23] [INFO] [1790430616.864991822] [collision_monitor]: Robot to continue normal operation
[controller_server-15] [WARN] [1790430616.901529162] [controller_server]: RegulatedPurePursuitController detected collision ahead!
[collision_monitor-23] [INFO] [1790430616.904971327] [collision_monitor]: Robot to approach for 1.200000 seconds away from collision
[collision_monitor-23] [INFO] [1790430616.964998498] [collision_monitor]: Robot to continue normal operation
[controller_server-15] [WARN] [1790430617.000925839] [controller_server]: RegulatedPurePursuitController detected collision ahead!
[collision_monitor-23] [INFO] [1790430617.004950220] [collision_monitor]: Robot to approach for 1.200000 seconds away from collision
[controller_server-15] [WARN] [1790430617.050879310] [controller_server]: RegulatedPurePursuitController detected collision ahead!
[collision_monitor-23] [INFO] [1790430617.065025349] [collision_monitor]: Robot to continue normal operation
[controller_server-15] [INFO] [1790430617.100675550] [controller_server]: Passing new path to controller.
[controller_server-15] [WARN] [1790430617.101114147] [controller_server]: RegulatedPurePursuitController detected collision ahead!
[controller_server-15] [WARN] [1790430617.300899333] [controller_server]: RegulatedPurePursuitController detected collision ahead!
[collision_monitor-23] [INFO] [1790430617.304945846] [collision_monitor]: Robot to approach for 1.200000 seconds away from collision
[collision_monitor-23] [INFO] [1790430617.365047157] [collision_monitor]: Robot to continue normal operation
[collision_monitor-23] [INFO] [1790430617.405033755] [collision_monitor]: Robot to approach for 1.200000 seconds away from collision
[collision_monitor-23] [INFO] [1790430617.465174722] [collision_monitor]: Robot to continue normal operation
[collision_monitor-23] [INFO] [1790430617.505034252] [collision_monitor]: Robot to approach for 1.200000 seconds away from collision
[collision_monitor-23] [INFO] [1790430617.565036281] [collision_monitor]: Robot to continue normal operation
[collision_monitor-23] [INFO] [1790430617.604963674] [collision_monitor]: Robot to approach for 1.200000 seconds away from collision
[collision_monitor-23] [INFO] [1790430617.664994538] [collision_monitor]: Robot to continue normal operation
[collision_monitor-23] [INFO] [1790430617.704963193] [collision_monitor]: Robot to approach for 1.200000 seconds away from collision
[collision_monitor-23] [INFO] [1790430617.765051029] [collision_monitor]: Robot to continue normal operation
[collision_monitor-23] [INFO] [1790430617.805018846] [collision_monitor]: Robot to approach for 1.200000 seconds away from collision
[controller_server-15] [WARN] [1790430617.850869949] [controller_server]: RegulatedPurePursuitController detected collision ahead!
[collision_monitor-23] [INFO] [1790430617.864986665] [collision_monitor]: Robot to continue normal operation
[controller_server-15] [WARN] [1790430617.900970665] [controller_server]: RegulatedPurePursuitController detected collision ahead!
[controller_server-15] [WARN] [1790430618.050952122] [controller_server]: RegulatedPurePursuitController detected collision ahead!
[controller_server-15] [INFO] [1790430618.100655346] [controller_server]: Passing new path to controller.
[controller_server-15] [WARN] [1790430618.101059733] [controller_server]: RegulatedPurePursuitController detected collision ahead!
[controller_server-15] [WARN] [1790430618.300884433] [controller_server]: RegulatedPurePursuitController detected collision ahead!
[collision_monitor-23] [INFO] [1790430618.304984850] [collision_monitor]: Robot to approach for 1.200000 seconds away from collision
[collision_monitor-23] [INFO] [1790430618.365011518] [collision_monitor]: Robot to continue normal operation
[collision_monitor-23] [INFO] [1790430618.404943490] [collision_monitor]: Robot to approach for 1.200000 seconds away from collision
[collision_monitor-23] [INFO] [1790430618.465042070] [collision_monitor]: Robot to continue normal operation
[collision_monitor-23] [INFO] [1790430618.504919444] [collision_monitor]: Robot to approach for 1.200000 seconds away from collision
[collision_monitor-23] [INFO] [1790430618.565049652] [collision_monitor]: Robot to continue normal operation
[collision_monitor-23] [INFO] [1790430618.604959632] [collision_monitor]: Robot to approach for 1.200000 seconds away from collision
[controller_server-15] [WARN] [1790430618.650910342] [controller_server]: RegulatedPurePursuitController detected collision ahead!
[collision_monitor-23] [INFO] [1790430618.664935123] [collision_monitor]: Robot to continue normal operation
[controller_server-15] [WARN] [1790430618.701046579] [controller_server]: RegulatedPurePursuitController detected collision ahead!
[controller_server-15] [WARN] [1790430618.900893481] [controller_server]: RegulatedPurePursuitController detected collision ahead!
[collision_monitor-23] [INFO] [1790430618.904911373] [collision_monitor]: Robot to approach for 1.200000 seconds away from collision
[collision_monitor-23] [INFO] [1790430618.965037322] [collision_monitor]: Robot to continue normal operation
[controller_server-15] [WARN] [1790430619.000953637] [controller_server]: RegulatedPurePursuitController detected collision ahead!
[collision_monitor-23] [INFO] [1790430619.004955195] [collision_monitor]: Robot to approach for 1.200000 seconds away from collision
[controller_server-15] [WARN] [1790430619.050976819] [controller_server]: RegulatedPurePursuitController detected collision ahead!
[collision_monitor-23] [INFO] [1790430619.065016834] [collision_monitor]: Robot to continue normal operation
[controller_server-15] [WARN] [1790430619.100900022] [controller_server]: RegulatedPurePursuitController detected collision ahead!
[controller_server-15] [INFO] [1790430619.150657197] [controller_server]: Passing new path to controller.
[collision_monitor-23] [INFO] [1790430619.405008349] [collision_monitor]: Robot to approach for 1.200000 seconds away from collision
[collision_monitor-23] [INFO] [1790430619.465079413] [collision_monitor]: Robot to continue normal operation
[collision_monitor-23] [INFO] [1790430619.504918987] [collision_monitor]: Robot to approach for 1.200000 seconds away from collision
[collision_monitor-23] [INFO] [1790430619.565067270] [collision_monitor]: Robot to continue normal operation
[collision_monitor-23] [INFO] [1790430619.604921366] [collision_monitor]: Robot to approach for 1.200000 seconds away from collision
[controller_server-15] [WARN] [1790430619.700913529] [controller_server]: RegulatedPurePursuitController detected collision ahead!
[collision_monitor-23] [INFO] [1790430619.764909562] [collision_monitor]: Robot to continue normal operation
[controller_server-15] [WARN] [1790430619.800918282] [controller_server]: RegulatedPurePursuitController detected collision ahead!
[collision_monitor-23] [INFO] [1790430619.804958031] [collision_monitor]: Robot to approach for 1.200000 seconds away from collision
[controller_server-15] [WARN] [1790430619.850887984] [controller_server]: RegulatedPurePursuitController detected collision ahead!
[collision_monitor-23] [INFO] [1790430619.864998934] [collision_monitor]: Robot to continue normal operation
[controller_server-15] [WARN] [1790430619.900942305] [controller_server]: RegulatedPurePursuitController detected collision ahead!
[controller_server-15] [WARN] [1790430620.050897542] [controller_server]: RegulatedPurePursuitController detected collision ahead!
[controller_server-15] [WARN] [1790430620.100947586] [controller_server]: RegulatedPurePursuitController detected collision ahead!
[controller_server-15] [INFO] [1790430620.200658367] [controller_server]: Passing new path to controller.
[collision_monitor-23] [INFO] [1790430620.304907683] [collision_monitor]: Robot to approach for 1.200000 seconds away from collision
[controller_server-15] [WARN] [1790430620.350889558] [controller_server]: RegulatedPurePursuitController detected collision ahead!
[controller_server-15] [WARN] [1790430620.401027224] [controller_server]: RegulatedPurePursuitController detected collision ahead!
[collision_monitor-23] [INFO] [1790430620.404992760] [collision_monitor]: Robot to continue normal operation
[controller_server-15] [WARN] [1790430620.650932542] [controller_server]: RegulatedPurePursuitController detected collision ahead!
[controller_server-15] [WARN] [1790430620.700898525] [controller_server]: RegulatedPurePursuitController detected collision ahead!
[collision_monitor-23] [INFO] [1790430621.104934976] [collision_monitor]: Robot to approach for 1.200000 seconds away from collision
[controller_server-15] [INFO] [1790430621.200661678] [controller_server]: Passing new path to controller.
[controller_server-15] [WARN] [1790430621.201147683] [controller_server]: RegulatedPurePursuitController detected collision ahead!
[collision_monitor-23] [INFO] [1790430621.265058389] [collision_monitor]: Robot to continue normal operation
[collision_monitor-23] [INFO] [1790430621.604910057] [collision_monitor]: Robot to approach for 1.200000 seconds away from collision
[controller_server-15] [WARN] [1790430621.701082479] [controller_server]: RegulatedPurePursuitController detected collision ahead!
[collision_monitor-23] [INFO] [1790430621.765007777] [collision_monitor]: Robot to continue normal operation
[collision_monitor-23] [INFO] [1790430621.804939732] [collision_monitor]: Robot to approach for 1.200000 seconds away from collision
[controller_server-15] [WARN] [1790430621.850957192] [controller_server]: RegulatedPurePursuitController detected collision ahead!
[controller_server-15] [WARN] [1790430621.901101402] [controller_server]: RegulatedPurePursuitController detected collision ahead!
[collision_monitor-23] [INFO] [1790430621.905161895] [collision_monitor]: Robot to continue normal operation
[controller_server-15] [WARN] [1790430621.950897149] [controller_server]: RegulatedPurePursuitController detected collision ahead!
[controller_server-15] [WARN] [1790430622.000971192] [controller_server]: RegulatedPurePursuitController detected collision ahead!
[controller_server-15] [WARN] [1790430622.050889172] [controller_server]: RegulatedPurePursuitController detected collision ahead!
[controller_server-15] [WARN] [1790430622.100904898] [controller_server]: RegulatedPurePursuitController detected collision ahead!
[controller_server-15] [INFO] [1790430622.250662678] [controller_server]: Passing new path to controller.
[collision_monitor-23] [INFO] [1790430623.204961292] [collision_monitor]: Robot to approach for 1.200000 seconds away from collision
[controller_server-15] [INFO] [1790430623.250663476] [controller_server]: Passing new path to controller.
[collision_monitor-23] [INFO] [1790430623.265022129] [collision_monitor]: Robot to continue normal operation
[collision_monitor-23] [INFO] [1790430623.304960729] [collision_monitor]: Robot to approach for 1.200000 seconds away from collision
[collision_monitor-23] [INFO] [1790430623.565028399] [collision_monitor]: Robot to continue normal operation
[collision_monitor-23] [INFO] [1790430623.604887895] [collision_monitor]: Robot to approach for 1.200000 seconds away from collision
[collision_monitor-23] [INFO] [1790430623.664981895] [collision_monitor]: Robot to continue normal operation
[collision_monitor-23] [INFO] [1790430623.704935995] [collision_monitor]: Robot to approach for 1.200000 seconds away from collision
[collision_monitor-23] [INFO] [1790430623.765097510] [collision_monitor]: Robot to continue normal operation
[collision_monitor-23] [INFO] [1790430623.804964267] [collision_monitor]: Robot to approach for 1.200000 seconds away from collision
[controller_server-15] [WARN] [1790430623.850882608] [controller_server]: RegulatedPurePursuitController detected collision ahead!
[collision_monitor-23] [INFO] [1790430623.865071323] [collision_monitor]: Robot to continue normal operation
[controller_server-15] [WARN] [1790430623.900906344] [controller_server]: RegulatedPurePursuitController detected collision ahead!
[controller_server-15] [WARN] [1790430624.050880484] [controller_server]: RegulatedPurePursuitController detected collision ahead!
[controller_server-15] [WARN] [1790430624.100901757] [controller_server]: RegulatedPurePursuitController detected collision ahead!
[controller_server-15] [INFO] [1790430624.250655652] [controller_server]: Passing new path to controller.
[controller_server-15] [WARN] [1790430624.300970861] [controller_server]: RegulatedPurePursuitController detected collision ahead!
[collision_monitor-23] [INFO] [1790430624.305017124] [collision_monitor]: Robot to approach for 1.200000 seconds away from collision
[collision_monitor-23] [INFO] [1790430624.365050653] [collision_monitor]: Robot to continue normal operation
[collision_monitor-23] [INFO] [1790430624.405023155] [collision_monitor]: Robot to approach for 1.200000 seconds away from collision
[collision_monitor-23] [INFO] [1790430624.464991124] [collision_monitor]: Robot to continue normal operation
[controller_server-15] [WARN] [1790430624.500930908] [controller_server]: RegulatedPurePursuitController detected collision ahead!
[collision_monitor-23] [INFO] [1790430624.504962928] [collision_monitor]: Robot to approach for 1.200000 seconds away from collision
[controller_server-15] [WARN] [1790430624.550880966] [controller_server]: RegulatedPurePursuitController detected collision ahead!
[collision_monitor-23] [INFO] [1790430624.565045120] [collision_monitor]: Robot to continue normal operation
[controller_server-15] [WARN] [1790430624.600868727] [controller_server]: RegulatedPurePursuitController detected collision ahead!
[controller_server-15] [WARN] [1790430624.650880016] [controller_server]: RegulatedPurePursuitController detected collision ahead!
[controller_server-15] [WARN] [1790430624.700948696] [controller_server]: RegulatedPurePursuitController detected collision ahead!
[collision_monitor-23] [INFO] [1790430625.104924235] [collision_monitor]: Robot to approach for 1.200000 seconds away from collision
[collision_monitor-23] [INFO] [1790430625.164950563] [collision_monitor]: Robot to continue normal operation
[collision_monitor-23] [INFO] [1790430625.205007167] [collision_monitor]: Robot to approach for 1.200000 seconds away from collision
[controller_server-15] [WARN] [1790430625.250870793] [controller_server]: RegulatedPurePursuitController detected collision ahead!
[collision_monitor-23] [INFO] [1790430625.265019881] [collision_monitor]: Robot to continue normal operation
[controller_server-15] [INFO] [1790430625.300661366] [controller_server]: Passing new path to controller.
[controller_server-15] [WARN] [1790430625.300997962] [controller_server]: RegulatedPurePursuitController detected collision ahead!
[controller_server-15] [WARN] [1790430625.350835593] [controller_server]: RegulatedPurePursuitController detected collision ahead!
[controller_server-15] [WARN] [1790430625.400947401] [controller_server]: RegulatedPurePursuitController detected collision ahead!
[controller_server-15] [WARN] [1790430625.450841725] [controller_server]: RegulatedPurePursuitController detected collision ahead!
[controller_server-15] [WARN] [1790430625.500892861] [controller_server]: RegulatedPurePursuitController detected collision ahead!
[collision_monitor-23] [INFO] [1790430625.904928746] [collision_monitor]: Robot to approach for 1.200000 seconds away from collision
[collision_monitor-23] [INFO] [1790430625.964989216] [collision_monitor]: Robot to continue normal operation
[controller_server-15] [WARN] [1790430626.000880652] [controller_server]: RegulatedPurePursuitController detected collision ahead!
[controller_server-15] [WARN] [1790430626.050823619] [controller_server]: RegulatedPurePursuitController detected collision ahead!
[controller_server-15] [WARN] [1790430626.100884371] [controller_server]: RegulatedPurePursuitController detected collision ahead!
[controller_server-15] [INFO] [1790430626.300662803] [controller_server]: Passing new path to controller.
[controller_server-15] [WARN] [1790430626.300955972] [controller_server]: RegulatedPurePursuitController detected collision ahead!
[collision_monitor-23] [INFO] [1790430626.404971192] [collision_monitor]: Robot to approach for 1.200000 seconds away from collision
[controller_server-15] [WARN] [1790430626.450837098] [controller_server]: RegulatedPurePursuitController detected collision ahead!
[collision_monitor-23] [INFO] [1790430626.465117948] [collision_monitor]: Robot to continue normal operation
[controller_server-15] [WARN] [1790430626.500935482] [controller_server]: RegulatedPurePursuitController detected collision ahead!
[collision_monitor-23] [INFO] [1790430626.704906176] [collision_monitor]: Robot to approach for 1.200000 seconds away from collision
[collision_monitor-23] [INFO] [1790430626.765007830] [collision_monitor]: Robot to continue normal operation
[controller_server-15] [WARN] [1790430626.800834370] [controller_server]: RegulatedPurePursuitController detected collision ahead!
[collision_monitor-23] [INFO] [1790430626.804949762] [collision_monitor]: Robot to approach for 1.200000 seconds away from collision
[controller_server-15] [WARN] [1790430626.850902942] [controller_server]: RegulatedPurePursuitController detected collision ahead!
[collision_monitor-23] [INFO] [1790430626.864985925] [collision_monitor]: Robot to continue normal operation
[controller_server-15] [WARN] [1790430626.900923478] [controller_server]: RegulatedPurePursuitController detected collision ahead!
[controller_server-15] [WARN] [1790430627.050843333] [controller_server]: RegulatedPurePursuitController detected collision ahead!
[controller_server-15] [WARN] [1790430627.100817489] [controller_server]: RegulatedPurePursuitController detected collision ahead!
[controller_server-15] [INFO] [1790430627.350659437] [controller_server]: Passing new path to controller.
[collision_monitor-23] [INFO] [1790430627.505070483] [collision_monitor]: Robot to approach for 1.200000 seconds away from collision
[collision_monitor-23] [INFO] [1790430627.565137357] [collision_monitor]: Robot to continue normal operation
[collision_monitor-23] [INFO] [1790430627.605068716] [collision_monitor]: Robot to approach for 1.200000 seconds away from collision
[controller_server-15] [WARN] [1790430627.650870854] [controller_server]: RegulatedPurePursuitController detected collision ahead!
[collision_monitor-23] [INFO] [1790430627.665362501] [collision_monitor]: Robot to continue normal operation
[controller_server-15] [WARN] [1790430627.700893954] [controller_server]: RegulatedPurePursuitController detected collision ahead!
[controller_server-15] [WARN] [1790430627.900960170] [controller_server]: RegulatedPurePursuitController detected collision ahead!
[controller_server-15] [INFO] [1790430628.350660482] [controller_server]: Passing new path to controller.
[controller_server-15] [INFO] [1790430629.400667708] [controller_server]: Passing new path to controller.
[controller_server-15] [INFO] [1790430630.400665551] [controller_server]: Passing new path to controller.
[controller_server-15] [INFO] [1790430631.450662964] [controller_server]: Passing new path to controller.
[controller_server-15] [INFO] [1790430632.450698505] [controller_server]: Passing new path to controller.
[controller_server-15] [INFO] [1790430633.500659975] [controller_server]: Passing new path to controller.
[controller_server-15] [INFO] [1790430634.500769503] [controller_server]: Passing new path to controller.
[controller_server-15] [INFO] [1790430635.550663527] [controller_server]: Passing new path to controller.
[controller_server-15] [INFO] [1790430636.550664378] [controller_server]: Passing new path to controller.
[controller_server-15] [INFO] [1790430637.600713521] [controller_server]: Passing new path to controller.
[controller_server-15] [INFO] [1790430638.600673265] [controller_server]: Passing new path to controller.
[controller_server-15] [INFO] [1790430639.650669588] [controller_server]: Passing new path to controller.
[controller_server-15] [INFO] [1790430640.650660263] [controller_server]: Passing new path to controller.
[controller_server-15] [INFO] [1790430641.650658240] [controller_server]: Passing new path to controller.
[controller_server-15] [INFO] [1790430641.650888086] [controller_server]: Reached the goal!
[bt_navigator-20] [INFO] [1790430641.690088558] [bt_navigator]: Goal succeeded
[nav_benchmark_runner.py-9] [INFO] [1790430642.697691724] [nav_benchmark_runner]: Saved trial 4 (north_west_turn): SUCCEEDED, error=0.181 m
[bt_navigator-20] [INFO] [1790430642.698596798] [bt_navigator]: Begin navigating from current location (0.26, 0.06) to (3.40, 2.20)
[nav_benchmark_runner.py-9] [INFO] [1790430642.699577276] [nav_benchmark_runner]: Goal 'north_east_corridor' accepted: x=3.40, y=2.20, yaw=0.0000
[controller_server-15] [INFO] [1790430642.719397498] [controller_server]: Received a goal, begin computing control effort.
[controller_server-15] [INFO] [1790430643.769552769] [controller_server]: Passing new path to controller.
[collision_monitor-23] [INFO] [1790430643.904971446] [collision_monitor]: Robot to approach for 1.200000 seconds away from collision
[controller_server-15] [WARN] [1790430643.969759697] [controller_server]: RegulatedPurePursuitController detected collision ahead!
[collision_monitor-23] [INFO] [1790430644.005040772] [collision_monitor]: Robot to continue normal operation
[controller_server-15] [WARN] [1790430644.020004918] [controller_server]: RegulatedPurePursuitController detected collision ahead!
[controller_server-15] [WARN] [1790430644.069831319] [controller_server]: RegulatedPurePursuitController detected collision ahead!
[controller_server-15] [WARN] [1790430644.120016523] [controller_server]: RegulatedPurePursuitController detected collision ahead!
[controller_server-15] [WARN] [1790430644.169911487] [controller_server]: RegulatedPurePursuitController detected collision ahead!
[controller_server-15] [WARN] [1790430644.219831027] [controller_server]: RegulatedPurePursuitController detected collision ahead!
[controller_server-15] [WARN] [1790430644.269840635] [controller_server]: RegulatedPurePursuitController detected collision ahead!
[controller_server-15] [ERROR] [1790430644.269907592] [controller_server]: Controller patience exceeded
[controller_server-15] [WARN] [1790430644.270009948] [controller_server]: [follow_path] [ActionServer] Aborting handle.
[controller_server-15] [INFO] [1790430644.289293012] [local_costmap.local_costmap]: Received request to clear entirely the local_costmap
[controller_server-15] [INFO] [1790430644.289849756] [controller_server]: Received a goal, begin computing control effort.
[controller_server-15] [WARN] [1790430644.350305675] [controller_server]: Control loop missed its desired rate of 20.0000 Hz. Current loop rate is 16.3934 Hz.
[controller_server-15] [WARN] [1790430644.700693542] [controller_server]: RegulatedPurePursuitController detected collision ahead!
[collision_monitor-23] [INFO] [1790430644.705046811] [collision_monitor]: Robot to approach for 1.200000 seconds away from collision
[controller_server-15] [WARN] [1790430644.750708595] [controller_server]: RegulatedPurePursuitController detected collision ahead!
[collision_monitor-23] [INFO] [1790430644.765207183] [collision_monitor]: Robot to continue normal operation
[controller_server-15] [INFO] [1790430644.800436619] [controller_server]: Passing new path to controller.
[controller_server-15] [INFO] [1790430645.850434879] [controller_server]: Passing new path to controller.
[collision_monitor-23] [INFO] [1790430646.504950643] [collision_monitor]: Robot to approach for 1.200000 seconds away from collision
[controller_server-15] [WARN] [1790430646.600698317] [controller_server]: RegulatedPurePursuitController detected collision ahead!
[controller_server-15] [WARN] [1790430646.650708576] [controller_server]: RegulatedPurePursuitController detected collision ahead!
[collision_monitor-23] [INFO] [1790430646.665140163] [collision_monitor]: Robot to continue normal operation
[controller_server-15] [WARN] [1790430646.700697610] [controller_server]: RegulatedPurePursuitController detected collision ahead!
[controller_server-15] [WARN] [1790430646.750701516] [controller_server]: RegulatedPurePursuitController detected collision ahead!
[controller_server-15] [WARN] [1790430646.800706189] [controller_server]: RegulatedPurePursuitController detected collision ahead!
[controller_server-15] [INFO] [1790430646.850430466] [controller_server]: Passing new path to controller.
[controller_server-15] [WARN] [1790430646.850956630] [controller_server]: RegulatedPurePursuitController detected collision ahead!
[controller_server-15] [ERROR] [1790430646.850993425] [controller_server]: Controller patience exceeded
[controller_server-15] [WARN] [1790430646.851071274] [controller_server]: [follow_path] [ActionServer] Aborting handle.
[controller_server-15] [INFO] [1790430646.879273043] [local_costmap.local_costmap]: Received request to clear entirely the local_costmap
[planner_server-17] [INFO] [1790430646.879581229] [global_costmap.global_costmap]: Received request to clear entirely the global_costmap
[controller_server-15] [INFO] [1790430647.489377657] [controller_server]: Received a goal, begin computing control effort.
[collision_monitor-23] [INFO] [1790430648.065103106] [collision_monitor]: Robot to approach for 1.200000 seconds away from collision
[controller_server-15] [WARN] [1790430648.089757226] [controller_server]: RegulatedPurePursuitController detected collision ahead!
[collision_monitor-23] [INFO] [1790430648.104963354] [collision_monitor]: Robot to continue normal operation
[controller_server-15] [WARN] [1790430648.139827064] [controller_server]: RegulatedPurePursuitController detected collision ahead!
[collision_monitor-23] [INFO] [1790430648.265075879] [collision_monitor]: Robot to approach for 1.200000 seconds away from collision
[controller_server-15] [WARN] [1790430648.289801355] [controller_server]: RegulatedPurePursuitController detected collision ahead!
[collision_monitor-23] [INFO] [1790430648.304957493] [collision_monitor]: Robot to continue normal operation
[controller_server-15] [WARN] [1790430648.339861000] [controller_server]: RegulatedPurePursuitController detected collision ahead!
[collision_monitor-23] [INFO] [1790430648.465069668] [collision_monitor]: Robot to approach for 1.200000 seconds away from collision
[controller_server-15] [WARN] [1790430648.489802406] [controller_server]: RegulatedPurePursuitController detected collision ahead!
[collision_monitor-23] [INFO] [1790430648.505137771] [collision_monitor]: Robot to continue normal operation
[controller_server-15] [INFO] [1790430648.539519024] [controller_server]: Passing new path to controller.
[controller_server-15] [WARN] [1790430648.540085894] [controller_server]: RegulatedPurePursuitController detected collision ahead!
[collision_monitor-23] [INFO] [1790430648.704965738] [collision_monitor]: Robot to approach for 1.200000 seconds away from collision
[controller_server-15] [WARN] [1790430648.739814925] [controller_server]: RegulatedPurePursuitController detected collision ahead!
[collision_monitor-23] [INFO] [1790430648.775316721] [collision_monitor]: Robot to continue normal operation
[collision_monitor-23] [INFO] [1790430648.805002570] [collision_monitor]: Robot to approach for 1.200000 seconds away from collision
[collision_monitor-23] [INFO] [1790430648.865262378] [collision_monitor]: Robot to continue normal operation
[collision_monitor-23] [INFO] [1790430648.904977192] [collision_monitor]: Robot to approach for 1.200000 seconds away from collision
[controller_server-15] [WARN] [1790430648.939789863] [controller_server]: RegulatedPurePursuitController detected collision ahead!
[collision_monitor-23] [INFO] [1790430648.965077042] [collision_monitor]: Robot to continue normal operation
[collision_monitor-23] [INFO] [1790430649.005012142] [collision_monitor]: Robot to approach for 1.200000 seconds away from collision
[collision_monitor-23] [INFO] [1790430649.065087820] [collision_monitor]: Robot to continue normal operation
[collision_monitor-23] [INFO] [1790430649.104971426] [collision_monitor]: Robot to approach for 1.200000 seconds away from collision
[controller_server-15] [WARN] [1790430649.139785106] [controller_server]: RegulatedPurePursuitController detected collision ahead!
[collision_monitor-23] [INFO] [1790430649.165148134] [collision_monitor]: Robot to continue normal operation
[collision_monitor-23] [INFO] [1790430649.205099953] [collision_monitor]: Robot to approach for 1.200000 seconds away from collision
[collision_monitor-23] [INFO] [1790430649.265167393] [collision_monitor]: Robot to continue normal operation
[collision_monitor-23] [INFO] [1790430649.304940403] [collision_monitor]: Robot to approach for 1.200000 seconds away from collision
[controller_server-15] [WARN] [1790430649.339776915] [controller_server]: RegulatedPurePursuitController detected collision ahead!
[collision_monitor-23] [INFO] [1790430649.365088764] [collision_monitor]: Robot to continue normal operation
[collision_monitor-23] [INFO] [1790430649.405003369] [collision_monitor]: Robot to approach for 1.200000 seconds away from collision
[collision_monitor-23] [INFO] [1790430649.465061802] [collision_monitor]: Robot to continue normal operation
[collision_monitor-23] [INFO] [1790430649.505002450] [collision_monitor]: Robot to approach for 1.200000 seconds away from collision
[controller_server-15] [INFO] [1790430649.539513530] [controller_server]: Passing new path to controller.
[controller_server-15] [WARN] [1790430649.540057500] [controller_server]: RegulatedPurePursuitController detected collision ahead!
[collision_monitor-23] [INFO] [1790430649.565094955] [collision_monitor]: Robot to continue normal operation
[collision_monitor-23] [INFO] [1790430649.604976885] [collision_monitor]: Robot to approach for 1.200000 seconds away from collision
[collision_monitor-23] [INFO] [1790430649.665108768] [collision_monitor]: Robot to continue normal operation
[collision_monitor-23] [INFO] [1790430649.705766191] [collision_monitor]: Robot to approach for 1.200000 seconds away from collision
[collision_monitor-23] [INFO] [1790430649.765124327] [collision_monitor]: Robot to continue normal operation
[collision_monitor-23] [INFO] [1790430649.805179690] [collision_monitor]: Robot to approach for 1.200000 seconds away from collision
[collision_monitor-23] [INFO] [1790430649.865066435] [collision_monitor]: Robot to continue normal operation
[collision_monitor-23] [INFO] [1790430649.904977130] [collision_monitor]: Robot to approach for 1.200000 seconds away from collision
[collision_monitor-23] [INFO] [1790430649.965044290] [collision_monitor]: Robot to continue normal operation
[collision_monitor-23] [INFO] [1790430650.004964346] [collision_monitor]: Robot to approach for 1.200000 seconds away from collision
[collision_monitor-23] [INFO] [1790430650.065117649] [collision_monitor]: Robot to continue normal operation
[collision_monitor-23] [INFO] [1790430650.104946482] [collision_monitor]: Robot to approach for 1.200000 seconds away from collision
[collision_monitor-23] [INFO] [1790430650.165114727] [collision_monitor]: Robot to continue normal operation
[collision_monitor-23] [INFO] [1790430650.204983986] [collision_monitor]: Robot to approach for 1.200000 seconds away from collision
[collision_monitor-23] [INFO] [1790430650.275191897] [collision_monitor]: Robot to continue normal operation
[collision_monitor-23] [INFO] [1790430650.315095507] [collision_monitor]: Robot to approach for 1.200000 seconds away from collision
[controller_server-15] [WARN] [1790430650.339804760] [controller_server]: RegulatedPurePursuitController detected collision ahead!
[collision_monitor-23] [INFO] [1790430650.375117339] [collision_monitor]: Robot to continue normal operation
[collision_monitor-23] [INFO] [1790430650.415150675] [collision_monitor]: Robot to approach for 1.200000 seconds away from collision
[controller_server-15] [WARN] [1790430650.439949787] [controller_server]: RegulatedPurePursuitController detected collision ahead!
[collision_monitor-23] [INFO] [1790430650.475259294] [collision_monitor]: Robot to continue normal operation
[controller_server-15] [WARN] [1790430650.489809000] [controller_server]: RegulatedPurePursuitController detected collision ahead!
[controller_server-15] [WARN] [1790430650.539775177] [controller_server]: RegulatedPurePursuitController detected collision ahead!
[controller_server-15] [INFO] [1790430650.589519605] [controller_server]: Passing new path to controller.
[controller_server-15] [WARN] [1790430651.090001846] [controller_server]: RegulatedPurePursuitController detected collision ahead!
[controller_server-15] [WARN] [1790430651.139804410] [controller_server]: RegulatedPurePursuitController detected collision ahead!
[collision_monitor-23] [INFO] [1790430651.514973912] [collision_monitor]: Robot to approach for 1.200000 seconds away from collision
[collision_monitor-23] [INFO] [1790430651.554851585] [collision_monitor]: Robot to continue normal operation
[controller_server-15] [INFO] [1790430651.589515705] [controller_server]: Passing new path to controller.
[controller_server-15] [WARN] [1790430652.089764083] [controller_server]: RegulatedPurePursuitController detected collision ahead!
[controller_server-15] [WARN] [1790430652.139754090] [controller_server]: RegulatedPurePursuitController detected collision ahead!
[collision_monitor-23] [INFO] [1790430652.515092968] [collision_monitor]: Robot to approach for 1.200000 seconds away from collision
[controller_server-15] [INFO] [1790430652.639516684] [controller_server]: Passing new path to controller.
[controller_server-15] [WARN] [1790430652.640031818] [controller_server]: RegulatedPurePursuitController detected collision ahead!
[collision_monitor-23] [INFO] [1790430652.654882058] [collision_monitor]: Robot to continue normal operation
[collision_monitor-23] [INFO] [1790430652.754877223] [collision_monitor]: Robot to approach for 1.200000 seconds away from collision
[controller_server-15] [WARN] [1790430652.789843626] [controller_server]: RegulatedPurePursuitController detected collision ahead!
[collision_monitor-23] [INFO] [1790430652.815088796] [collision_monitor]: Robot to continue normal operation
[controller_server-15] [WARN] [1790430652.839821694] [controller_server]: RegulatedPurePursuitController detected collision ahead!
[controller_server-15] [WARN] [1790430652.889784331] [controller_server]: RegulatedPurePursuitController detected collision ahead!
[controller_server-15] [WARN] [1790430652.939982962] [controller_server]: RegulatedPurePursuitController detected collision ahead!
[collision_monitor-23] [INFO] [1790430653.165349803] [collision_monitor]: Robot to approach for 1.200000 seconds away from collision
[controller_server-15] [WARN] [1790430653.339843627] [controller_server]: RegulatedPurePursuitController detected collision ahead!
[collision_monitor-23] [INFO] [1790430653.365019698] [collision_monitor]: Robot to continue normal operation
[controller_server-15] [WARN] [1790430653.389775798] [controller_server]: RegulatedPurePursuitController detected collision ahead!
[controller_server-15] [WARN] [1790430653.439786727] [controller_server]: RegulatedPurePursuitController detected collision ahead!
[controller_server-15] [WARN] [1790430653.489819020] [controller_server]: RegulatedPurePursuitController detected collision ahead!
[controller_server-15] [WARN] [1790430653.539799996] [controller_server]: RegulatedPurePursuitController detected collision ahead!
[controller_server-15] [INFO] [1790430653.639517086] [controller_server]: Passing new path to controller.
[controller_server-15] [WARN] [1790430653.639946063] [controller_server]: RegulatedPurePursuitController detected collision ahead!
[controller_server-15] [WARN] [1790430653.689813720] [controller_server]: RegulatedPurePursuitController detected collision ahead!
[controller_server-15] [WARN] [1790430653.739762718] [controller_server]: RegulatedPurePursuitController detected collision ahead!
[controller_server-15] [WARN] [1790430654.239777680] [controller_server]: RegulatedPurePursuitController detected collision ahead!
[controller_server-15] [WARN] [1790430654.439754616] [controller_server]: RegulatedPurePursuitController detected collision ahead!
[controller_server-15] [WARN] [1790430654.489745481] [controller_server]: RegulatedPurePursuitController detected collision ahead!
[controller_server-15] [WARN] [1790430654.539769092] [controller_server]: RegulatedPurePursuitController detected collision ahead!
[controller_server-15] [WARN] [1790430654.589772805] [controller_server]: RegulatedPurePursuitController detected collision ahead!
[controller_server-15] [WARN] [1790430654.639785942] [controller_server]: RegulatedPurePursuitController detected collision ahead!
[controller_server-15] [INFO] [1790430654.689525384] [controller_server]: Passing new path to controller.
[controller_server-15] [WARN] [1790430654.690141061] [controller_server]: RegulatedPurePursuitController detected collision ahead!
[controller_server-15] [ERROR] [1790430654.690203551] [controller_server]: Controller patience exceeded
[controller_server-15] [WARN] [1790430654.690329228] [controller_server]: [follow_path] [ActionServer] Aborting handle.
[controller_server-15] [INFO] [1790430654.719425184] [local_costmap.local_costmap]: Received request to clear entirely the local_costmap
[controller_server-15] [INFO] [1790430654.720207454] [controller_server]: Received a goal, begin computing control effort.
[collision_monitor-23] [INFO] [1790430655.125090206] [collision_monitor]: Robot to approach for 1.200000 seconds away from collision
[collision_monitor-23] [INFO] [1790430655.325188111] [collision_monitor]: Robot to continue normal operation
[controller_server-15] [WARN] [1790430655.470677591] [controller_server]: RegulatedPurePursuitController detected collision ahead!
[controller_server-15] [WARN] [1790430655.520693846] [controller_server]: RegulatedPurePursuitController detected collision ahead!
[controller_server-15] [INFO] [1790430655.720365147] [controller_server]: Passing new path to controller.
[collision_monitor-23] [INFO] [1790430656.025136837] [collision_monitor]: Robot to approach for 1.200000 seconds away from collision
[collision_monitor-23] [INFO] [1790430656.065045271] [collision_monitor]: Robot to continue normal operation
[controller_server-15] [WARN] [1790430656.120625718] [controller_server]: RegulatedPurePursuitController detected collision ahead!
[collision_monitor-23] [INFO] [1790430656.125153517] [collision_monitor]: Robot to approach for 1.200000 seconds away from collision
[collision_monitor-23] [INFO] [1790430656.165018872] [collision_monitor]: Robot to continue normal operation
[collision_monitor-23] [INFO] [1790430656.225169359] [collision_monitor]: Robot to approach for 1.200000 seconds away from collision
[collision_monitor-23] [INFO] [1790430656.264968803] [collision_monitor]: Robot to continue normal operation
[controller_server-15] [WARN] [1790430656.320617045] [controller_server]: RegulatedPurePursuitController detected collision ahead!
[collision_monitor-23] [INFO] [1790430656.325683162] [collision_monitor]: Robot to approach for 1.200000 seconds away from collision
[collision_monitor-23] [INFO] [1790430656.364994560] [collision_monitor]: Robot to continue normal operation
[controller_server-15] [WARN] [1790430656.420860154] [controller_server]: RegulatedPurePursuitController detected collision ahead!
[collision_monitor-23] [INFO] [1790430656.425150213] [collision_monitor]: Robot to approach for 1.200000 seconds away from collision
[collision_monitor-23] [INFO] [1790430656.465012706] [collision_monitor]: Robot to continue normal operation
[controller_server-15] [WARN] [1790430656.470818991] [controller_server]: RegulatedPurePursuitController detected collision ahead!
[controller_server-15] [WARN] [1790430656.520704376] [controller_server]: RegulatedPurePursuitController detected collision ahead!
[controller_server-15] [WARN] [1790430656.620733345] [controller_server]: RegulatedPurePursuitController detected collision ahead!
[controller_server-15] [WARN] [1790430656.670673540] [controller_server]: RegulatedPurePursuitController detected collision ahead!
[controller_server-15] [INFO] [1790430656.720377113] [controller_server]: Passing new path to controller.
[controller_server-15] [WARN] [1790430656.720969471] [controller_server]: RegulatedPurePursuitController detected collision ahead!
[collision_monitor-23] [INFO] [1790430657.125119133] [collision_monitor]: Robot to approach for 1.200000 seconds away from collision
[collision_monitor-23] [INFO] [1790430657.165022157] [collision_monitor]: Robot to continue normal operation
[collision_monitor-23] [INFO] [1790430657.225173675] [collision_monitor]: Robot to approach for 1.200000 seconds away from collision
[collision_monitor-23] [INFO] [1790430657.265042487] [collision_monitor]: Robot to continue normal operation
[controller_server-15] [WARN] [1790430657.270673248] [controller_server]: RegulatedPurePursuitController detected collision ahead!
[controller_server-15] [WARN] [1790430657.320658731] [controller_server]: RegulatedPurePursuitController detected collision ahead!
[controller_server-15] [WARN] [1790430657.470653721] [controller_server]: RegulatedPurePursuitController detected collision ahead!
[controller_server-15] [WARN] [1790430657.520667412] [controller_server]: RegulatedPurePursuitController detected collision ahead!
[controller_server-15] [WARN] [1790430657.720644814] [controller_server]: RegulatedPurePursuitController detected collision ahead!
[collision_monitor-23] [INFO] [1790430657.725150833] [collision_monitor]: Robot to approach for 1.200000 seconds away from collision
[collision_monitor-23] [INFO] [1790430657.764980894] [collision_monitor]: Robot to continue normal operation
[controller_server-15] [INFO] [1790430657.770373217] [controller_server]: Passing new path to controller.
[controller_server-15] [WARN] [1790430657.920664387] [controller_server]: RegulatedPurePursuitController detected collision ahead!
[controller_server-15] [WARN] [1790430658.120638473] [controller_server]: RegulatedPurePursuitController detected collision ahead!
[collision_monitor-23] [INFO] [1790430658.125119710] [collision_monitor]: Robot to approach for 1.200000 seconds away from collision
[collision_monitor-23] [INFO] [1790430658.164963701] [collision_monitor]: Robot to continue normal operation
[collision_monitor-23] [INFO] [1790430658.225118414] [collision_monitor]: Robot to approach for 1.200000 seconds away from collision
[collision_monitor-23] [INFO] [1790430658.265012257] [collision_monitor]: Robot to continue normal operation
[controller_server-15] [WARN] [1790430658.270657615] [controller_server]: RegulatedPurePursuitController detected collision ahead!
[controller_server-15] [WARN] [1790430658.320616960] [controller_server]: RegulatedPurePursuitController detected collision ahead!
[controller_server-15] [WARN] [1790430658.470699290] [controller_server]: RegulatedPurePursuitController detected collision ahead!
[controller_server-15] [WARN] [1790430658.520836189] [controller_server]: RegulatedPurePursuitController detected collision ahead!
[controller_server-15] [WARN] [1790430658.670806107] [controller_server]: RegulatedPurePursuitController detected collision ahead!
[controller_server-15] [WARN] [1790430658.720647804] [controller_server]: RegulatedPurePursuitController detected collision ahead!
[controller_server-15] [INFO] [1790430658.770374296] [controller_server]: Passing new path to controller.
[collision_monitor-23] [INFO] [1790430658.864939478] [collision_monitor]: Robot to approach for 1.200000 seconds away from collision
[controller_server-15] [WARN] [1790430658.870614859] [controller_server]: RegulatedPurePursuitController detected collision ahead!
[controller_server-15] [WARN] [1790430658.920624824] [controller_server]: RegulatedPurePursuitController detected collision ahead!
[collision_monitor-23] [INFO] [1790430658.925170645] [collision_monitor]: Robot to continue normal operation
[controller_server-15] [WARN] [1790430659.020625291] [controller_server]: RegulatedPurePursuitController detected collision ahead!
[controller_server-15] [WARN] [1790430659.070731374] [controller_server]: RegulatedPurePursuitController detected collision ahead!
[controller_server-15] [WARN] [1790430659.120656550] [controller_server]: RegulatedPurePursuitController detected collision ahead!
[controller_server-15] [WARN] [1790430659.270681550] [controller_server]: RegulatedPurePursuitController detected collision ahead!
[controller_server-15] [WARN] [1790430659.320616850] [controller_server]: RegulatedPurePursuitController detected collision ahead!
[controller_server-15] [WARN] [1790430659.420611034] [controller_server]: RegulatedPurePursuitController detected collision ahead!
[controller_server-15] [WARN] [1790430659.470714743] [controller_server]: RegulatedPurePursuitController detected collision ahead!
[controller_server-15] [WARN] [1790430659.520727684] [controller_server]: RegulatedPurePursuitController detected collision ahead!
[controller_server-15] [WARN] [1790430659.770790017] [controller_server]: RegulatedPurePursuitController detected collision ahead!
[controller_server-15] [INFO] [1790430659.820375306] [controller_server]: Passing new path to controller.
[controller_server-15] [WARN] [1790430659.820899660] [controller_server]: RegulatedPurePursuitController detected collision ahead!
[controller_server-15] [WARN] [1790430659.870820229] [controller_server]: RegulatedPurePursuitController detected collision ahead!
[controller_server-15] [WARN] [1790430659.920640046] [controller_server]: RegulatedPurePursuitController detected collision ahead!
[controller_server-15] [WARN] [1790430660.320656512] [controller_server]: RegulatedPurePursuitController detected collision ahead!
[collision_monitor-23] [INFO] [1790430660.325188796] [collision_monitor]: Robot to approach for 1.200000 seconds away from collision
[collision_monitor-23] [INFO] [1790430660.365037046] [collision_monitor]: Robot to continue normal operation
[collision_monitor-23] [INFO] [1790430660.425475199] [collision_monitor]: Robot to approach for 1.200000 seconds away from collision
[collision_monitor-23] [INFO] [1790430660.525136495] [collision_monitor]: Robot to continue normal operation
[controller_server-15] [WARN] [1790430660.670679963] [controller_server]: RegulatedPurePursuitController detected collision ahead!
[controller_server-15] [WARN] [1790430660.720669837] [controller_server]: RegulatedPurePursuitController detected collision ahead!
[controller_server-15] [WARN] [1790430660.770601202] [controller_server]: RegulatedPurePursuitController detected collision ahead!
[controller_server-15] [INFO] [1790430660.820372956] [controller_server]: Passing new path to controller.
[controller_server-15] [WARN] [1790430660.820816877] [controller_server]: RegulatedPurePursuitController detected collision ahead!
[controller_server-15] [WARN] [1790430660.870708654] [controller_server]: RegulatedPurePursuitController detected collision ahead!
[controller_server-15] [WARN] [1790430660.920820296] [controller_server]: RegulatedPurePursuitController detected collision ahead!
[controller_server-15] [WARN] [1790430661.320615570] [controller_server]: RegulatedPurePursuitController detected collision ahead!
[collision_monitor-23] [INFO] [1790430661.325121047] [collision_monitor]: Robot to approach for 1.200000 seconds away from collision
[collision_monitor-23] [INFO] [1790430661.365009828] [collision_monitor]: Robot to continue normal operation
[controller_server-15] [WARN] [1790430661.370645147] [controller_server]: RegulatedPurePursuitController detected collision ahead!
[controller_server-15] [WARN] [1790430661.420705445] [controller_server]: RegulatedPurePursuitController detected collision ahead!
[controller_server-15] [WARN] [1790430661.470875851] [controller_server]: RegulatedPurePursuitController detected collision ahead!
[controller_server-15] [INFO] [1790430661.870369569] [controller_server]: Passing new path to controller.
[collision_monitor-23] [INFO] [1790430662.804951817] [collision_monitor]: Robot to approach for 1.200000 seconds away from collision
[controller_server-15] [WARN] [1790430662.820735207] [controller_server]: RegulatedPurePursuitController detected collision ahead!
[collision_monitor-23] [INFO] [1790430662.865028123] [collision_monitor]: Robot to continue normal operation
[controller_server-15] [INFO] [1790430662.870377600] [controller_server]: Passing new path to controller.
[controller_server-15] [WARN] [1790430663.220670245] [controller_server]: RegulatedPurePursuitController detected collision ahead!
[controller_server-15] [WARN] [1790430663.270684688] [controller_server]: RegulatedPurePursuitController detected collision ahead!
[controller_server-15] [INFO] [1790430663.920369244] [controller_server]: Passing new path to controller.
[controller_server-15] [WARN] [1790430663.970731885] [controller_server]: RegulatedPurePursuitController detected collision ahead!
[controller_server-15] [WARN] [1790430664.021057537] [controller_server]: RegulatedPurePursuitController detected collision ahead!
[controller_server-15] [WARN] [1790430664.070703367] [controller_server]: RegulatedPurePursuitController detected collision ahead!
[controller_server-15] [WARN] [1790430664.120899249] [controller_server]: RegulatedPurePursuitController detected collision ahead!
[controller_server-15] [WARN] [1790430664.320876549] [controller_server]: RegulatedPurePursuitController detected collision ahead!
[controller_server-15] [WARN] [1790430664.520800158] [controller_server]: RegulatedPurePursuitController detected collision ahead!
[controller_server-15] [INFO] [1790430664.920431209] [controller_server]: Passing new path to controller.
[controller_server-15] [WARN] [1790430665.921233861] [controller_server]: RegulatedPurePursuitController detected collision ahead!
[controller_server-15] [INFO] [1790430665.970383026] [controller_server]: Passing new path to controller.
[controller_server-15] [WARN] [1790430666.120826653] [controller_server]: RegulatedPurePursuitController detected collision ahead!
[controller_server-15] [WARN] [1790430666.320672057] [controller_server]: RegulatedPurePursuitController detected collision ahead!
[controller_server-15] [WARN] [1790430666.720822357] [controller_server]: RegulatedPurePursuitController detected collision ahead!
[collision_monitor-23] [INFO] [1790430666.865013935] [collision_monitor]: Robot to approach for 1.200000 seconds away from collision
[controller_server-15] [WARN] [1790430666.920743307] [controller_server]: RegulatedPurePursuitController detected collision ahead!
[collision_monitor-23] [INFO] [1790430666.965041125] [collision_monitor]: Robot to continue normal operation
[controller_server-15] [INFO] [1790430666.970535708] [controller_server]: Passing new path to controller.
[collision_monitor-23] [INFO] [1790430667.004914861] [collision_monitor]: Robot to approach for 1.200000 seconds away from collision
[controller_server-15] [WARN] [1790430667.120661777] [controller_server]: RegulatedPurePursuitController detected collision ahead!
[collision_monitor-23] [INFO] [1790430667.165001594] [collision_monitor]: Robot to continue normal operation
[collision_monitor-23] [INFO] [1790430667.205056618] [collision_monitor]: Robot to approach for 1.200000 seconds away from collision
[controller_server-15] [WARN] [1790430667.320731268] [controller_server]: RegulatedPurePursuitController detected collision ahead!
[collision_monitor-23] [INFO] [1790430667.364988627] [collision_monitor]: Robot to continue normal operation
[collision_monitor-23] [INFO] [1790430667.404950299] [collision_monitor]: Robot to approach for 1.200000 seconds away from collision
[collision_monitor-23] [INFO] [1790430667.465049905] [collision_monitor]: Robot to continue normal operation
[collision_monitor-23] [INFO] [1790430667.504919273] [collision_monitor]: Robot to approach for 1.200000 seconds away from collision
[controller_server-15] [WARN] [1790430667.520599605] [controller_server]: RegulatedPurePursuitController detected collision ahead!
[collision_monitor-23] [INFO] [1790430667.564939911] [collision_monitor]: Robot to continue normal operation
[collision_monitor-23] [INFO] [1790430667.604911637] [collision_monitor]: Robot to approach for 1.200000 seconds away from collision
[collision_monitor-23] [INFO] [1790430667.665043431] [collision_monitor]: Robot to continue normal operation
[collision_monitor-23] [INFO] [1790430667.704921108] [collision_monitor]: Robot to approach for 1.200000 seconds away from collision
[controller_server-15] [WARN] [1790430667.720648429] [controller_server]: RegulatedPurePursuitController detected collision ahead!
[collision_monitor-23] [INFO] [1790430667.765021412] [collision_monitor]: Robot to continue normal operation
[collision_monitor-23] [INFO] [1790430667.805001796] [collision_monitor]: Robot to approach for 1.200000 seconds away from collision
[collision_monitor-23] [INFO] [1790430667.865036677] [collision_monitor]: Robot to continue normal operation
[collision_monitor-23] [INFO] [1790430667.904988504] [collision_monitor]: Robot to approach for 1.200000 seconds away from collision
[controller_server-15] [WARN] [1790430667.920861124] [controller_server]: RegulatedPurePursuitController detected collision ahead!
[collision_monitor-23] [INFO] [1790430667.965261546] [collision_monitor]: Robot to continue normal operation
[collision_monitor-23] [INFO] [1790430668.004973121] [collision_monitor]: Robot to approach for 1.200000 seconds away from collision
[controller_server-15] [INFO] [1790430668.020460969] [controller_server]: Passing new path to controller.
[collision_monitor-23] [INFO] [1790430668.064971537] [collision_monitor]: Robot to continue normal operation
[collision_monitor-23] [INFO] [1790430668.105016889] [collision_monitor]: Robot to approach for 1.200000 seconds away from collision
[controller_server-15] [WARN] [1790430668.120709662] [controller_server]: RegulatedPurePursuitController detected collision ahead!
[collision_monitor-23] [INFO] [1790430668.165019844] [collision_monitor]: Robot to continue normal operation
[collision_monitor-23] [INFO] [1790430668.204927997] [collision_monitor]: Robot to approach for 1.200000 seconds away from collision
[collision_monitor-23] [INFO] [1790430668.265002239] [collision_monitor]: Robot to continue normal operation
[collision_monitor-23] [INFO] [1790430668.304974348] [collision_monitor]: Robot to approach for 1.200000 seconds away from collision
[controller_server-15] [WARN] [1790430668.320679200] [controller_server]: RegulatedPurePursuitController detected collision ahead!
[collision_monitor-23] [INFO] [1790430668.365038466] [collision_monitor]: Robot to continue normal operation
[collision_monitor-23] [INFO] [1790430668.505024041] [collision_monitor]: Robot to approach for 1.200000 seconds away from collision
[controller_server-15] [WARN] [1790430668.520742299] [controller_server]: RegulatedPurePursuitController detected collision ahead!
[collision_monitor-23] [INFO] [1790430668.564994529] [collision_monitor]: Robot to continue normal operation
[collision_monitor-23] [INFO] [1790430668.804954190] [collision_monitor]: Robot to approach for 1.200000 seconds away from collision
[collision_monitor-23] [INFO] [1790430668.865041000] [collision_monitor]: Robot to continue normal operation
[controller_server-15] [WARN] [1790430668.920759854] [controller_server]: RegulatedPurePursuitController detected collision ahead!
[controller_server-15] [INFO] [1790430669.020552492] [controller_server]: Passing new path to controller.
[collision_monitor-23] [INFO] [1790430669.105010874] [collision_monitor]: Robot to approach for 1.200000 seconds away from collision
[collision_monitor-23] [INFO] [1790430669.165147308] [collision_monitor]: Robot to continue normal operation
[collision_monitor-23] [INFO] [1790430669.205033362] [collision_monitor]: Robot to approach for 1.200000 seconds away from collision
[collision_monitor-23] [INFO] [1790430669.265068624] [collision_monitor]: Robot to continue normal operation
[collision_monitor-23] [INFO] [1790430669.304953910] [collision_monitor]: Robot to approach for 1.200000 seconds away from collision
[controller_server-15] [WARN] [1790430669.320758899] [controller_server]: RegulatedPurePursuitController detected collision ahead!
[collision_monitor-23] [INFO] [1790430669.364978630] [collision_monitor]: Robot to continue normal operation
[controller_server-15] [WARN] [1790430669.520657599] [controller_server]: RegulatedPurePursuitController detected collision ahead!
[controller_server-15] [WARN] [1790430669.720620743] [controller_server]: RegulatedPurePursuitController detected collision ahead!
[controller_server-15] [INFO] [1790430670.070396449] [controller_server]: Passing new path to controller.
[controller_server-15] [INFO] [1790430671.070389863] [controller_server]: Passing new path to controller.
[controller_server-15] [INFO] [1790430672.120383096] [controller_server]: Passing new path to controller.
[controller_server-15] [INFO] [1790430673.120368806] [controller_server]: Passing new path to controller.
[controller_server-15] [INFO] [1790430674.170366281] [controller_server]: Passing new path to controller.
[controller_server-15] [INFO] [1790430675.170364312] [controller_server]: Passing new path to controller.
[controller_server-15] [INFO] [1790430676.170350185] [controller_server]: Passing new path to controller.
[controller_server-15] [INFO] [1790430677.220367277] [controller_server]: Passing new path to controller.
[controller_server-15] [INFO] [1790430677.470406487] [controller_server]: Reached the goal!
[bt_navigator-20] [INFO] [1790430677.498960712] [bt_navigator]: Goal succeeded
[bt_navigator-20] [INFO] [1790430678.500406174] [bt_navigator]: Begin navigating from current location (3.39, 2.12) to (0.30, 0.00)
[nav_benchmark_runner.py-9] [INFO] [1790430678.501472425] [nav_benchmark_runner]: Goal 'return_to_start' accepted: x=0.30, y=0.00, yaw=0.0000
[controller_server-15] [INFO] [1790430678.521195522] [controller_server]: Received a goal, begin computing control effort.
[controller_server-15] [INFO] [1790430679.571355524] [controller_server]: Passing new path to controller.
[controller_server-15] [INFO] [1790430680.571351707] [controller_server]: Passing new path to controller.
[collision_monitor-23] [INFO] [1790430681.515099924] [collision_monitor]: Robot to approach for 1.200000 seconds away from collision
[collision_monitor-23] [INFO] [1790430681.554990354] [collision_monitor]: Robot to continue normal operation
[controller_server-15] [INFO] [1790430681.621356915] [controller_server]: Passing new path to controller.
[controller_server-15] [WARN] [1790430681.871582876] [controller_server]: RegulatedPurePursuitController detected collision ahead!
[controller_server-15] [WARN] [1790430681.921617692] [controller_server]: RegulatedPurePursuitController detected collision ahead!
[controller_server-15] [WARN] [1790430682.071583392] [controller_server]: RegulatedPurePursuitController detected collision ahead!
[controller_server-15] [WARN] [1790430682.121642757] [controller_server]: RegulatedPurePursuitController detected collision ahead!
[controller_server-15] [WARN] [1790430682.321612097] [controller_server]: RegulatedPurePursuitController detected collision ahead!
[collision_monitor-23] [INFO] [1790430682.415070418] [collision_monitor]: Robot to approach for 1.200000 seconds away from collision
[collision_monitor-23] [INFO] [1790430682.454987901] [collision_monitor]: Robot to continue normal operation
[controller_server-15] [WARN] [1790430682.521598754] [controller_server]: RegulatedPurePursuitController detected collision ahead!
[controller_server-15] [INFO] [1790430682.671353376] [controller_server]: Passing new path to controller.
[controller_server-15] [WARN] [1790430682.721625977] [controller_server]: RegulatedPurePursuitController detected collision ahead!
[collision_monitor-23] [INFO] [1790430683.215051710] [collision_monitor]: Robot to approach for 1.200000 seconds away from collision
[collision_monitor-23] [INFO] [1790430683.254996944] [collision_monitor]: Robot to continue normal operation
[collision_monitor-23] [INFO] [1790430683.415329895] [collision_monitor]: Robot to approach for 1.200000 seconds away from collision
[collision_monitor-23] [INFO] [1790430683.455169139] [collision_monitor]: Robot to continue normal operation
[collision_monitor-23] [INFO] [1790430683.615071287] [collision_monitor]: Robot to approach for 1.200000 seconds away from collision
[collision_monitor-23] [INFO] [1790430683.654971067] [collision_monitor]: Robot to continue normal operation
[controller_server-15] [INFO] [1790430683.671356741] [controller_server]: Passing new path to controller.
[collision_monitor-23] [INFO] [1790430683.815042255] [collision_monitor]: Robot to approach for 1.200000 seconds away from collision
[collision_monitor-23] [INFO] [1790430683.854882965] [collision_monitor]: Robot to continue normal operation
[collision_monitor-23] [INFO] [1790430683.915095222] [collision_monitor]: Robot to approach for 1.200000 seconds away from collision
[collision_monitor-23] [INFO] [1790430683.955033265] [collision_monitor]: Robot to continue normal operation
[collision_monitor-23] [INFO] [1790430684.015097510] [collision_monitor]: Robot to approach for 1.200000 seconds away from collision
[collision_monitor-23] [INFO] [1790430684.055020014] [collision_monitor]: Robot to continue normal operation
[collision_monitor-23] [INFO] [1790430684.115169339] [collision_monitor]: Robot to approach for 1.200000 seconds away from collision
[controller_server-15] [WARN] [1790430684.121644798] [controller_server]: RegulatedPurePursuitController detected collision ahead!
[collision_monitor-23] [INFO] [1790430684.154976916] [collision_monitor]: Robot to continue normal operation
[collision_monitor-23] [INFO] [1790430684.215087699] [collision_monitor]: Robot to approach for 1.200000 seconds away from collision
[collision_monitor-23] [INFO] [1790430684.255033384] [collision_monitor]: Robot to continue normal operation
[collision_monitor-23] [INFO] [1790430684.315095012] [collision_monitor]: Robot to approach for 1.200000 seconds away from collision
[controller_server-15] [WARN] [1790430684.321601054] [controller_server]: RegulatedPurePursuitController detected collision ahead!
[collision_monitor-23] [INFO] [1790430684.355033366] [collision_monitor]: Robot to continue normal operation
[controller_server-15] [WARN] [1790430684.521659390] [controller_server]: RegulatedPurePursuitController detected collision ahead!
[collision_monitor-23] [INFO] [1790430684.615118419] [collision_monitor]: Robot to approach for 1.200000 seconds away from collision
[collision_monitor-23] [INFO] [1790430684.655011388] [collision_monitor]: Robot to continue normal operation
[controller_server-15] [INFO] [1790430684.721361073] [controller_server]: Passing new path to controller.
[controller_server-15] [INFO] [1790430685.721353230] [controller_server]: Passing new path to controller.
[controller_server-15] [WARN] [1790430685.771594811] [controller_server]: RegulatedPurePursuitController detected collision ahead!
[controller_server-15] [WARN] [1790430685.821665048] [controller_server]: RegulatedPurePursuitController detected collision ahead!
[controller_server-15] [WARN] [1790430685.871792261] [controller_server]: RegulatedPurePursuitController detected collision ahead!
[controller_server-15] [WARN] [1790430685.921648981] [controller_server]: RegulatedPurePursuitController detected collision ahead!
[controller_server-15] [WARN] [1790430686.071593307] [controller_server]: RegulatedPurePursuitController detected collision ahead!
[controller_server-15] [WARN] [1790430686.121764408] [controller_server]: RegulatedPurePursuitController detected collision ahead!
[controller_server-15] [INFO] [1790430686.771349429] [controller_server]: Passing new path to controller.
[controller_server-15] [WARN] [1790430686.871593320] [controller_server]: RegulatedPurePursuitController detected collision ahead!
[controller_server-15] [WARN] [1790430686.921587491] [controller_server]: RegulatedPurePursuitController detected collision ahead!
[controller_server-15] [INFO] [1790430687.771358154] [controller_server]: Passing new path to controller.
[controller_server-15] [WARN] [1790430687.921592146] [controller_server]: RegulatedPurePursuitController detected collision ahead!
[controller_server-15] [WARN] [1790430688.421600072] [controller_server]: RegulatedPurePursuitController detected collision ahead!
[controller_server-15] [INFO] [1790430688.821356890] [controller_server]: Passing new path to controller.
[controller_server-15] [WARN] [1790430689.621595141] [controller_server]: RegulatedPurePursuitController detected collision ahead!
[controller_server-15] [WARN] [1790430689.671644380] [controller_server]: RegulatedPurePursuitController detected collision ahead!
[controller_server-15] [WARN] [1790430689.721597683] [controller_server]: RegulatedPurePursuitController detected collision ahead!
[controller_server-15] [INFO] [1790430689.821355776] [controller_server]: Passing new path to controller.
[collision_monitor-23] [INFO] [1790430690.215189189] [collision_monitor]: Robot to approach for 1.200000 seconds away from collision
[collision_monitor-23] [INFO] [1790430690.254983059] [collision_monitor]: Robot to continue normal operation
[controller_server-15] [WARN] [1790430690.471789230] [controller_server]: RegulatedPurePursuitController detected collision ahead!
[controller_server-15] [WARN] [1790430690.521778530] [controller_server]: RegulatedPurePursuitController detected collision ahead!
[controller_server-15] [WARN] [1790430690.721614661] [controller_server]: RegulatedPurePursuitController detected collision ahead!
[controller_server-15] [INFO] [1790430690.821358798] [controller_server]: Passing new path to controller.
[collision_monitor-23] [INFO] [1790430691.015330397] [collision_monitor]: Robot to approach for 1.200000 seconds away from collision
[controller_server-15] [WARN] [1790430691.021622887] [controller_server]: RegulatedPurePursuitController detected collision ahead!
[collision_monitor-23] [INFO] [1790430691.055004273] [collision_monitor]: Robot to continue normal operation
[controller_server-15] [WARN] [1790430691.071578712] [controller_server]: RegulatedPurePursuitController detected collision ahead!
[controller_server-15] [WARN] [1790430691.221732249] [controller_server]: RegulatedPurePursuitController detected collision ahead!
[controller_server-15] [WARN] [1790430691.271597374] [controller_server]: RegulatedPurePursuitController detected collision ahead!
[controller_server-15] [WARN] [1790430691.321612059] [controller_server]: RegulatedPurePursuitController detected collision ahead!
[controller_server-15] [WARN] [1790430691.521600140] [controller_server]: RegulatedPurePursuitController detected collision ahead!
[collision_monitor-23] [INFO] [1790430691.715127178] [collision_monitor]: Robot to approach for 1.200000 seconds away from collision
[collision_monitor-23] [INFO] [1790430691.754988807] [collision_monitor]: Robot to continue normal operation
[controller_server-15] [WARN] [1790430691.771601648] [controller_server]: RegulatedPurePursuitController detected collision ahead!
[controller_server-15] [WARN] [1790430691.821793474] [controller_server]: RegulatedPurePursuitController detected collision ahead!
[controller_server-15] [INFO] [1790430691.871359269] [controller_server]: Passing new path to controller.
[controller_server-15] [WARN] [1790430691.871785536] [controller_server]: RegulatedPurePursuitController detected collision ahead!
[controller_server-15] [WARN] [1790430691.921929324] [controller_server]: RegulatedPurePursuitController detected collision ahead!
[controller_server-15] [WARN] [1790430692.071591643] [controller_server]: RegulatedPurePursuitController detected collision ahead!
[controller_server-15] [WARN] [1790430692.121583884] [controller_server]: RegulatedPurePursuitController detected collision ahead!
[collision_monitor-23] [INFO] [1790430692.354913593] [collision_monitor]: Robot to approach for 1.200000 seconds away from collision
[collision_monitor-23] [INFO] [1790430692.555031280] [collision_monitor]: Robot to continue normal operation
[collision_monitor-23] [INFO] [1790430692.615298844] [collision_monitor]: Robot to approach for 1.200000 seconds away from collision
[controller_server-15] [WARN] [1790430692.621659765] [controller_server]: RegulatedPurePursuitController detected collision ahead!
[collision_monitor-23] [INFO] [1790430692.655136346] [collision_monitor]: Robot to continue normal operation
[controller_server-15] [WARN] [1790430692.671790604] [controller_server]: RegulatedPurePursuitController detected collision ahead!
[controller_server-15] [WARN] [1790430692.721588459] [controller_server]: RegulatedPurePursuitController detected collision ahead!
[controller_server-15] [WARN] [1790430692.821571824] [controller_server]: RegulatedPurePursuitController detected collision ahead!
[controller_server-15] [WARN] [1790430692.871575376] [controller_server]: RegulatedPurePursuitController detected collision ahead!
[controller_server-15] [INFO] [1790430692.921323517] [controller_server]: Passing new path to controller.
[controller_server-15] [WARN] [1790430692.921897600] [controller_server]: RegulatedPurePursuitController detected collision ahead!
[controller_server-15] [WARN] [1790430693.121604263] [controller_server]: RegulatedPurePursuitController detected collision ahead!
[collision_monitor-23] [INFO] [1790430693.315323195] [collision_monitor]: Robot to approach for 1.200000 seconds away from collision
[collision_monitor-23] [INFO] [1790430693.354986240] [collision_monitor]: Robot to continue normal operation
[collision_monitor-23] [INFO] [1790430693.415181794] [collision_monitor]: Robot to approach for 1.200000 seconds away from collision
[collision_monitor-23] [INFO] [1790430693.454972964] [collision_monitor]: Robot to continue normal operation
[controller_server-15] [WARN] [1790430693.471605591] [controller_server]: RegulatedPurePursuitController detected collision ahead!
[controller_server-15] [WARN] [1790430693.521577342] [controller_server]: RegulatedPurePursuitController detected collision ahead!
[controller_server-15] [WARN] [1790430693.671592025] [controller_server]: RegulatedPurePursuitController detected collision ahead!
[controller_server-15] [WARN] [1790430693.721618798] [controller_server]: RegulatedPurePursuitController detected collision ahead!
[controller_server-15] [INFO] [1790430693.921357292] [controller_server]: Passing new path to controller.
[controller_server-15] [WARN] [1790430693.921834251] [controller_server]: RegulatedPurePursuitController detected collision ahead!
[controller_server-15] [WARN] [1790430694.071572072] [controller_server]: RegulatedPurePursuitController detected collision ahead!
[controller_server-15] [WARN] [1790430694.121731825] [controller_server]: RegulatedPurePursuitController detected collision ahead!
[controller_server-15] [WARN] [1790430694.271813793] [controller_server]: RegulatedPurePursuitController detected collision ahead!
[controller_server-15] [WARN] [1790430694.321790820] [controller_server]: RegulatedPurePursuitController detected collision ahead!
[controller_server-15] [WARN] [1790430694.621605293] [controller_server]: RegulatedPurePursuitController detected collision ahead!
[controller_server-15] [WARN] [1790430694.671577921] [controller_server]: RegulatedPurePursuitController detected collision ahead!
[controller_server-15] [WARN] [1790430694.721577431] [controller_server]: RegulatedPurePursuitController detected collision ahead!
[controller_server-15] [WARN] [1790430694.871763086] [controller_server]: RegulatedPurePursuitController detected collision ahead!
[controller_server-15] [WARN] [1790430694.921659048] [controller_server]: RegulatedPurePursuitController detected collision ahead!
[controller_server-15] [INFO] [1790430694.971358669] [controller_server]: Passing new path to controller.
[controller_server-15] [WARN] [1790430695.121590709] [controller_server]: RegulatedPurePursuitController detected collision ahead!
[collision_monitor-23] [INFO] [1790430695.315201224] [collision_monitor]: Robot to approach for 1.200000 seconds away from collision
[controller_server-15] [WARN] [1790430695.321595535] [controller_server]: RegulatedPurePursuitController detected collision ahead!
[collision_monitor-23] [INFO] [1790430695.354980446] [collision_monitor]: Robot to continue normal operation
[controller_server-15] [WARN] [1790430695.521785532] [controller_server]: RegulatedPurePursuitController detected collision ahead!
[controller_server-15] [WARN] [1790430695.721600859] [controller_server]: RegulatedPurePursuitController detected collision ahead!
[controller_server-15] [WARN] [1790430695.921747006] [controller_server]: RegulatedPurePursuitController detected collision ahead!
[controller_server-15] [INFO] [1790430695.971357362] [controller_server]: Passing new path to controller.
[collision_monitor-23] [INFO] [1790430696.015118314] [collision_monitor]: Robot to approach for 1.200000 seconds away from collision
[collision_monitor-23] [INFO] [1790430696.054988685] [collision_monitor]: Robot to continue normal operation
[controller_server-15] [WARN] [1790430696.121589795] [controller_server]: RegulatedPurePursuitController detected collision ahead!
[controller_server-15] [WARN] [1790430696.321596589] [controller_server]: RegulatedPurePursuitController detected collision ahead!
[controller_server-15] [WARN] [1790430696.721574149] [controller_server]: RegulatedPurePursuitController detected collision ahead!
[controller_server-15] [WARN] [1790430696.771612068] [controller_server]: RegulatedPurePursuitController detected collision ahead!
[controller_server-15] [WARN] [1790430696.821603206] [controller_server]: RegulatedPurePursuitController detected collision ahead!
[controller_server-15] [WARN] [1790430696.871640148] [controller_server]: RegulatedPurePursuitController detected collision ahead!
[controller_server-15] [WARN] [1790430696.921665289] [controller_server]: RegulatedPurePursuitController detected collision ahead!
[controller_server-15] [INFO] [1790430697.021358095] [controller_server]: Passing new path to controller.
[controller_server-15] [WARN] [1790430697.021727877] [controller_server]: RegulatedPurePursuitController detected collision ahead!
[controller_server-15] [WARN] [1790430697.071586110] [controller_server]: RegulatedPurePursuitController detected collision ahead!
[controller_server-15] [WARN] [1790430697.121580498] [controller_server]: RegulatedPurePursuitController detected collision ahead!
[collision_monitor-23] [INFO] [1790430697.715130001] [collision_monitor]: Robot to approach for 1.200000 seconds away from collision
[controller_server-15] [WARN] [1790430697.721582624] [controller_server]: RegulatedPurePursuitController detected collision ahead!
[collision_monitor-23] [INFO] [1790430697.754934071] [collision_monitor]: Robot to continue normal operation
[collision_monitor-23] [INFO] [1790430697.815203332] [collision_monitor]: Robot to approach for 1.200000 seconds away from collision
[collision_monitor-23] [INFO] [1790430697.854926547] [collision_monitor]: Robot to continue normal operation
[collision_monitor-23] [INFO] [1790430697.915167600] [collision_monitor]: Robot to approach for 1.200000 seconds away from collision
[controller_server-15] [WARN] [1790430697.921565342] [controller_server]: RegulatedPurePursuitController detected collision ahead!
[collision_monitor-23] [INFO] [1790430697.954921676] [collision_monitor]: Robot to continue normal operation
[collision_monitor-23] [INFO] [1790430698.015130622] [collision_monitor]: Robot to approach for 1.200000 seconds away from collision
[controller_server-15] [INFO] [1790430698.021358070] [controller_server]: Passing new path to controller.
[collision_monitor-23] [INFO] [1790430698.055107394] [collision_monitor]: Robot to continue normal operation
[collision_monitor-23] [INFO] [1790430698.115178892] [collision_monitor]: Robot to approach for 1.200000 seconds away from collision
[controller_server-15] [WARN] [1790430698.121585646] [controller_server]: RegulatedPurePursuitController detected collision ahead!
[collision_monitor-23] [INFO] [1790430698.154990882] [collision_monitor]: Robot to continue normal operation
[controller_server-15] [WARN] [1790430698.171588521] [controller_server]: RegulatedPurePursuitController detected collision ahead!
[controller_server-15] [WARN] [1790430698.221770072] [controller_server]: RegulatedPurePursuitController detected collision ahead!
[controller_server-15] [WARN] [1790430698.271572903] [controller_server]: RegulatedPurePursuitController detected collision ahead!
[controller_server-15] [WARN] [1790430698.321561045] [controller_server]: RegulatedPurePursuitController detected collision ahead!
[controller_server-15] [WARN] [1790430698.371593873] [controller_server]: RegulatedPurePursuitController detected collision ahead!
[controller_server-15] [WARN] [1790430698.421553876] [controller_server]: RegulatedPurePursuitController detected collision ahead!
[controller_server-15] [ERROR] [1790430698.421598493] [controller_server]: Controller patience exceeded
[controller_server-15] [WARN] [1790430698.421693312] [controller_server]: [follow_path] [ActionServer] Aborting handle.
[controller_server-15] [INFO] [1790430698.441087993] [local_costmap.local_costmap]: Received request to clear entirely the local_costmap
[controller_server-15] [INFO] [1790430698.441588066] [controller_server]: Received a goal, begin computing control effort.
[controller_server-15] [WARN] [1790430698.552149664] [controller_server]: Control loop missed its desired rate of 20.0000 Hz. Current loop rate is 9.0090 Hz.
[controller_server-15] [INFO] [1790430699.052292604] [controller_server]: Passing new path to controller.
[collision_monitor-23] [INFO] [1790430699.115125582] [collision_monitor]: Robot to approach for 1.200000 seconds away from collision
[collision_monitor-23] [INFO] [1790430699.154949821] [collision_monitor]: Robot to continue normal operation
[controller_server-15] [WARN] [1790430699.202503338] [controller_server]: RegulatedPurePursuitController detected collision ahead!
[collision_monitor-23] [INFO] [1790430699.215083787] [collision_monitor]: Robot to approach for 1.200000 seconds away from collision
[controller_server-15] [WARN] [1790430699.252589270] [controller_server]: RegulatedPurePursuitController detected collision ahead!
[collision_monitor-23] [INFO] [1790430699.254946638] [collision_monitor]: Robot to continue normal operation
[controller_server-15] [WARN] [1790430699.302536812] [controller_server]: RegulatedPurePursuitController detected collision ahead!
[controller_server-15] [WARN] [1790430699.452528092] [controller_server]: RegulatedPurePursuitController detected collision ahead!
[controller_server-15] [WARN] [1790430699.502502376] [controller_server]: RegulatedPurePursuitController detected collision ahead!
[controller_server-15] [WARN] [1790430699.652473617] [controller_server]: RegulatedPurePursuitController detected collision ahead!
[controller_server-15] [WARN] [1790430699.702518353] [controller_server]: RegulatedPurePursuitController detected collision ahead!
[controller_server-15] [WARN] [1790430699.852501952] [controller_server]: RegulatedPurePursuitController detected collision ahead!
[controller_server-15] [WARN] [1790430699.902658545] [controller_server]: RegulatedPurePursuitController detected collision ahead!
[controller_server-15] [INFO] [1790430700.052300328] [controller_server]: Passing new path to controller.
[controller_server-15] [WARN] [1790430700.202484293] [controller_server]: RegulatedPurePursuitController detected collision ahead!
[controller_server-15] [WARN] [1790430700.252494714] [controller_server]: RegulatedPurePursuitController detected collision ahead!
[controller_server-15] [WARN] [1790430700.302476926] [controller_server]: RegulatedPurePursuitController detected collision ahead!
[controller_server-15] [WARN] [1790430700.402476611] [controller_server]: RegulatedPurePursuitController detected collision ahead!
[controller_server-15] [WARN] [1790430700.452593651] [controller_server]: RegulatedPurePursuitController detected collision ahead!
[controller_server-15] [WARN] [1790430700.502501362] [controller_server]: RegulatedPurePursuitController detected collision ahead!
[controller_server-15] [WARN] [1790430700.702493121] [controller_server]: RegulatedPurePursuitController detected collision ahead!
[collision_monitor-23] [INFO] [1790430700.915062265] [collision_monitor]: Robot to approach for 1.200000 seconds away from collision
[collision_monitor-23] [INFO] [1790430700.955011098] [collision_monitor]: Robot to continue normal operation
[controller_server-15] [INFO] [1790430701.102292171] [controller_server]: Passing new path to controller.
[controller_server-15] [WARN] [1790430701.102684578] [controller_server]: RegulatedPurePursuitController detected collision ahead!
[controller_server-15] [WARN] [1790430701.252473246] [controller_server]: RegulatedPurePursuitController detected collision ahead!
[controller_server-15] [WARN] [1790430701.302473580] [controller_server]: RegulatedPurePursuitController detected collision ahead!
[controller_server-15] [WARN] [1790430701.502465488] [controller_server]: RegulatedPurePursuitController detected collision ahead!
[controller_server-15] [WARN] [1790430701.902468856] [controller_server]: RegulatedPurePursuitController detected collision ahead!
[collision_monitor-23] [INFO] [1790430702.015220859] [collision_monitor]: Robot to approach for 1.200000 seconds away from collision
[collision_monitor-23] [INFO] [1790430702.054904912] [collision_monitor]: Robot to continue normal operation
[controller_server-15] [INFO] [1790430702.102289145] [controller_server]: Passing new path to controller.
[controller_server-15] [WARN] [1790430702.102540927] [controller_server]: RegulatedPurePursuitController detected collision ahead!
[collision_monitor-23] [INFO] [1790430702.216020422] [collision_monitor]: Robot to approach for 1.200000 seconds away from collision
[collision_monitor-23] [INFO] [1790430702.254940819] [collision_monitor]: Robot to continue normal operation
[controller_server-15] [WARN] [1790430702.402557048] [controller_server]: RegulatedPurePursuitController detected collision ahead!
[controller_server-15] [WARN] [1790430702.452448215] [controller_server]: RegulatedPurePursuitController detected collision ahead!
[controller_server-15] [WARN] [1790430702.502461364] [controller_server]: RegulatedPurePursuitController detected collision ahead!
[controller_server-15] [WARN] [1790430702.702497759] [controller_server]: RegulatedPurePursuitController detected collision ahead!
[controller_server-15] [INFO] [1790430703.152290343] [controller_server]: Passing new path to controller.
[controller_server-15] [INFO] [1790430704.152292961] [controller_server]: Passing new path to controller.
[controller_server-15] [INFO] [1790430705.202293030] [controller_server]: Passing new path to controller.
[controller_server-15] [INFO] [1790430706.202317200] [controller_server]: Passing new path to controller.
[controller_server-15] [INFO] [1790430707.252294480] [controller_server]: Passing new path to controller.
[controller_server-15] [INFO] [1790430708.252289638] [controller_server]: Passing new path to controller.
[controller_server-15] [INFO] [1790430709.302295787] [controller_server]: Passing new path to controller.
[controller_server-15] [INFO] [1790430710.302301371] [controller_server]: Passing new path to controller.
[controller_server-15] [INFO] [1790430711.352299788] [controller_server]: Passing new path to controller.
[controller_server-15] [INFO] [1790430712.352314739] [controller_server]: Passing new path to controller.
[controller_server-15] [INFO] [1790430713.352298777] [controller_server]: Passing new path to controller.
[controller_server-15] [INFO] [1790430714.402271765] [controller_server]: Passing new path to controller.
[controller_server-15] [INFO] [1790430715.402299993] [controller_server]: Passing new path to controller.
[controller_server-15] [INFO] [1790430716.452294547] [controller_server]: Passing new path to controller.
[controller_server-15] [INFO] [1790430717.452292802] [controller_server]: Passing new path to controller.
[controller_server-15] [INFO] [1790430718.502295361] [controller_server]: Passing new path to controller.
[controller_server-15] [INFO] [1790430719.502298125] [controller_server]: Passing new path to controller.
[controller_server-15] [INFO] [1790430720.552288708] [controller_server]: Passing new path to controller.
[controller_server-15] [INFO] [1790430721.552295690] [controller_server]: Passing new path to controller.
[controller_server-15] [INFO] [1790430722.602297955] [controller_server]: Passing new path to controller.
[controller_server-15] [INFO] [1790430723.602289522] [controller_server]: Passing new path to controller.
[controller_server-15] [INFO] [1790430724.652293264] [controller_server]: Passing new path to controller.
[controller_server-15] [INFO] [1790430725.652296428] [controller_server]: Passing new path to controller.
[controller_server-15] [INFO] [1790430726.702293255] [controller_server]: Passing new path to controller.
[controller_server-15] [INFO] [1790430727.702291735] [controller_server]: Passing new path to controller.
[controller_server-15] [INFO] [1790430728.752297138] [controller_server]: Passing new path to controller.
[controller_server-15] [INFO] [1790430729.752287780] [controller_server]: Passing new path to controller.
[controller_server-15] [INFO] [1790430730.802289038] [controller_server]: Passing new path to controller.
[controller_server-15] [INFO] [1790430731.802292081] [controller_server]: Passing new path to controller.
[controller_server-15] [INFO] [1790430732.852294210] [controller_server]: Passing new path to controller.
[controller_server-15] [INFO] [1790430733.852294073] [controller_server]: Passing new path to controller.
[controller_server-15] [INFO] [1790430734.902297271] [controller_server]: Passing new path to controller.
[controller_server-15] [INFO] [1790430735.902299737] [controller_server]: Passing new path to controller.
[controller_server-15] [INFO] [1790430736.952287096] [controller_server]: Passing new path to controller.
[controller_server-15] [INFO] [1790430737.952293971] [controller_server]: Passing new path to controller.
[controller_server-15] [INFO] [1790430737.952499117] [controller_server]: Reached the goal!
[bt_navigator-20] [INFO] [1790430737.990735757] [bt_navigator]: Goal succeeded
[nav_benchmark_runner.py-9] [INFO] [1790430738.998355068] [nav_benchmark_runner]: Saved trial 5 (north_east_corridor): SUCCEEDED, error=0.079 m
[INFO] [nav_benchmark_runner.py-9]: process has finished cleanly [pid 805217]
[INFO] [gz-27]: process started with pid [806863]
[gazebo-1] [WARN] [1790430739.445533788] [diff_drive_base_controller]: Velocity command timed out. Braking.
[gz-27] data: true
[gz-27] 
[INFO] [gz-27]: process has finished cleanly [pid 806863]
[INFO] [twist_to_twist_stamped_node.py-26]: sending signal 'SIGINT' to process[twist_to_twist_stamped_node.py-26]
[INFO] [lifecycle_manager-25]: sending signal 'SIGINT' to process[lifecycle_manager-25]
[INFO] [opennav_docking-24]: sending signal 'SIGINT' to process[opennav_docking-24]
[INFO] [collision_monitor-23]: sending signal 'SIGINT' to process[collision_monitor-23]
[INFO] [velocity_smoother-22]: sending signal 'SIGINT' to process[velocity_smoother-22]
[INFO] [waypoint_follower-21]: sending signal 'SIGINT' to process[waypoint_follower-21]
[INFO] [bt_navigator-20]: sending signal 'SIGINT' to process[bt_navigator-20]
[INFO] [behavior_server-19]: sending signal 'SIGINT' to process[behavior_server-19]
[INFO] [route_server-18]: sending signal 'SIGINT' to process[route_server-18]
[INFO] [planner_server-17]: sending signal 'SIGINT' to process[planner_server-17]
[INFO] [smoother_server-16]: sending signal 'SIGINT' to process[smoother_server-16]
[INFO] [controller_server-15]: sending signal 'SIGINT' to process[controller_server-15]
[INFO] [lifecycle_manager-14]: sending signal 'SIGINT' to process[lifecycle_manager-14]
[INFO] [amcl-13]: sending signal 'SIGINT' to process[amcl-13]
[INFO] [map_server-12]: sending signal 'SIGINT' to process[map_server-12]
[INFO] [ekf_node-7]: sending signal 'SIGINT' to process[ekf_node-7]
[INFO] [imu_covariance_node.py-6]: sending signal 'SIGINT' to process[imu_covariance_node.py-6]
[INFO] [parameter_bridge-5]: sending signal 'SIGINT' to process[parameter_bridge-5]
[INFO] [parameter_bridge-4]: sending signal 'SIGINT' to process[parameter_bridge-4]
[INFO] [parameter_bridge-3]: sending signal 'SIGINT' to process[parameter_bridge-3]
[INFO] [robot_state_publisher-2]: sending signal 'SIGINT' to process[robot_state_publisher-2]
[INFO] [gazebo-1]: sending signal 'SIGINT' to process[gazebo-1]
[lifecycle_manager-25] [INFO] [1790430739.580566788] [rclcpp]: signal_handler(SIGINT/SIGTERM)
[lifecycle_manager-25] [INFO] [1790430739.580706229] [lifecycle_manager_navigation]: Running Nav2 LifecycleManager rcl preshutdown (lifecycle_manager_navigation)
[lifecycle_manager-25] [INFO] [1790430739.580766767] [lifecycle_manager_navigation]: [34m[1mTerminating bond timer...[0m[0m
[opennav_docking-24] [INFO] [1790430739.584902505] [rclcpp]: signal_handler(SIGINT/SIGTERM)
[opennav_docking-24] [INFO] [1790430739.585062684] [docking_server]: Running Nav2 LifecycleNode rcl preshutdown (docking_server)
[opennav_docking-24] [INFO] [1790430739.585165955] [docking_server]: Deactivating docking_server
[collision_monitor-23] [INFO] [1790430739.589011430] [rclcpp]: signal_handler(SIGINT/SIGTERM)
[collision_monitor-23] [INFO] [1790430739.589189833] [collision_monitor]: Running Nav2 LifecycleNode rcl preshutdown (collision_monitor)
[collision_monitor-23] [INFO] [1790430739.589266082] [collision_monitor]: Deactivating
[collision_monitor-23] [INFO] [1790430739.589302321] [collision_monitor]: Destroying bond (collision_monitor) to lifecycle manager.
[velocity_smoother-22] [INFO] [1790430739.593382898] [rclcpp]: signal_handler(SIGINT/SIGTERM)
[velocity_smoother-22] [INFO] [1790430739.593537421] [velocity_smoother]: Running Nav2 LifecycleNode rcl preshutdown (velocity_smoother)
[velocity_smoother-22] [INFO] [1790430739.593644881] [velocity_smoother]: Deactivating
[velocity_smoother-22] [INFO] [1790430739.593690756] [velocity_smoother]: Destroying bond (velocity_smoother) to lifecycle manager.
[waypoint_follower-21] [INFO] [1790430739.598032897] [rclcpp]: signal_handler(SIGINT/SIGTERM)
[waypoint_follower-21] [INFO] [1790430739.598173246] [waypoint_follower]: Running Nav2 LifecycleNode rcl preshutdown (waypoint_follower)
[waypoint_follower-21] [INFO] [1790430739.598256128] [waypoint_follower]: Deactivating
[waypoint_follower-21] [INFO] [1790430739.598295300] [waypoint_follower]: Destroying bond (waypoint_follower) to lifecycle manager.
[opennav_docking-24] [INFO] [1790430739.599263354] [docking_server]: Destroying bond (docking_server) to lifecycle manager.
[collision_monitor-23] [INFO] [1790430739.599989884] [collision_monitor]: Cleaning up
[collision_monitor-23] [INFO] [1790430739.600046163] [collision_monitor]: [FootprintApproach]: Destroying Polygon
[collision_monitor-23] [INFO] [1790430739.600069066] [collision_monitor]: [scan]: Destroying Scan
[bt_navigator-20] [INFO] [1790430739.602015858] [rclcpp]: signal_handler(SIGINT/SIGTERM)
[bt_navigator-20] [INFO] [1790430739.602103838] [bt_navigator]: Running Nav2 LifecycleNode rcl preshutdown (bt_navigator)
[bt_navigator-20] [INFO] [1790430739.602180087] [bt_navigator]: Deactivating
[bt_navigator-20] [INFO] [1790430739.602237902] [bt_navigator]: Destroying bond (bt_navigator) to lifecycle manager.
[velocity_smoother-22] [INFO] [1790430739.604095877] [velocity_smoother]: Cleaning up
[velocity_smoother-22] [INFO] [1790430739.604154320] [velocity_smoother]: Destroying bond (velocity_smoother) to lifecycle manager.
[collision_monitor-23] [INFO] [1790430739.604698048] [collision_monitor]: Destroying bond (collision_monitor) to lifecycle manager.
[behavior_server-19] [INFO] [1790430739.606195377] [rclcpp]: signal_handler(SIGINT/SIGTERM)
[behavior_server-19] [INFO] [1790430739.606378318] [behavior_server]: Running Nav2 LifecycleNode rcl preshutdown (behavior_server)
[behavior_server-19] [INFO] [1790430739.606459525] [behavior_server]: Deactivating
[behavior_server-19] [INFO] [1790430739.606506028] [behavior_server]: Destroying bond (behavior_server) to lifecycle manager.
[waypoint_follower-21] [INFO] [1790430739.608924978] [waypoint_follower]: Cleaning up
[opennav_docking-24] [INFO] [1790430739.610300741] [docking_server]: Cleaning up docking_server
[route_server-18] [INFO] [1790430739.610975809] [rclcpp]: signal_handler(SIGINT/SIGTERM)
[route_server-18] [INFO] [1790430739.611143669] [route_server]: Running Nav2 LifecycleNode rcl preshutdown (route_server)
[route_server-18] [INFO] [1790430739.611231020] [route_server]: Deactivating
[route_server-18] [INFO] [1790430739.611264117] [route_server]: Destroying bond (route_server) to lifecycle manager.
[velocity_smoother-22] [INFO] [1790430739.612542823] [velocity_smoother]: Destroying
[bt_navigator-20] [INFO] [1790430739.613021055] [bt_navigator]: Cleaning up
[planner_server-17] [INFO] [1790430739.616390533] [rclcpp]: signal_handler(SIGINT/SIGTERM)
[planner_server-17] [INFO] [1790430739.616487660] [planner_server]: Running Nav2 LifecycleNode rcl preshutdown (planner_server)
[planner_server-17] [INFO] [1790430739.616571869] [planner_server]: Deactivating
[planner_server-17] [INFO] [1790430739.616619839] [global_costmap.global_costmap]: Deactivating
[collision_monitor-23] [INFO] [1790430739.616576617] [collision_monitor]: Destroying
[behavior_server-19] [INFO] [1790430739.617480083] [behavior_server]: Cleaning up
[route_server-18] [INFO] [1790430739.621807840] [route_server]: Cleaning up
[smoother_server-16] [INFO] [1790430739.624734208] [rclcpp]: signal_handler(SIGINT/SIGTERM)
[smoother_server-16] [INFO] [1790430739.624881400] [smoother_server]: Running Nav2 LifecycleNode rcl preshutdown (smoother_server)
[smoother_server-16] [INFO] [1790430739.624960441] [smoother_server]: Deactivating
[smoother_server-16] [INFO] [1790430739.624987534] [smoother_server]: Destroying bond (smoother_server) to lifecycle manager.
[controller_server-15] [INFO] [1790430739.628535903] [rclcpp]: signal_handler(SIGINT/SIGTERM)
[controller_server-15] [INFO] [1790430739.628622137] [controller_server]: Running Nav2 LifecycleNode rcl preshutdown (controller_server)
[controller_server-15] [INFO] [1790430739.628714655] [controller_server]: Deactivating
[controller_server-15] [INFO] [1790430739.629125366] [controller_server]: Deactivating controller: FollowPath of type regulated_pure_pursuit_controller::RegulatedPurePursuitController
[controller_server-15] [INFO] [1790430739.629173616] [local_costmap.local_costmap]: Deactivating
[behavior_server-19] [INFO] [1790430739.635064616] [behavior_server]: Destroying bond (behavior_server) to lifecycle manager.
[lifecycle_manager-14] [INFO] [1790430739.635655406] [rclcpp]: signal_handler(SIGINT/SIGTERM)
[lifecycle_manager-14] [INFO] [1790430739.635802806] [lifecycle_manager_localization]: Running Nav2 LifecycleManager rcl preshutdown (lifecycle_manager_localization)
[lifecycle_manager-14] [INFO] [1790430739.635840372] [lifecycle_manager_localization]: [34m[1mTerminating bond timer...[0m[0m
[smoother_server-16] [INFO] [1790430739.636169807] [smoother_server]: Cleaning up
[amcl-13] [INFO] [1790430739.637790796] [rclcpp]: signal_handler(SIGINT/SIGTERM)
[amcl-13] [INFO] [1790430739.638096350] [amcl]: Running Nav2 LifecycleNode rcl preshutdown (amcl)
[amcl-13] [INFO] [1790430739.638180978] [amcl]: Deactivating
[amcl-13] [INFO] [1790430739.638217915] [amcl]: Destroying bond (amcl) to lifecycle manager.
[opennav_docking-24] [INFO] [1790430739.643599821] [docking_server]: Destroying bond (docking_server) to lifecycle manager.
[map_server-12] [INFO] [1790430739.647656238] [rclcpp]: signal_handler(SIGINT/SIGTERM)
[map_server-12] [INFO] [1790430739.647815509] [map_server]: Running Nav2 LifecycleNode rcl preshutdown (map_server)
[map_server-12] [INFO] [1790430739.647896646] [map_server]: Deactivating
[map_server-12] [INFO] [1790430739.647928137] [map_server]: Destroying bond (map_server) to lifecycle manager.
[ekf_node-7] [INFO] [1790430739.650048095] [rclcpp]: signal_handler(SIGINT/SIGTERM)
[amcl-13] [INFO] [1790430739.650567105] [amcl]: Cleaning up
[map_server-12] [INFO] [1790430739.658714572] [map_server]: Cleaning up
[map_server-12] [INFO] [1790430739.658781953] [map_server]: Destroying bond (map_server) to lifecycle manager.
[parameter_bridge-5] [INFO] [1790430739.660830341] [rclcpp]: signal_handler(SIGINT/SIGTERM)
[parameter_bridge-4] [INFO] [1790430739.667107194] [rclcpp]: signal_handler(SIGINT/SIGTERM)
[smoother_server-16] [INFO] [1790430739.669770462] [smoother_server]: Destroying bond (smoother_server) to lifecycle manager.
[parameter_bridge-3] [INFO] [1790430739.671241606] [rclcpp]: signal_handler(SIGINT/SIGTERM)
[waypoint_follower-21] [INFO] [1790430739.674712679] [waypoint_follower]: Destroying bond (waypoint_follower) to lifecycle manager.
[robot_state_publisher-2] [INFO] [1790430739.676829356] [rclcpp]: signal_handler(SIGINT/SIGTERM)
[waypoint_follower-21] [INFO] [1790430739.680077338] [waypoint_follower]: Destroying
[opennav_docking-24] [INFO] [1790430739.680745843] [docking_server]: Destroying
[smoother_server-16] [INFO] [1790430739.685274487] [smoother_server]: Destroying
[map_server-12] [INFO] [1790430739.695039312] [map_server]: Destroying
[lifecycle_manager-14] [INFO] [1790430739.702257128] [lifecycle_manager_localization]: Destroying lifecycle_manager_localization
[amcl-13] [INFO] [1790430739.703643923] [amcl]: Destroying bond (amcl) to lifecycle manager.
[route_server-18] [INFO] [1790430739.704380577] [route_server]: Destroying bond (route_server) to lifecycle manager.
[amcl-13] [INFO] [1790430739.711899898] [amcl]: Destroying
[route_server-18] [INFO] [1790430739.725720092] [route_server]: Destroying
[controller_server-15] [INFO] [1790430739.748160957] [controller_server]: Destroying bond (controller_server) to lifecycle manager.
[controller_server-15] [INFO] [1790430739.758506168] [controller_server]: Cleaning up
[controller_server-15] [INFO] [1790430739.758572991] [controller_server]: Cleaning up controller: FollowPath of type regulated_pure_pursuit_controller::RegulatedPurePursuitController
[controller_server-15] [INFO] [1790430739.758680870] [local_costmap.local_costmap]: Cleaning up
[lifecycle_manager-25] [INFO] [1790430739.761387499] [lifecycle_manager_navigation]: Destroying lifecycle_manager_navigation
[behavior_server-19] [INFO] [1790430739.770374123] [behavior_server]: Destroying
[INFO] [velocity_smoother-22]: process has finished cleanly [pid 805544]
[controller_server-15] [INFO] [1790430739.790753194] [controller_server]: Destroying bond (controller_server) to lifecycle manager.
[controller_server-15] [INFO] [1790430739.795755112] [local_costmap.local_costmap]: Destroying
[controller_server-15] [INFO] [1790430739.801460518] [controller_server]: Destroying
[bt_navigator-20] [INFO] [1790430739.812364608] [bt_navigator]: Completed Cleaning up
[bt_navigator-20] [INFO] [1790430739.812443720] [bt_navigator]: Destroying bond (bt_navigator) to lifecycle manager.
[INFO] [parameter_bridge-4]: process has finished cleanly [pid 805210]
[bt_navigator-20] [INFO] [1790430739.817181838] [bt_navigator]: Destroying
[INFO] [parameter_bridge-3]: process has finished cleanly [pid 805208]
[INFO] [parameter_bridge-5]: process has finished cleanly [pid 805211]
[INFO] [collision_monitor-23]: process has finished cleanly [pid 805545]
[INFO] [opennav_docking-24]: process has finished cleanly [pid 805546]
[INFO] [ekf_node-7]: process has finished cleanly [pid 805213]
[INFO] [map_server-12]: process has finished cleanly [pid 805534]
[INFO] [lifecycle_manager-14]: process has finished cleanly [pid 805536]
[INFO] [twist_to_twist_stamped_node.py-26]: process has finished cleanly [pid 805548]
[INFO] [waypoint_follower-21]: process has finished cleanly [pid 805543]
[INFO] [robot_state_publisher-2]: process has finished cleanly [pid 805207]
[INFO] [smoother_server-16]: process has finished cleanly [pid 805538]
[INFO] [amcl-13]: process has finished cleanly [pid 805535]
[INFO] [lifecycle_manager-25]: process has finished cleanly [pid 805547]
[INFO] [route_server-18]: process has finished cleanly [pid 805540]
[INFO] [behavior_server-19]: process has finished cleanly [pid 805541]
[INFO] [controller_server-15]: process has finished cleanly [pid 805537]
[INFO] [imu_covariance_node.py-6]: process has finished cleanly [pid 805212]
[INFO] [bt_navigator-20]: process has finished cleanly [pid 805542]
[planner_server-17] [INFO] [1790430740.461644500] [planner_server]: Deactivating plugin GridBased of type NavfnPlanner
[planner_server-17] [INFO] [1790430740.461715652] [planner_server]: Destroying bond (planner_server) to lifecycle manager.
[planner_server-17] [INFO] [1790430740.471921009] [planner_server]: Cleaning up
[planner_server-17] [INFO] [1790430740.475767185] [global_costmap.global_costmap]: Cleaning up
[planner_server-17] [INFO] [1790430740.477753639] [planner_server]: Cleaning up plugin GridBased of type NavfnPlanner
[planner_server-17] [INFO] [1790430740.477984900] [planner_server]: Destroying plugin GridBased of type NavfnPlanner
[planner_server-17] [INFO] [1790430740.482847381] [planner_server]: Destroying bond (planner_server) to lifecycle manager.
[planner_server-17] [INFO] [1790430740.484874543] [global_costmap.global_costmap]: Destroying
[planner_server-17] [INFO] [1790430740.488860090] [planner_server]: Destroying
[INFO] [planner_server-17]: process has finished cleanly [pid 805539]
[gazebo-1] Stack trace (most recent call last) in thread 806871:
[gazebo-1] #5    Object "[0xffffffffffffffff]", at 0xffffffffffffffff, in 
[gazebo-1] #4    Object "/lib/x86_64-linux-gnu/libc.so.6", at 0x7dd2ba129ecb, in 
[gazebo-1] #3    Object "/lib/x86_64-linux-gnu/libc.so.6", at 0x7dd2ba09cb83, in 
[gazebo-1] #2    Object "/lib/x86_64-linux-gnu/libstdc++.so.6", at 0x7dd2b46ecdb3, in 
[gazebo-1] #1    Object "/opt/ros/jazzy/opt/gz_sim_vendor/lib/libgz-sim8.so.8", at 0x7dd2b37608f0, in 
[gazebo-1] #0    Object "/opt/ros/jazzy/opt/gz_sim_vendor/lib/libgz-sim8.so.8", at 0x7dd2b376aa7c, in 
[gazebo-1] Segmentation fault (Address not mapped to object [(nil)])
[gazebo-1] Segmentation fault (core dumped)
[ERROR] [gazebo-1]: process has died [pid 805206, exit code -2, cmd 'ruby /opt/ros/jazzy/opt/gz_tools_vendor/bin/gz sim -r -s -v 1 /home/xiayuru/robot_ws/install/diffbot_navigation/share/diffbot_navigation/worlds/nav_benchmark_world.sdf --force-version 8'].

Script done on 2026-09-26 21:52:22+08:00 [COMMAND_EXIT_CODE="0"]
