Script started on 2026-09-26 22:00:35+08:00 [COMMAND="bash -lc 'source /opt/ros/jazzy/setup.bash && source install/setup.bash && ros2 launch diffbot_navigation run_benchmark.launch.py repetitions:=1 return_to_start:=true goal_timeout_sec:=180.0 output_csv:=/home/xiayuru/robot_ws/benchmark_results/nav_benchmark_20260926T140003Z.csv'" TERM="dumb" TTY="/dev/pts/12" COLUMNS="80" LINES="24"]
[INFO] [launch]: All log files can be found below /home/xiayuru/.ros/log/2026-09-26-22-00-36-618322-xiayuru-Lenovo-ThinkBook-16p-Gen-2-809231
[INFO] [launch]: Default logging verbosity is set to INFO
[INFO] [gazebo-1]: process started with pid [809276]
[INFO] [robot_state_publisher-2]: process started with pid [809277]
[INFO] [parameter_bridge-3]: process started with pid [809278]
[INFO] [parameter_bridge-4]: process started with pid [809280]
[INFO] [parameter_bridge-5]: process started with pid [809281]
[INFO] [imu_covariance_node.py-6]: process started with pid [809282]
[INFO] [ekf_node-7]: process started with pid [809283]
[INFO] [create-8]: process started with pid [809284]
[INFO] [nav_benchmark_runner.py-9]: process started with pid [809285]
[robot_state_publisher-2] [INFO] [1790431237.123255516] [robot_state_publisher]: Robot initialized
[ekf_node-7] [INFO] [1790431237.138296768] [ekf_filter_node]: Waiting for clock to start...
[create-8] [INFO] [1790431237.150096214] [ros_gz_sim]: Requesting list of world names.
[parameter_bridge-3] [INFO] [1790431237.152625704] [ros_gz_bridge]: Creating GZ->ROS Bridge: [/clock (gz.msgs.Clock) -> /clock (rosgraph_msgs/msg/Clock)] (Lazy 0)
[parameter_bridge-4] [INFO] [1790431237.154508593] [ros_gz_bridge]: Creating GZ->ROS Bridge: [/scan (gz.msgs.LaserScan) -> /scan (sensor_msgs/msg/LaserScan)] (Lazy 0)
[parameter_bridge-5] [INFO] [1790431237.156977606] [ros_gz_bridge]: Creating GZ->ROS Bridge: [/imu (gz.msgs.IMU) -> /imu (sensor_msgs/msg/Imu)] (Lazy 0)
[imu_covariance_node.py-6] [INFO] [1790431237.516137702] [imu_covariance_node]: Relaying /imu/raw to /imu with fallback covariance.
[create-8] [INFO] [1790431237.630358561] [ros_gz_sim]: Waiting messages on topic [robot_description].
[create-8] [INFO] [1790431237.641909465] [ros_gz_sim]: Entity creation successful.
[INFO] [create-8]: process has finished cleanly [pid 809284]
[INFO] [spawner-10]: process started with pid [809448]
[nav_benchmark_runner.py-9] [INFO] [1790431237.844672397] [nav_benchmark_runner]: Benchmark goals: straight_east, east_detour, south_west_corridor, north_west_turn, north_east_corridor; repetitions: 1
[spawner-10] [INFO] [1790431238.129839696] [spawner_joint_state_broadcaster]: waiting for service /controller_manager/list_controllers to become available...
[gazebo-1] [INFO] [1790431239.382107900] [gz_ros_control]: Loading controller_manager
[gazebo-1] [INFO] [1790431239.395525703] [controller_manager]: Using ROS clock for triggering controller manager cycles.
[gazebo-1] [WARN] [1790431239.395562645] [controller_manager]: The resource manager is not yet initialized, will wait for the robot description to initialize it..
[gazebo-1] [INFO] [1790431239.401691986] [controller_manager]: Subscribing to '/robot_description' topic for robot description.
[gazebo-1] [WARN] [1790431239.401740172] [gz_ros_control]: Waiting RM to load and initialize hardware...
[gazebo-1] [INFO] [1790431239.672277724] [controller_manager]: Received robot description from topic.
[gazebo-1] [INFO] [1790431239.672377937] [controller_manager]: Enforcing command limits is disabled. Command limits from URDF will be ignored.
[gazebo-1] [INFO] [1790431239.677144170] [gz_ros_control]: The position_proportional_gain has been set to: 0.1
[gazebo-1] [INFO] [1790431239.677226645] [gz_ros_control]: Loading joint: left_wheel_joint
[gazebo-1] [INFO] [1790431239.677242987] [gz_ros_control]: 	State:
[gazebo-1] [INFO] [1790431239.677259538] [gz_ros_control]: 		 position
[gazebo-1] [INFO] [1790431239.677273505] [gz_ros_control]: 		 velocity
[gazebo-1] [INFO] [1790431239.677290056] [gz_ros_control]: 	Command:
[gazebo-1] [INFO] [1790431239.677303045] [gz_ros_control]: 		 velocity
[gazebo-1] [INFO] [1790431239.677326789] [gz_ros_control]: Loading joint: right_wheel_joint
[gazebo-1] [INFO] [1790431239.677340267] [gz_ros_control]: 	State:
[gazebo-1] [INFO] [1790431239.677353955] [gz_ros_control]: 		 position
[gazebo-1] [INFO] [1790431239.677366944] [gz_ros_control]: 		 velocity
[gazebo-1] [INFO] [1790431239.677380143] [gz_ros_control]: 	Command:
[gazebo-1] [INFO] [1790431239.677393062] [gz_ros_control]: 		 velocity
[gazebo-1] [INFO] [1790431239.677454447] [gz_ros_control]: Loading sensor: imu_sensor
[gazebo-1] [INFO] [1790431239.677473442] [gz_ros_control]: 	State:
[gazebo-1] [WARN] [1790431239.677487549] [gz_ros_control]: IMU sensor 'imu_sensor' not found in hardware_info, skipping.
[gazebo-1] [INFO] [1790431239.677589717] [controller_manager]: Initialize hardware 'GazeboSimSystem' 
[gazebo-1] [WARN] [1790431239.677618769] [controller_manager.hardware_component.system.GazeboSimSystem]: Executor is not available during hardware component initialization for 'GazeboSimSystem'. Skipping node creation!
[gazebo-1] [INFO] [1790431239.677705434] [controller_manager]: Successful initialization of hardware 'GazeboSimSystem'
[gazebo-1] [INFO] [1790431239.677818706] [controller_manager]: Activating component 'GazeboSimSystem'.
[gazebo-1] [INFO] [1790431239.677841053] [resource_manager]: 'configure' hardware 'GazeboSimSystem' 
[gazebo-1] [INFO] [1790431239.677851598] [gz_ros_control]: System Successfully configured!
[gazebo-1] [INFO] [1790431239.677865845] [resource_manager]: Successful 'configure' of hardware 'GazeboSimSystem'
[gazebo-1] [INFO] [1790431239.677877367] [resource_manager]: 'activate' hardware 'GazeboSimSystem' 
[gazebo-1] [INFO] [1790431239.677898737] [resource_manager]: Successful 'activate' of hardware 'GazeboSimSystem'
[gazebo-1] [WARN] [1790431239.677984145] [controller_manager]: Component 'GazeboSimSystem' does not have read or write statistics initialized, skipping registration.
[gazebo-1] [INFO] [1790431239.678000626] [controller_manager]: Resource Manager has been successfully initialized. Starting Controller Manager services...
[gazebo-1] [INFO] [1790431239.883433315] [controller_manager]: Loading controller : 'joint_state_broadcaster' of type 'joint_state_broadcaster/JointStateBroadcaster'
[gazebo-1] [INFO] [1790431239.883497703] [controller_manager]: Loading controller 'joint_state_broadcaster'
[gazebo-1] [INFO] [1790431239.889602672] [controller_manager]: Controller 'joint_state_broadcaster' node arguments: --ros-args --params-file /home/xiayuru/robot_ws/src/diffbot_controllers.yaml -p use_sim_time:=true --param use_sim_time:=true 
[spawner-10] [INFO] [1790431239.904466267] [spawner_joint_state_broadcaster]: Loaded joint_state_broadcaster
[gazebo-1] [INFO] [1790431239.905688238] [controller_manager]: Configuring controller: 'joint_state_broadcaster'
[gazebo-1] [INFO] [1790431239.906001168] [joint_state_broadcaster]: 'joints' or 'interfaces' parameter is empty. All available state interfaces will be published
[gazebo-1] [INFO] [1790431239.916095457] [controller_manager]: Activating controllers: [ joint_state_broadcaster ]
[gazebo-1] [WARN] [1790431241.428986927] [gz_ros_control]:  Desired controller update period (0.01 s) is slower than the gazebo simulation period (0.001 s).
[gazebo-1] libEGL warning: pci id for fd 96: 10de:2520, driver (null)
[gazebo-1] 
[gazebo-1] pci id for fd 97: 10de:2520, driver (null)
[gazebo-1] pci id for fd 98: 10de:2520, driver (null)
[gazebo-1] libEGL warning: egl: failed to create dri2 screen
[gazebo-1] libEGL warning: pci id for fd 96: 10de:2520, driver (null)
[gazebo-1] 
[gazebo-1] pci id for fd 97: 10de:2520, driver (null)
[gazebo-1] pci id for fd 98: 10de:2520, driver (null)
[gazebo-1] libEGL warning: egl: failed to create dri2 screen
[gazebo-1] libEGL warning: pci id for fd 96: 10de:2520, driver (null)
[gazebo-1] 
[gazebo-1] [INFO] [1790431243.425934344] [controller_manager]: Successfully switched controllers!
[spawner-10] [INFO] [1790431243.436814838] [spawner_joint_state_broadcaster]: Configured and activated joint_state_broadcaster
[INFO] [spawner-10]: process has finished cleanly [pid 809448]
[INFO] [spawner-11]: process started with pid [809590]
[spawner-11] [INFO] [1790431243.999739047] [spawner_diff_drive_base_controller]: waiting for service /controller_manager/list_controllers to become available...
[spawner-11] [INFO] [1790431244.508491565] [spawner_diff_drive_base_controller]: Setting controller param "params_file" to "['/home/xiayuru/robot_ws/install/robot_description/share/robot_description/config/controllers.yaml']" for diff_drive_base_controller
[spawner-11] [INFO] [1790431244.516708835] [spawner_diff_drive_base_controller]: Setting controller param "type" to "diff_drive_controller/DiffDriveController" for diff_drive_base_controller
[gazebo-1] [INFO] [1790431244.521248176] [controller_manager]: Loading controller : 'diff_drive_base_controller' of type 'diff_drive_controller/DiffDriveController'
[gazebo-1] [INFO] [1790431244.521312145] [controller_manager]: Loading controller 'diff_drive_base_controller'
[gazebo-1] [INFO] [1790431244.525573823] [controller_manager]: Controller 'diff_drive_base_controller' node arguments: --ros-args --params-file /home/xiayuru/robot_ws/src/diffbot_controllers.yaml -p use_sim_time:=true --params-file /home/xiayuru/robot_ws/install/robot_description/share/robot_description/config/controllers.yaml --param use_sim_time:=true 
[spawner-11] [INFO] [1790431244.549181808] [spawner_diff_drive_base_controller]: Loaded diff_drive_base_controller
[gazebo-1] [INFO] [1790431244.550594080] [controller_manager]: Configuring controller: 'diff_drive_base_controller'
[gazebo-1] [INFO] [1790431244.560242198] [controller_manager]: Activating controllers: [ diff_drive_base_controller ]
[gazebo-1] [INFO] [1790431244.568451437] [controller_manager]: Successfully switched controllers!
[spawner-11] [INFO] [1790431244.579319082] [spawner_diff_drive_base_controller]: Configured and activated diff_drive_base_controller
[INFO] [spawner-11]: process has finished cleanly [pid 809590]
[gazebo-1] [WARN] [1790431245.057967503] [diff_drive_base_controller]: Velocity command timed out. Braking.
[INFO] [map_server-12]: process started with pid [809609]
[INFO] [amcl-13]: process started with pid [809610]
[INFO] [lifecycle_manager-14]: process started with pid [809611]
[INFO] [controller_server-15]: process started with pid [809612]
[INFO] [smoother_server-16]: process started with pid [809613]
[INFO] [planner_server-17]: process started with pid [809614]
[INFO] [route_server-18]: process started with pid [809615]
[INFO] [behavior_server-19]: process started with pid [809616]
[INFO] [bt_navigator-20]: process started with pid [809617]
[INFO] [waypoint_follower-21]: process started with pid [809618]
[INFO] [velocity_smoother-22]: process started with pid [809619]
[INFO] [collision_monitor-23]: process started with pid [809620]
[INFO] [opennav_docking-24]: process started with pid [809621]
[INFO] [lifecycle_manager-25]: process started with pid [809622]
[INFO] [twist_to_twist_stamped_node.py-26]: process started with pid [809623]
[lifecycle_manager-14] [INFO] [1790431245.436131068] [lifecycle_manager_localization]: Creating
[lifecycle_manager-14] [INFO] [1790431245.453057456] [lifecycle_manager_localization]: [34m[1mCreating and initializing lifecycle service clients[0m[0m
[amcl-13] [INFO] [1790431245.465590457] [amcl]: 
[amcl-13] 	amcl lifecycle node launched. 
[amcl-13] 	Waiting on external lifecycle transitions to activate
[amcl-13] 	See https://design.ros2.org/articles/node_lifecycle.html for more information.
[amcl-13] [INFO] [1790431245.467441642] [amcl]: Creating
[velocity_smoother-22] [INFO] [1790431245.465994103] [velocity_smoother]: 
[velocity_smoother-22] 	velocity_smoother lifecycle node launched. 
[velocity_smoother-22] 	Waiting on external lifecycle transitions to activate
[velocity_smoother-22] 	See https://design.ros2.org/articles/node_lifecycle.html for more information.
[collision_monitor-23] [INFO] [1790431245.498020415] [collision_monitor]: 
[collision_monitor-23] 	collision_monitor lifecycle node launched. 
[collision_monitor-23] 	Waiting on external lifecycle transitions to activate
[collision_monitor-23] 	See https://design.ros2.org/articles/node_lifecycle.html for more information.
[bt_navigator-20] [INFO] [1790431245.500470504] [bt_navigator]: 
[bt_navigator-20] 	bt_navigator lifecycle node launched. 
[bt_navigator-20] 	Waiting on external lifecycle transitions to activate
[bt_navigator-20] 	See https://design.ros2.org/articles/node_lifecycle.html for more information.
[bt_navigator-20] [INFO] [1790431245.502069306] [bt_navigator]: Creating
[map_server-12] [INFO] [1790431245.513091916] [map_server]: 
[map_server-12] 	map_server lifecycle node launched. 
[map_server-12] 	Waiting on external lifecycle transitions to activate
[map_server-12] 	See https://design.ros2.org/articles/node_lifecycle.html for more information.
[map_server-12] [INFO] [1790431245.513290876] [map_server]: Creating
[controller_server-15] [INFO] [1790431245.534782375] [controller_server]: 
[controller_server-15] 	controller_server lifecycle node launched. 
[controller_server-15] 	Waiting on external lifecycle transitions to activate
[controller_server-15] 	See https://design.ros2.org/articles/node_lifecycle.html for more information.
[controller_server-15] [INFO] [1790431245.538976942] [controller_server]: Creating controller server
[opennav_docking-24] [INFO] [1790431245.556644977] [docking_server]: 
[opennav_docking-24] 	docking_server lifecycle node launched. 
[opennav_docking-24] 	Waiting on external lifecycle transitions to activate
[opennav_docking-24] 	See https://design.ros2.org/articles/node_lifecycle.html for more information.
[opennav_docking-24] [INFO] [1790431245.556808600] [docking_server]: Creating docking_server
[behavior_server-19] [INFO] [1790431245.568825102] [behavior_server]: 
[behavior_server-19] 	behavior_server lifecycle node launched. 
[behavior_server-19] 	Waiting on external lifecycle transitions to activate
[behavior_server-19] 	See https://design.ros2.org/articles/node_lifecycle.html for more information.
[lifecycle_manager-25] [INFO] [1790431245.573574717] [lifecycle_manager_navigation]: Creating
[planner_server-17] [INFO] [1790431245.585703443] [planner_server]: 
[planner_server-17] 	planner_server lifecycle node launched. 
[planner_server-17] 	Waiting on external lifecycle transitions to activate
[planner_server-17] 	See https://design.ros2.org/articles/node_lifecycle.html for more information.
[lifecycle_manager-14] [INFO] [1790431245.587542756] [lifecycle_manager_localization]: [34m[1mStarting managed nodes bringup...[0m[0m
[lifecycle_manager-14] [INFO] [1790431245.587605608] [lifecycle_manager_localization]: [34m[1mConfiguring map_server[0m[0m
[planner_server-17] [INFO] [1790431245.587687454] [planner_server]: Creating
[lifecycle_manager-25] [INFO] [1790431245.588412481] [lifecycle_manager_navigation]: [34m[1mCreating and initializing lifecycle service clients[0m[0m
[waypoint_follower-21] [INFO] [1790431245.592379456] [waypoint_follower]: 
[waypoint_follower-21] 	waypoint_follower lifecycle node launched. 
[waypoint_follower-21] 	Waiting on external lifecycle transitions to activate
[waypoint_follower-21] 	See https://design.ros2.org/articles/node_lifecycle.html for more information.
[waypoint_follower-21] [INFO] [1790431245.593064676] [waypoint_follower]: Creating
[smoother_server-16] [INFO] [1790431245.604784868] [smoother_server]: 
[smoother_server-16] 	smoother_server lifecycle node launched. 
[smoother_server-16] 	Waiting on external lifecycle transitions to activate
[smoother_server-16] 	See https://design.ros2.org/articles/node_lifecycle.html for more information.
[smoother_server-16] [INFO] [1790431245.607255838] [smoother_server]: Creating smoother server
[route_server-18] [INFO] [1790431245.607778693] [route_server]: 
[route_server-18] 	route_server lifecycle node launched. 
[route_server-18] 	Waiting on external lifecycle transitions to activate
[route_server-18] 	See https://design.ros2.org/articles/node_lifecycle.html for more information.
[controller_server-15] [INFO] [1790431245.609816966] [local_costmap.local_costmap]: 
[controller_server-15] 	local_costmap lifecycle node launched. 
[controller_server-15] 	Waiting on external lifecycle transitions to activate
[controller_server-15] 	See https://design.ros2.org/articles/node_lifecycle.html for more information.
[controller_server-15] [INFO] [1790431245.612011878] [local_costmap.local_costmap]: Creating Costmap
[planner_server-17] [INFO] [1790431245.640738628] [global_costmap.global_costmap]: 
[planner_server-17] 	global_costmap lifecycle node launched. 
[planner_server-17] 	Waiting on external lifecycle transitions to activate
[planner_server-17] 	See https://design.ros2.org/articles/node_lifecycle.html for more information.
[planner_server-17] [INFO] [1790431245.641378247] [global_costmap.global_costmap]: Creating Costmap
[twist_to_twist_stamped_node.py-26] [INFO] [1790431245.935872128] [twist_to_twist_stamped_node]: Converting /cmd_vel_smoothed Twist to /diff_drive_base_controller/cmd_vel TwistStamped.
[map_server-12] [INFO] [1790431246.004319397] [map_server]: Configuring
[map_server-12] [INFO] [1790431246.004396006] [map_io]: Loading yaml file: /home/xiayuru/robot_ws/install/diffbot_navigation/share/diffbot_navigation/maps/nav_benchmark_map.yaml
[map_server-12] [INFO] [1790431246.004721507] [map_io]: resolution: 0.05
[map_server-12] [INFO] [1790431246.004736870] [map_io]: origin[0]: -4.1
[map_server-12] [INFO] [1790431246.004743505] [map_io]: origin[1]: -3.1
[map_server-12] [INFO] [1790431246.004748254] [map_io]: origin[2]: 0
[map_server-12] [INFO] [1790431246.004753910] [map_io]: free_thresh: 0.196
[map_server-12] [INFO] [1790431246.004760195] [map_io]: occupied_thresh: 0.65
[map_server-12] [INFO] [1790431246.004768785] [map_io]: mode: trinary
[map_server-12] [INFO] [1790431246.004777794] [map_io]: negate: 0
[map_server-12] [INFO] [1790431246.005019493] [map_io]: Loading image_file: /home/xiayuru/robot_ws/install/diffbot_navigation/share/diffbot_navigation/maps/nav_benchmark_map.pgm
[map_server-12] [INFO] [1790431246.005764702] [map_io]: Read map /home/xiayuru/robot_ws/install/diffbot_navigation/share/diffbot_navigation/maps/nav_benchmark_map.pgm: 164 X 124 map @ 0.05 m/cell
[lifecycle_manager-14] [INFO] [1790431246.018126678] [lifecycle_manager_localization]: [34m[1mConfiguring amcl[0m[0m
[amcl-13] [INFO] [1790431246.018380458] [amcl]: Configuring
[amcl-13] [INFO] [1790431246.018450642] [amcl]: initTransforms
[amcl-13] [INFO] [1790431246.031231698] [amcl]: initPubSub
[amcl-13] [INFO] [1790431246.045575380] [amcl]: Subscribed to map topic.
[lifecycle_manager-14] [INFO] [1790431246.052513763] [lifecycle_manager_localization]: [34m[1mActivating map_server[0m[0m
[map_server-12] [INFO] [1790431246.052703505] [map_server]: Activating
[map_server-12] [INFO] [1790431246.053040249] [map_server]: Creating bond (map_server) to lifecycle manager.
[amcl-13] [INFO] [1790431246.053201009] [amcl]: Received a 164 X 124 map @ 0.050 m/pix
[gazebo-1] [WARN] [1790431246.120892111] [diff_drive_base_controller]: Velocity command timed out. Braking.
[lifecycle_manager-14] [INFO] [1790431246.165311967] [lifecycle_manager_localization]: Server map_server connected with bond.
[lifecycle_manager-14] [INFO] [1790431246.165354566] [lifecycle_manager_localization]: [34m[1mActivating amcl[0m[0m
[amcl-13] [INFO] [1790431246.165597522] [amcl]: Activating
[amcl-13] [INFO] [1790431246.165642915] [amcl]: initialPoseReceived
[amcl-13] [INFO] [1790431246.165726158] [amcl]: Setting pose (2.684000): 0.300 0.000 0.000
[amcl-13] [INFO] [1790431246.166167515] [amcl]: Creating bond (amcl) to lifecycle manager.
[amcl-13] [INFO] [1790431246.187294198] [amcl]: createLaserObject
[lifecycle_manager-25] [INFO] [1790431246.226308898] [lifecycle_manager_navigation]: [34m[1mStarting managed nodes bringup...[0m[0m
[lifecycle_manager-25] [INFO] [1790431246.226370842] [lifecycle_manager_navigation]: [34m[1mConfiguring controller_server[0m[0m
[controller_server-15] [INFO] [1790431246.226847605] [controller_server]: Configuring controller interface
[controller_server-15] [INFO] [1790431246.226885875] [controller_server]: getting progress checker plugins..
[controller_server-15] [INFO] [1790431246.227680457] [controller_server]: getting goal checker plugins..
[controller_server-15] [INFO] [1790431246.227923483] [controller_server]: Controller frequency set to 20.0000Hz
[controller_server-15] [INFO] [1790431246.227996530] [local_costmap.local_costmap]: Configuring
[controller_server-15] [INFO] [1790431246.240852030] [local_costmap.local_costmap]: Using plugin "voxel_layer"
[controller_server-15] [INFO] [1790431246.245539353] [local_costmap.local_costmap]: Subscribed to Topics: scan
[controller_server-15] [INFO] [1790431246.261767881] [local_costmap.local_costmap]: Initialized plugin "voxel_layer"
[controller_server-15] [INFO] [1790431246.261833037] [local_costmap.local_costmap]: Using plugin "inflation_layer"
[controller_server-15] [INFO] [1790431246.263604541] [local_costmap.local_costmap]: Initialized plugin "inflation_layer"
[lifecycle_manager-14] [INFO] [1790431246.271560559] [lifecycle_manager_localization]: Server amcl connected with bond.
[lifecycle_manager-14] [INFO] [1790431246.271601203] [lifecycle_manager_localization]: [34m[1mManaged nodes are active[0m[0m
[lifecycle_manager-14] [INFO] [1790431246.271619290] [lifecycle_manager_localization]: [34m[1mCreating bond timer...[0m[0m
[controller_server-15] [INFO] [1790431246.295840221] [controller_server]: Created progress_checker : progress_checker of type nav2_controller::PoseProgressChecker
[controller_server-15] [INFO] [1790431246.296695699] [controller_server]: Controller Server has progress_checker  progress checkers available.
[controller_server-15] [INFO] [1790431246.297288668] [controller_server]: Created goal checker : general_goal_checker of type nav2_controller::SimpleGoalChecker
[controller_server-15] [INFO] [1790431246.298102175] [controller_server]: Controller Server has general_goal_checker  goal checkers available.
[controller_server-15] [INFO] [1790431246.299153820] [controller_server]: Created controller : FollowPath of type nav2_regulated_pure_pursuit_controller::RegulatedPurePursuitController
[controller_server-15] [INFO] [1790431246.311573270] [controller_server]: Controller Server has FollowPath  controllers available.
[lifecycle_manager-25] [INFO] [1790431246.326585413] [lifecycle_manager_navigation]: [34m[1mConfiguring smoother_server[0m[0m
[smoother_server-16] [INFO] [1790431246.327028377] [smoother_server]: Configuring smoother server
[smoother_server-16] [INFO] [1790431246.343665929] [smoother_server]: Created smoother : simple_smoother of type nav2_smoother::SimpleSmoother
[smoother_server-16] [INFO] [1790431246.344656398] [smoother_server]: Smoother Server has simple_smoother  smoothers available.
[lifecycle_manager-25] [INFO] [1790431246.354961734] [lifecycle_manager_navigation]: [34m[1mConfiguring planner_server[0m[0m
[planner_server-17] [INFO] [1790431246.355279483] [planner_server]: Configuring
[planner_server-17] [INFO] [1790431246.355322921] [global_costmap.global_costmap]: Configuring
[planner_server-17] [INFO] [1790431246.369015322] [global_costmap.global_costmap]: Using plugin "static_layer"
[planner_server-17] [INFO] [1790431246.373399701] [global_costmap.global_costmap]: Subscribing to the map topic (/map) with transient local durability
[planner_server-17] [INFO] [1790431246.376189189] [global_costmap.global_costmap]: Initialized plugin "static_layer"
[planner_server-17] [INFO] [1790431246.376234861] [global_costmap.global_costmap]: Using plugin "inflation_layer"
[planner_server-17] [INFO] [1790431246.377343282] [global_costmap.global_costmap]: Initialized plugin "inflation_layer"
[planner_server-17] [INFO] [1790431246.413294042] [global_costmap.global_costmap]: StaticLayer: Resizing costmap to 164 X 124 at 0.050000 m/pix
[planner_server-17] [INFO] [1790431246.413834775] [planner_server]: Created global planner plugin GridBased of type nav2_navfn_planner::NavfnPlanner
[planner_server-17] [INFO] [1790431246.413867527] [planner_server]: Configuring plugin GridBased of type NavfnPlanner
[planner_server-17] [INFO] [1790431246.415321561] [planner_server]: Planner Server has GridBased  planners available.
[lifecycle_manager-25] [INFO] [1790431246.433645837] [lifecycle_manager_navigation]: [34m[1mConfiguring route_server[0m[0m
[route_server-18] [INFO] [1790431246.433965681] [route_server]: Configuring
[route_server-18] [INFO] [1790431246.477469931] [route_server]: Created GraphFileLoader GeoJsonGraphFileLoader of type nav2_route::GeoJsonGraphFileLoader
[route_server-18] [INFO] [1790431246.477523634] [route_server]: Configuring geojson graph file loader
[route_server-18] [INFO] [1790431246.477539696] [route_server]: No graph file provided to load yet.
[route_server-18] [INFO] [1790431246.481722461] [route_server]: Created edge cost function plugin DistanceScorer of type nav2_route::DistanceScorer
[route_server-18] [INFO] [1790431246.481769041] [route_server]: Configuring distance scorer.
[route_server-18] [INFO] [1790431246.482305025] [route_server]: Created edge cost function plugin CostmapScorer of type nav2_route::CostmapScorer
[route_server-18] [INFO] [1790431246.482332260] [route_server]: Configuring costmap scorer.
[route_server-18] [INFO] [1790431246.486488628] [route_server]: Created route operation AdjustSpeedLimit of type nav2_route::AdjustSpeedLimit
[route_server-18] [INFO] [1790431246.486526758] [route_server]: Configuring Adjust speed limit operation.
[route_server-18] [INFO] [1790431246.488916720] [route_server]: Created route operation ReroutingService of type nav2_route::ReroutingService
[route_server-18] [INFO] [1790431246.488971540] [route_server]: Configuring Rerouting service operation.
[route_server-18] [INFO] [1790431246.491887429] [route_server]: Created route operation CollisionMonitor of type nav2_route::CollisionMonitor
[route_server-18] [INFO] [1790431246.492143584] [route_server]: Using costmap topic: local_costmap/costmap_raw instead of server costmap topic: global_costmap/costmap_raw for CollisionMonitor.
[lifecycle_manager-25] [INFO] [1790431246.499245381] [lifecycle_manager_navigation]: [34m[1mConfiguring behavior_server[0m[0m
[behavior_server-19] [INFO] [1790431246.499487569] [behavior_server]: Configuring
[behavior_server-19] [INFO] [1790431246.506111136] [behavior_server]: Creating behavior plugin spin of type nav2_behaviors::Spin
[behavior_server-19] [INFO] [1790431246.507196162] [behavior_server]: Creating behavior plugin backup of type nav2_behaviors::BackUp
[behavior_server-19] [INFO] [1790431246.508230557] [behavior_server]: Creating behavior plugin drive_on_heading of type nav2_behaviors::DriveOnHeading
[behavior_server-19] [INFO] [1790431246.509473480] [behavior_server]: Creating behavior plugin assisted_teleop of type nav2_behaviors::AssistedTeleop
[behavior_server-19] [INFO] [1790431246.512045990] [behavior_server]: Creating behavior plugin wait of type nav2_behaviors::Wait
[behavior_server-19] [INFO] [1790431246.521411139] [behavior_server]: Configuring spin
[behavior_server-19] [INFO] [1790431246.533293348] [behavior_server]: Configuring backup
[behavior_server-19] [INFO] [1790431246.540806264] [behavior_server]: Configuring drive_on_heading
[behavior_server-19] [INFO] [1790431246.550379590] [behavior_server]: Configuring assisted_teleop
[behavior_server-19] [INFO] [1790431246.564816293] [behavior_server]: Configuring wait
[lifecycle_manager-25] [INFO] [1790431246.573533512] [lifecycle_manager_navigation]: [34m[1mConfiguring velocity_smoother[0m[0m
[velocity_smoother-22] [INFO] [1790431246.573890858] [velocity_smoother]: Configuring velocity smoother
[lifecycle_manager-25] [INFO] [1790431246.581408103] [lifecycle_manager_navigation]: [34m[1mConfiguring collision_monitor[0m[0m
[collision_monitor-23] [INFO] [1790431246.581802531] [collision_monitor]: Configuring
[collision_monitor-23] [INFO] [1790431246.592307874] [collision_monitor]: [scan]: Creating Scan
[collision_monitor-23] [INFO] [1790431246.597360085] [collision_monitor]: [FootprintApproach]: Creating Polygon
[collision_monitor-23] [INFO] [1790431246.597618614] [collision_monitor]: [FootprintApproach]: Polygon points are not defined. Using dynamic subscription instead.
[collision_monitor-23] [INFO] [1790431246.599709543] [collision_monitor]: [FootprintApproach]: Making footprint subscriber on /local_costmap/published_footprint topic
[lifecycle_manager-25] [INFO] [1790431246.617209626] [lifecycle_manager_navigation]: [34m[1mConfiguring bt_navigator[0m[0m
[bt_navigator-20] [INFO] [1790431246.617558591] [bt_navigator]: Configuring
[bt_navigator-20] [INFO] [1790431246.628929609] [bt_navigator]: Creating navigator id navigate_to_pose of type nav2_bt_navigator::NavigateToPoseNavigator
[bt_navigator-20] [INFO] [1790431246.720964761] [bt_navigator]: Creating navigator id navigate_through_poses of type nav2_bt_navigator::NavigateThroughPosesNavigator
[lifecycle_manager-25] [INFO] [1790431246.766415870] [lifecycle_manager_navigation]: [34m[1mConfiguring waypoint_follower[0m[0m
[waypoint_follower-21] [INFO] [1790431246.766682151] [waypoint_follower]: Configuring
[waypoint_follower-21] [INFO] [1790431246.802785570] [waypoint_follower]: Created waypoint_task_executor : wait_at_waypoint of type nav2_waypoint_follower::WaitAtWaypoint
[lifecycle_manager-25] [INFO] [1790431246.804248403] [lifecycle_manager_navigation]: [34m[1mConfiguring docking_server[0m[0m
[opennav_docking-24] [INFO] [1790431246.804609311] [docking_server]: Configuring docking_server
[opennav_docking-24] [INFO] [1790431246.804670276] [docking_server]: Controller frequency set to 50.0000Hz
[opennav_docking-24] [INFO] [1790431246.848950603] [docking_server]: Created charging dock plugin simple_charging_dock of type opennav_docking::SimpleChargingDock
[opennav_docking-24] [WARN] [1790431246.857855608] [docking_server]: Dock database filepath nor dock parameters set. Docking actions can only be executed specifying the dock pose via the action request. Or update the dock database via the reload_database service.
[opennav_docking-24] [INFO] [1790431246.857911686] [docking_server]: Docking Server has 1 dock types and 0 dock instances available.
[lifecycle_manager-25] [INFO] [1790431246.863080870] [lifecycle_manager_navigation]: [34m[1mActivating controller_server[0m[0m
[controller_server-15] [INFO] [1790431246.863389820] [controller_server]: Activating
[controller_server-15] [INFO] [1790431246.863451833] [local_costmap.local_costmap]: Activating
[controller_server-15] [INFO] [1790431246.863473342] [local_costmap.local_costmap]: Checking transform
[controller_server-15] [INFO] [1790431246.863717415] [local_costmap.local_costmap]: start
[controller_server-15] [INFO] [1790431247.066087837] [controller_server]: Activating controller: FollowPath of type regulated_pure_pursuit_controller::RegulatedPurePursuitController
[controller_server-15] [INFO] [1790431247.066126944] [controller_server]: Creating bond (controller_server) to lifecycle manager.
[nav_benchmark_runner.py-9] [INFO] [1790431247.115259198] [nav_benchmark_runner]: Lifecycle ready: map_server
[nav_benchmark_runner.py-9] [INFO] [1790431247.118515883] [nav_benchmark_runner]: Lifecycle ready: amcl
[nav_benchmark_runner.py-9] [INFO] [1790431247.120169644] [nav_benchmark_runner]: Lifecycle ready: controller_server
[gazebo-1] [WARN] [1790431247.131983068] [diff_drive_base_controller]: Velocity command timed out. Braking.
[lifecycle_manager-25] [INFO] [1790431247.173832582] [lifecycle_manager_navigation]: Server controller_server connected with bond.
[lifecycle_manager-25] [INFO] [1790431247.173872109] [lifecycle_manager_navigation]: [34m[1mActivating smoother_server[0m[0m
[smoother_server-16] [INFO] [1790431247.174240279] [smoother_server]: Activating
[smoother_server-16] [INFO] [1790431247.174281761] [smoother_server]: Creating bond (smoother_server) to lifecycle manager.
[lifecycle_manager-25] [INFO] [1790431247.283520765] [lifecycle_manager_navigation]: Server smoother_server connected with bond.
[lifecycle_manager-25] [INFO] [1790431247.283566647] [lifecycle_manager_navigation]: [34m[1mActivating planner_server[0m[0m
[planner_server-17] [INFO] [1790431247.283942568] [planner_server]: Activating
[planner_server-17] [INFO] [1790431247.283999484] [global_costmap.global_costmap]: Activating
[planner_server-17] [INFO] [1790431247.284019108] [global_costmap.global_costmap]: Checking transform
[planner_server-17] [INFO] [1790431247.284122533] [global_costmap.global_costmap]: Timed out waiting for transform from base_footprint to map to become available, tf error: Lookup would require extrapolation into the past.  Requested time 3.780000 but the earliest data is at time 3.900000, when looking up transform from frame [base_footprint] to frame [map]
[planner_server-17] [INFO] [1790431247.784259856] [global_costmap.global_costmap]: start
[planner_server-17] [INFO] [1790431247.834446409] [planner_server]: Activating plugin GridBased of type NavfnPlanner
[planner_server-17] [INFO] [1790431247.836542086] [planner_server]: Creating bond (planner_server) to lifecycle manager.
[nav_benchmark_runner.py-9] [INFO] [1790431247.842528899] [nav_benchmark_runner]: Lifecycle ready: planner_server
[nav_benchmark_runner.py-9] [INFO] [1790431247.850126664] [nav_benchmark_runner]: Lifecycle ready: smoother_server
[lifecycle_manager-25] [INFO] [1790431247.948281881] [lifecycle_manager_navigation]: Server planner_server connected with bond.
[lifecycle_manager-25] [INFO] [1790431247.948323852] [lifecycle_manager_navigation]: [34m[1mActivating route_server[0m[0m
[route_server-18] [INFO] [1790431247.948624212] [route_server]: Activating
[route_server-18] [INFO] [1790431247.948791816] [route_server]: Creating bond (route_server) to lifecycle manager.
[nav_benchmark_runner.py-9] [INFO] [1790431247.954402637] [nav_benchmark_runner]: Lifecycle ready: route_server
[lifecycle_manager-25] [INFO] [1790431248.057600712] [lifecycle_manager_navigation]: Server route_server connected with bond.
[lifecycle_manager-25] [INFO] [1790431248.057655253] [lifecycle_manager_navigation]: [34m[1mActivating behavior_server[0m[0m
[behavior_server-19] [INFO] [1790431248.057958756] [behavior_server]: Activating
[behavior_server-19] [INFO] [1790431248.057991159] [behavior_server]: Activating spin
[behavior_server-19] [INFO] [1790431248.058011551] [behavior_server]: Activating backup
[behavior_server-19] [INFO] [1790431248.058028731] [behavior_server]: Activating drive_on_heading
[behavior_server-19] [INFO] [1790431248.058043047] [behavior_server]: Activating assisted_teleop
[behavior_server-19] [INFO] [1790431248.058059737] [behavior_server]: Activating wait
[behavior_server-19] [INFO] [1790431248.058081805] [behavior_server]: Creating bond (behavior_server) to lifecycle manager.
[nav_benchmark_runner.py-9] [INFO] [1790431248.064747624] [nav_benchmark_runner]: Lifecycle ready: behavior_server
[gazebo-1] [WARN] [1790431248.132113306] [diff_drive_base_controller]: Velocity command timed out. Braking.
[lifecycle_manager-25] [INFO] [1790431248.168744056] [lifecycle_manager_navigation]: Server behavior_server connected with bond.
[lifecycle_manager-25] [INFO] [1790431248.168785957] [lifecycle_manager_navigation]: [34m[1mActivating velocity_smoother[0m[0m
[velocity_smoother-22] [INFO] [1790431248.169217398] [velocity_smoother]: Activating
[velocity_smoother-22] [INFO] [1790431248.169282205] [velocity_smoother]: Creating bond (velocity_smoother) to lifecycle manager.
[nav_benchmark_runner.py-9] [INFO] [1790431248.175487531] [nav_benchmark_runner]: Lifecycle ready: velocity_smoother
[lifecycle_manager-25] [INFO] [1790431248.281015096] [lifecycle_manager_navigation]: Server velocity_smoother connected with bond.
[lifecycle_manager-25] [INFO] [1790431248.281067542] [lifecycle_manager_navigation]: [34m[1mActivating collision_monitor[0m[0m
[collision_monitor-23] [INFO] [1790431248.281389062] [collision_monitor]: Activating
[collision_monitor-23] [INFO] [1790431248.281451564] [collision_monitor]: Creating bond (collision_monitor) to lifecycle manager.
[nav_benchmark_runner.py-9] [INFO] [1790431248.287884064] [nav_benchmark_runner]: Lifecycle ready: collision_monitor
[lifecycle_manager-25] [INFO] [1790431248.392510198] [lifecycle_manager_navigation]: Server collision_monitor connected with bond.
[lifecycle_manager-25] [INFO] [1790431248.392562994] [lifecycle_manager_navigation]: [34m[1mActivating bt_navigator[0m[0m
[bt_navigator-20] [INFO] [1790431248.393232013] [bt_navigator]: Activating
[bt_navigator-20] [INFO] [1790431248.533619592] [bt_navigator]: Creating bond (bt_navigator) to lifecycle manager.
[nav_benchmark_runner.py-9] [INFO] [1790431248.539453256] [nav_benchmark_runner]: Lifecycle ready: bt_navigator
[lifecycle_manager-25] [INFO] [1790431248.644824251] [lifecycle_manager_navigation]: Server bt_navigator connected with bond.
[lifecycle_manager-25] [INFO] [1790431248.644894295] [lifecycle_manager_navigation]: [34m[1mActivating waypoint_follower[0m[0m
[waypoint_follower-21] [INFO] [1790431248.646057397] [waypoint_follower]: Activating
[waypoint_follower-21] [INFO] [1790431248.646126813] [waypoint_follower]: Creating bond (waypoint_follower) to lifecycle manager.
[nav_benchmark_runner.py-9] [INFO] [1790431248.652524744] [nav_benchmark_runner]: Lifecycle ready: waypoint_follower
[lifecycle_manager-25] [INFO] [1790431248.757085443] [lifecycle_manager_navigation]: Server waypoint_follower connected with bond.
[lifecycle_manager-25] [INFO] [1790431248.757136423] [lifecycle_manager_navigation]: [34m[1mActivating docking_server[0m[0m
[opennav_docking-24] [INFO] [1790431248.757931913] [docking_server]: Activating docking_server
[opennav_docking-24] [INFO] [1790431248.774613255] [docking_server]: Creating bond (docking_server) to lifecycle manager.
[nav_benchmark_runner.py-9] [INFO] [1790431248.782666205] [nav_benchmark_runner]: Lifecycle ready: docking_server
[nav_benchmark_runner.py-9] [INFO] [1790431248.785370704] [nav_benchmark_runner]: Controller ready: diff_drive_base_controller
[nav_benchmark_runner.py-9] [INFO] [1790431248.785980364] [nav_benchmark_runner]: Controller ready: joint_state_broadcaster
[nav_benchmark_runner.py-9] [INFO] [1790431248.786979563] [nav_benchmark_runner]: Writing CSV results to /home/xiayuru/robot_ws/benchmark_results/nav_benchmark_20260926T140003Z.csv
[bt_navigator-20] [INFO] [1790431248.795703348] [bt_navigator]: Begin navigating from current location (0.30, 0.00) to (2.80, 0.00)
[nav_benchmark_runner.py-9] [INFO] [1790431248.796231650] [nav_benchmark_runner]: Goal 'straight_east' accepted: x=2.80, y=0.00, yaw=0.0000
[controller_server-15] [INFO] [1790431248.816837228] [controller_server]: Received a goal, begin computing control effort.
[controller_server-15] [WARN] [1790431248.816880875] [controller_server]: No goal checker was specified in parameter 'current_goal_checker'. Server will use only plugin loaded general_goal_checker . This warning will appear once.
[controller_server-15] [WARN] [1790431248.816897705] [controller_server]: No progress checker was specified in parameter 'current_progress_checker'. Server will use only plugin loaded progress_checker . This warning will appear once.
[lifecycle_manager-25] [INFO] [1790431248.887834119] [lifecycle_manager_navigation]: Server docking_server connected with bond.
[lifecycle_manager-25] [INFO] [1790431248.887876998] [lifecycle_manager_navigation]: [34m[1mManaged nodes are active[0m[0m
[lifecycle_manager-25] [INFO] [1790431248.887890337] [lifecycle_manager_navigation]: [34m[1mCreating bond timer...[0m[0m
[controller_server-15] [INFO] [1790431249.867018626] [controller_server]: Passing new path to controller.
[controller_server-15] [INFO] [1790431250.917028466] [controller_server]: Passing new path to controller.
[controller_server-15] [INFO] [1790431251.917024742] [controller_server]: Passing new path to controller.
[controller_server-15] [INFO] [1790431252.966989097] [controller_server]: Passing new path to controller.
[controller_server-15] [INFO] [1790431253.967019909] [controller_server]: Passing new path to controller.
[controller_server-15] [INFO] [1790431255.017018390] [controller_server]: Passing new path to controller.
[controller_server-15] [INFO] [1790431256.017026612] [controller_server]: Passing new path to controller.
[controller_server-15] [INFO] [1790431257.067018855] [controller_server]: Passing new path to controller.
[controller_server-15] [INFO] [1790431258.067019640] [controller_server]: Passing new path to controller.
[controller_server-15] [INFO] [1790431259.117018420] [controller_server]: Passing new path to controller.
[controller_server-15] [INFO] [1790431260.117031040] [controller_server]: Passing new path to controller.
[controller_server-15] [INFO] [1790431261.117034945] [controller_server]: Passing new path to controller.
[controller_server-15] [INFO] [1790431261.317111819] [controller_server]: Reached the goal!
[bt_navigator-20] [INFO] [1790431261.346168020] [bt_navigator]: Goal succeeded
[bt_navigator-20] [INFO] [1790431262.347562723] [bt_navigator]: Begin navigating from current location (2.73, 0.00) to (0.30, 0.00)
[nav_benchmark_runner.py-9] [INFO] [1790431262.348078874] [nav_benchmark_runner]: Goal 'return_to_start' accepted: x=0.30, y=0.00, yaw=0.0000
[controller_server-15] [INFO] [1790431262.358416070] [controller_server]: Received a goal, begin computing control effort.
[controller_server-15] [INFO] [1790431263.408555594] [controller_server]: Passing new path to controller.
[controller_server-15] [INFO] [1790431264.408553278] [controller_server]: Passing new path to controller.
[controller_server-15] [INFO] [1790431265.458558617] [controller_server]: Passing new path to controller.
[controller_server-15] [INFO] [1790431266.508556854] [controller_server]: Passing new path to controller.
[controller_server-15] [INFO] [1790431267.508555631] [controller_server]: Passing new path to controller.
[controller_server-15] [INFO] [1790431268.558558583] [controller_server]: Passing new path to controller.
[collision_monitor-23] [INFO] [1790431268.989863972] [collision_monitor]: Robot to approach for 1.200000 seconds away from collision
[collision_monitor-23] [INFO] [1790431269.029687089] [collision_monitor]: Robot to continue normal operation
[collision_monitor-23] [INFO] [1790431269.100083175] [collision_monitor]: Robot to approach for 1.200000 seconds away from collision
[collision_monitor-23] [INFO] [1790431269.139833664] [collision_monitor]: Robot to continue normal operation
[controller_server-15] [WARN] [1790431269.158919178] [controller_server]: RegulatedPurePursuitController detected collision ahead!
[collision_monitor-23] [INFO] [1790431269.239838785] [collision_monitor]: Robot to approach for 1.200000 seconds away from collision
[collision_monitor-23] [INFO] [1790431269.539815042] [collision_monitor]: Robot to continue normal operation
[controller_server-15] [INFO] [1790431269.559214046] [controller_server]: Passing new path to controller.
[collision_monitor-23] [INFO] [1790431269.579793403] [collision_monitor]: Robot to approach for 1.200000 seconds away from collision
[collision_monitor-23] [INFO] [1790431269.639914302] [collision_monitor]: Robot to continue normal operation
[collision_monitor-23] [INFO] [1790431269.679892313] [collision_monitor]: Robot to approach for 1.200000 seconds away from collision
[collision_monitor-23] [INFO] [1790431269.839819932] [collision_monitor]: Robot to continue normal operation
[collision_monitor-23] [INFO] [1790431269.900021770] [collision_monitor]: Robot to approach for 1.200000 seconds away from collision
[collision_monitor-23] [INFO] [1790431269.939790904] [collision_monitor]: Robot to continue normal operation
[collision_monitor-23] [INFO] [1790431269.979821152] [collision_monitor]: Robot to approach for 1.200000 seconds away from collision
[collision_monitor-23] [INFO] [1790431270.040050019] [collision_monitor]: Robot to continue normal operation
[collision_monitor-23] [INFO] [1790431270.079915879] [collision_monitor]: Robot to approach for 1.200000 seconds away from collision
[collision_monitor-23] [INFO] [1790431270.150186826] [collision_monitor]: Robot to continue normal operation
[controller_server-15] [WARN] [1790431270.358836526] [controller_server]: RegulatedPurePursuitController detected collision ahead!
[controller_server-15] [WARN] [1790431270.408918354] [controller_server]: RegulatedPurePursuitController detected collision ahead!
[controller_server-15] [WARN] [1790431270.458875805] [controller_server]: RegulatedPurePursuitController detected collision ahead!
[controller_server-15] [WARN] [1790431270.558916691] [controller_server]: RegulatedPurePursuitController detected collision ahead!
[controller_server-15] [INFO] [1790431270.608563795] [controller_server]: Passing new path to controller.
[controller_server-15] [WARN] [1790431270.609104039] [controller_server]: RegulatedPurePursuitController detected collision ahead!
[controller_server-15] [WARN] [1790431270.658839974] [controller_server]: RegulatedPurePursuitController detected collision ahead!
[controller_server-15] [WARN] [1790431270.758881697] [controller_server]: RegulatedPurePursuitController detected collision ahead!
[controller_server-15] [WARN] [1790431270.809083152] [controller_server]: RegulatedPurePursuitController detected collision ahead!
[controller_server-15] [WARN] [1790431270.858825162] [controller_server]: RegulatedPurePursuitController detected collision ahead!
[controller_server-15] [WARN] [1790431271.358983596] [controller_server]: RegulatedPurePursuitController detected collision ahead!
[controller_server-15] [WARN] [1790431271.409035119] [controller_server]: RegulatedPurePursuitController detected collision ahead!
[controller_server-15] [WARN] [1790431271.458894247] [controller_server]: RegulatedPurePursuitController detected collision ahead!
[controller_server-15] [INFO] [1790431271.608566326] [controller_server]: Passing new path to controller.
[controller_server-15] [WARN] [1790431271.609141977] [controller_server]: RegulatedPurePursuitController detected collision ahead!
[controller_server-15] [WARN] [1790431271.658841531] [controller_server]: RegulatedPurePursuitController detected collision ahead!
[controller_server-15] [WARN] [1790431271.858832742] [controller_server]: RegulatedPurePursuitController detected collision ahead!
[controller_server-15] [WARN] [1790431272.058827099] [controller_server]: RegulatedPurePursuitController detected collision ahead!
[controller_server-15] [WARN] [1790431272.158887275] [controller_server]: RegulatedPurePursuitController detected collision ahead!
[controller_server-15] [WARN] [1790431272.208883144] [controller_server]: RegulatedPurePursuitController detected collision ahead!
[controller_server-15] [WARN] [1790431272.258974477] [controller_server]: RegulatedPurePursuitController detected collision ahead!
[controller_server-15] [WARN] [1790431272.358839743] [controller_server]: RegulatedPurePursuitController detected collision ahead!
[controller_server-15] [WARN] [1790431272.408980380] [controller_server]: RegulatedPurePursuitController detected collision ahead!
[controller_server-15] [WARN] [1790431272.458885673] [controller_server]: RegulatedPurePursuitController detected collision ahead!
[controller_server-15] [INFO] [1790431272.608554831] [controller_server]: Passing new path to controller.
[controller_server-15] [WARN] [1790431272.608976006] [controller_server]: RegulatedPurePursuitController detected collision ahead!
[controller_server-15] [WARN] [1790431272.658930253] [controller_server]: RegulatedPurePursuitController detected collision ahead!
[controller_server-15] [WARN] [1790431273.208957873] [controller_server]: RegulatedPurePursuitController detected collision ahead!
[controller_server-15] [WARN] [1790431273.258955492] [controller_server]: RegulatedPurePursuitController detected collision ahead!
[controller_server-15] [WARN] [1790431273.308977483] [controller_server]: RegulatedPurePursuitController detected collision ahead!
[controller_server-15] [WARN] [1790431273.358961553] [controller_server]: RegulatedPurePursuitController detected collision ahead!
[controller_server-15] [WARN] [1790431273.408838078] [controller_server]: RegulatedPurePursuitController detected collision ahead!
[controller_server-15] [WARN] [1790431273.458828154] [controller_server]: RegulatedPurePursuitController detected collision ahead!
[controller_server-15] [INFO] [1790431273.658562822] [controller_server]: Passing new path to controller.
[controller_server-15] [WARN] [1790431273.958965170] [controller_server]: RegulatedPurePursuitController detected collision ahead!
[controller_server-15] [WARN] [1790431274.008941350] [controller_server]: RegulatedPurePursuitController detected collision ahead!
[controller_server-15] [WARN] [1790431274.058960621] [controller_server]: RegulatedPurePursuitController detected collision ahead!
[controller_server-15] [WARN] [1790431274.208926602] [controller_server]: RegulatedPurePursuitController detected collision ahead!
[controller_server-15] [WARN] [1790431274.258907045] [controller_server]: RegulatedPurePursuitController detected collision ahead!
[controller_server-15] [WARN] [1790431274.458814571] [controller_server]: RegulatedPurePursuitController detected collision ahead!
[controller_server-15] [INFO] [1790431274.658572860] [controller_server]: Passing new path to controller.
[collision_monitor-23] [INFO] [1790431274.679929210] [collision_monitor]: Robot to approach for 1.200000 seconds away from collision
[collision_monitor-23] [INFO] [1790431274.739888116] [collision_monitor]: Robot to continue normal operation
[controller_server-15] [WARN] [1790431274.908929562] [controller_server]: RegulatedPurePursuitController detected collision ahead!
[controller_server-15] [WARN] [1790431274.959057916] [controller_server]: RegulatedPurePursuitController detected collision ahead!
[controller_server-15] [WARN] [1790431275.008908886] [controller_server]: RegulatedPurePursuitController detected collision ahead!
[controller_server-15] [WARN] [1790431275.058848968] [controller_server]: RegulatedPurePursuitController detected collision ahead!
[controller_server-15] [WARN] [1790431275.258821736] [controller_server]: RegulatedPurePursuitController detected collision ahead!
[controller_server-15] [WARN] [1790431275.358989901] [controller_server]: RegulatedPurePursuitController detected collision ahead!
[controller_server-15] [WARN] [1790431275.408905890] [controller_server]: RegulatedPurePursuitController detected collision ahead!
[controller_server-15] [WARN] [1790431275.458916017] [controller_server]: RegulatedPurePursuitController detected collision ahead!
[controller_server-15] [WARN] [1790431275.608923632] [controller_server]: RegulatedPurePursuitController detected collision ahead!
[controller_server-15] [WARN] [1790431275.659433150] [controller_server]: RegulatedPurePursuitController detected collision ahead!
[controller_server-15] [INFO] [1790431275.708562376] [controller_server]: Passing new path to controller.
[controller_server-15] [WARN] [1790431276.008783830] [controller_server]: RegulatedPurePursuitController detected collision ahead!
[controller_server-15] [WARN] [1790431276.058905557] [controller_server]: RegulatedPurePursuitController detected collision ahead!
[controller_server-15] [WARN] [1790431276.208883294] [controller_server]: RegulatedPurePursuitController detected collision ahead!
[controller_server-15] [WARN] [1790431276.258921150] [controller_server]: RegulatedPurePursuitController detected collision ahead!
[controller_server-15] [WARN] [1790431276.458840160] [controller_server]: RegulatedPurePursuitController detected collision ahead!
[controller_server-15] [WARN] [1790431276.658862806] [controller_server]: RegulatedPurePursuitController detected collision ahead!
[controller_server-15] [INFO] [1790431276.708582912] [controller_server]: Passing new path to controller.
[controller_server-15] [WARN] [1790431276.758867216] [controller_server]: RegulatedPurePursuitController detected collision ahead!
[controller_server-15] [WARN] [1790431276.808888311] [controller_server]: RegulatedPurePursuitController detected collision ahead!
[controller_server-15] [WARN] [1790431276.859091606] [controller_server]: RegulatedPurePursuitController detected collision ahead!
[controller_server-15] [WARN] [1790431276.958819049] [controller_server]: RegulatedPurePursuitController detected collision ahead!
[controller_server-15] [WARN] [1790431277.008867799] [controller_server]: RegulatedPurePursuitController detected collision ahead!
[controller_server-15] [WARN] [1790431277.059709321] [controller_server]: RegulatedPurePursuitController detected collision ahead!
[controller_server-15] [WARN] [1790431277.608787734] [controller_server]: RegulatedPurePursuitController detected collision ahead!
[controller_server-15] [WARN] [1790431277.658782295] [controller_server]: RegulatedPurePursuitController detected collision ahead!
[controller_server-15] [WARN] [1790431277.708818269] [controller_server]: RegulatedPurePursuitController detected collision ahead!
[controller_server-15] [INFO] [1790431277.758572528] [controller_server]: Passing new path to controller.
[controller_server-15] [WARN] [1790431277.758977083] [controller_server]: RegulatedPurePursuitController detected collision ahead!
[controller_server-15] [WARN] [1790431277.808808370] [controller_server]: RegulatedPurePursuitController detected collision ahead!
[controller_server-15] [WARN] [1790431277.858845950] [controller_server]: RegulatedPurePursuitController detected collision ahead!
[controller_server-15] [WARN] [1790431277.908811460] [controller_server]: RegulatedPurePursuitController detected collision ahead!
[controller_server-15] [ERROR] [1790431277.908893237] [controller_server]: Controller patience exceeded
[controller_server-15] [WARN] [1790431277.909037517] [controller_server]: [follow_path] [ActionServer] Aborting handle.
[controller_server-15] [INFO] [1790431277.928119202] [local_costmap.local_costmap]: Received request to clear entirely the local_costmap
[controller_server-15] [INFO] [1790431277.928833197] [controller_server]: Received a goal, begin computing control effort.
[controller_server-15] [WARN] [1790431278.069377480] [controller_server]: Control loop missed its desired rate of 20.0000 Hz. Current loop rate is 7.1429 Hz.
[controller_server-15] [INFO] [1790431278.769542538] [controller_server]: Passing new path to controller.
[controller_server-15] [WARN] [1790431278.819753243] [controller_server]: RegulatedPurePursuitController detected collision ahead!
[controller_server-15] [INFO] [1790431279.769478883] [controller_server]: Passing new path to controller.
[controller_server-15] [INFO] [1790431280.819520427] [controller_server]: Passing new path to controller.
[controller_server-15] [INFO] [1790431281.819516849] [controller_server]: Passing new path to controller.
[controller_server-15] [INFO] [1790431282.869649206] [controller_server]: Passing new path to controller.
[controller_server-15] [INFO] [1790431283.869519035] [controller_server]: Passing new path to controller.
[controller_server-15] [INFO] [1790431284.919509162] [controller_server]: Passing new path to controller.
[controller_server-15] [INFO] [1790431285.919506527] [controller_server]: Passing new path to controller.
[controller_server-15] [INFO] [1790431286.969516302] [controller_server]: Passing new path to controller.
[controller_server-15] [INFO] [1790431287.969535681] [controller_server]: Passing new path to controller.
[controller_server-15] [INFO] [1790431289.019516219] [controller_server]: Passing new path to controller.
[controller_server-15] [INFO] [1790431290.019526323] [controller_server]: Passing new path to controller.
[controller_server-15] [INFO] [1790431291.069527695] [controller_server]: Passing new path to controller.
[controller_server-15] [INFO] [1790431292.069511136] [controller_server]: Passing new path to controller.
[controller_server-15] [INFO] [1790431293.119525447] [controller_server]: Passing new path to controller.
[controller_server-15] [INFO] [1790431294.119511903] [controller_server]: Passing new path to controller.
[controller_server-15] [INFO] [1790431295.169567296] [controller_server]: Passing new path to controller.
[controller_server-15] [INFO] [1790431296.169646363] [controller_server]: Passing new path to controller.
[controller_server-15] [INFO] [1790431297.219519295] [controller_server]: Passing new path to controller.
[controller_server-15] [INFO] [1790431298.219531330] [controller_server]: Passing new path to controller.
[controller_server-15] [INFO] [1790431299.270145299] [controller_server]: Passing new path to controller.
[controller_server-15] [INFO] [1790431300.269516953] [controller_server]: Passing new path to controller.
[controller_server-15] [INFO] [1790431301.319512476] [controller_server]: Passing new path to controller.
[controller_server-15] [INFO] [1790431302.319515307] [controller_server]: Passing new path to controller.
[controller_server-15] [INFO] [1790431303.319720384] [controller_server]: Passing new path to controller.
[controller_server-15] [INFO] [1790431304.369512285] [controller_server]: Passing new path to controller.
[controller_server-15] [INFO] [1790431305.369732521] [controller_server]: Passing new path to controller.
[controller_server-15] [INFO] [1790431305.819541418] [controller_server]: Reached the goal!
[bt_navigator-20] [INFO] [1790431305.847838189] [bt_navigator]: Goal succeeded
[nav_benchmark_runner.py-9] [INFO] [1790431306.855464073] [nav_benchmark_runner]: Saved trial 1 (straight_east): SUCCEEDED, error=0.072 m
[bt_navigator-20] [INFO] [1790431306.856361457] [bt_navigator]: Begin navigating from current location (0.39, 0.00) to (2.80, -2.00)
[nav_benchmark_runner.py-9] [INFO] [1790431306.857293968] [nav_benchmark_runner]: Goal 'east_detour' accepted: x=2.80, y=-2.00, yaw=-1.5708
[controller_server-15] [INFO] [1790431306.877362467] [controller_server]: Received a goal, begin computing control effort.
[controller_server-15] [WARN] [1790431307.627835782] [controller_server]: RegulatedPurePursuitController detected collision ahead!
[controller_server-15] [WARN] [1790431307.827853091] [controller_server]: RegulatedPurePursuitController detected collision ahead!
[controller_server-15] [INFO] [1790431307.927533904] [controller_server]: Passing new path to controller.
[controller_server-15] [WARN] [1790431308.027841560] [controller_server]: RegulatedPurePursuitController detected collision ahead!
[controller_server-15] [WARN] [1790431308.228016641] [controller_server]: RegulatedPurePursuitController detected collision ahead!
[controller_server-15] [WARN] [1790431308.427959450] [controller_server]: RegulatedPurePursuitController detected collision ahead!
[controller_server-15] [WARN] [1790431308.577983005] [controller_server]: RegulatedPurePursuitController detected collision ahead!
[controller_server-15] [WARN] [1790431308.627965460] [controller_server]: RegulatedPurePursuitController detected collision ahead!
[controller_server-15] [WARN] [1790431308.677817672] [controller_server]: RegulatedPurePursuitController detected collision ahead!
[controller_server-15] [WARN] [1790431308.727825826] [controller_server]: RegulatedPurePursuitController detected collision ahead!
[controller_server-15] [WARN] [1790431308.777873926] [controller_server]: RegulatedPurePursuitController detected collision ahead!
[controller_server-15] [WARN] [1790431308.827863504] [controller_server]: RegulatedPurePursuitController detected collision ahead!
[controller_server-15] [INFO] [1790431308.977526011] [controller_server]: Passing new path to controller.
[controller_server-15] [WARN] [1790431309.627937380] [controller_server]: RegulatedPurePursuitController detected collision ahead!
[collision_monitor-23] [INFO] [1790431309.639968747] [collision_monitor]: Robot to approach for 1.200000 seconds away from collision
[controller_server-15] [WARN] [1790431309.678011043] [controller_server]: RegulatedPurePursuitController detected collision ahead!
[collision_monitor-23] [INFO] [1790431309.679714186] [collision_monitor]: Robot to continue normal operation
[controller_server-15] [WARN] [1790431309.727842727] [controller_server]: RegulatedPurePursuitController detected collision ahead!
[controller_server-15] [WARN] [1790431309.778306490] [controller_server]: RegulatedPurePursuitController detected collision ahead!
[controller_server-15] [WARN] [1790431309.827902759] [controller_server]: RegulatedPurePursuitController detected collision ahead!
[controller_server-15] [INFO] [1790431309.977527984] [controller_server]: Passing new path to controller.
[controller_server-15] [WARN] [1790431310.027986511] [controller_server]: RegulatedPurePursuitController detected collision ahead!
[controller_server-15] [WARN] [1790431310.478011147] [controller_server]: RegulatedPurePursuitController detected collision ahead!
[controller_server-15] [WARN] [1790431310.527938649] [controller_server]: RegulatedPurePursuitController detected collision ahead!
[controller_server-15] [WARN] [1790431310.578033964] [controller_server]: RegulatedPurePursuitController detected collision ahead!
[controller_server-15] [WARN] [1790431310.627849310] [controller_server]: RegulatedPurePursuitController detected collision ahead!
[controller_server-15] [WARN] [1790431310.677874930] [controller_server]: RegulatedPurePursuitController detected collision ahead!
[controller_server-15] [WARN] [1790431310.727846986] [controller_server]: RegulatedPurePursuitController detected collision ahead!
[controller_server-15] [ERROR] [1790431310.727923247] [controller_server]: Controller patience exceeded
[controller_server-15] [WARN] [1790431310.728025695] [controller_server]: [follow_path] [ActionServer] Aborting handle.
[controller_server-15] [INFO] [1790431310.746963915] [local_costmap.local_costmap]: Received request to clear entirely the local_costmap
[controller_server-15] [INFO] [1790431310.747616875] [controller_server]: Received a goal, begin computing control effort.
[controller_server-15] [WARN] [1790431310.868090825] [controller_server]: Control loop missed its desired rate of 20.0000 Hz. Current loop rate is 8.2645 Hz.
[controller_server-15] [INFO] [1790431311.018210285] [controller_server]: Passing new path to controller.
[collision_monitor-23] [INFO] [1790431311.179742592] [collision_monitor]: Robot to approach for 1.200000 seconds away from collision
[collision_monitor-23] [INFO] [1790431311.280044967] [collision_monitor]: Robot to continue normal operation
[controller_server-15] [WARN] [1790431311.318455440] [controller_server]: RegulatedPurePursuitController detected collision ahead!
[controller_server-15] [WARN] [1790431311.368444819] [controller_server]: RegulatedPurePursuitController detected collision ahead!
[controller_server-15] [WARN] [1790431311.418442020] [controller_server]: RegulatedPurePursuitController detected collision ahead!
[controller_server-15] [WARN] [1790431311.568442281] [controller_server]: RegulatedPurePursuitController detected collision ahead!
[controller_server-15] [WARN] [1790431311.618455962] [controller_server]: RegulatedPurePursuitController detected collision ahead!
[controller_server-15] [WARN] [1790431311.818460477] [controller_server]: RegulatedPurePursuitController detected collision ahead!
[collision_monitor-23] [INFO] [1790431311.879921076] [collision_monitor]: Robot to approach for 1.200000 seconds away from collision
[collision_monitor-23] [INFO] [1790431311.939737820] [collision_monitor]: Robot to continue normal operation
[collision_monitor-23] [INFO] [1790431311.979571468] [collision_monitor]: Robot to approach for 1.200000 seconds away from collision
[controller_server-15] [INFO] [1790431312.018211840] [controller_server]: Passing new path to controller.
[collision_monitor-23] [INFO] [1790431312.039724472] [collision_monitor]: Robot to continue normal operation
[controller_server-15] [WARN] [1790431312.168393195] [controller_server]: RegulatedPurePursuitController detected collision ahead!
[controller_server-15] [WARN] [1790431312.218435163] [controller_server]: RegulatedPurePursuitController detected collision ahead!
[collision_monitor-23] [INFO] [1790431312.479676611] [collision_monitor]: Robot to approach for 1.200000 seconds away from collision
[collision_monitor-23] [INFO] [1790431312.539766835] [collision_monitor]: Robot to continue normal operation
[collision_monitor-23] [INFO] [1790431312.579758313] [collision_monitor]: Robot to approach for 1.200000 seconds away from collision
[collision_monitor-23] [INFO] [1790431312.639850004] [collision_monitor]: Robot to continue normal operation
[controller_server-15] [WARN] [1790431312.818434502] [controller_server]: RegulatedPurePursuitController detected collision ahead!
[controller_server-15] [INFO] [1790431313.068214302] [controller_server]: Passing new path to controller.
[collision_monitor-23] [INFO] [1790431313.079925338] [collision_monitor]: Robot to approach for 1.200000 seconds away from collision
[controller_server-15] [WARN] [1790431313.118436100] [controller_server]: RegulatedPurePursuitController detected collision ahead!
[collision_monitor-23] [INFO] [1790431313.139746840] [collision_monitor]: Robot to continue normal operation
[controller_server-15] [WARN] [1790431313.168451046] [controller_server]: RegulatedPurePursuitController detected collision ahead!
[controller_server-15] [WARN] [1790431313.418502727] [controller_server]: RegulatedPurePursuitController detected collision ahead!
[controller_server-15] [WARN] [1790431313.468450631] [controller_server]: RegulatedPurePursuitController detected collision ahead!
[controller_server-15] [WARN] [1790431313.568589884] [controller_server]: RegulatedPurePursuitController detected collision ahead!
[controller_server-15] [WARN] [1790431313.618432057] [controller_server]: RegulatedPurePursuitController detected collision ahead!
[collision_monitor-23] [INFO] [1790431313.979679601] [collision_monitor]: Robot to approach for 1.200000 seconds away from collision
[controller_server-15] [INFO] [1790431314.068217115] [controller_server]: Passing new path to controller.
[collision_monitor-23] [INFO] [1790431314.139747073] [collision_monitor]: Robot to continue normal operation
[controller_server-15] [WARN] [1790431314.368436213] [controller_server]: RegulatedPurePursuitController detected collision ahead!
[controller_server-15] [WARN] [1790431314.418445366] [controller_server]: RegulatedPurePursuitController detected collision ahead!
[controller_server-15] [WARN] [1790431314.818495261] [controller_server]: RegulatedPurePursuitController detected collision ahead!
[controller_server-15] [INFO] [1790431315.118213089] [controller_server]: Passing new path to controller.
[controller_server-15] [WARN] [1790431315.168464155] [controller_server]: RegulatedPurePursuitController detected collision ahead!
[controller_server-15] [WARN] [1790431315.218608651] [controller_server]: RegulatedPurePursuitController detected collision ahead!
[controller_server-15] [WARN] [1790431315.818540024] [controller_server]: RegulatedPurePursuitController detected collision ahead!
[controller_server-15] [WARN] [1790431316.018442914] [controller_server]: RegulatedPurePursuitController detected collision ahead!
[controller_server-15] [INFO] [1790431316.118212270] [controller_server]: Passing new path to controller.
[controller_server-15] [WARN] [1790431316.118562424] [controller_server]: RegulatedPurePursuitController detected collision ahead!
[controller_server-15] [WARN] [1790431316.168397344] [controller_server]: RegulatedPurePursuitController detected collision ahead!
[controller_server-15] [WARN] [1790431316.218508393] [controller_server]: RegulatedPurePursuitController detected collision ahead!
[controller_server-15] [WARN] [1790431316.318620501] [controller_server]: RegulatedPurePursuitController detected collision ahead!
[controller_server-15] [WARN] [1790431316.368441035] [controller_server]: RegulatedPurePursuitController detected collision ahead!
[controller_server-15] [WARN] [1790431316.418431408] [controller_server]: RegulatedPurePursuitController detected collision ahead!
[controller_server-15] [WARN] [1790431316.718429378] [controller_server]: RegulatedPurePursuitController detected collision ahead!
[controller_server-15] [WARN] [1790431316.768450549] [controller_server]: RegulatedPurePursuitController detected collision ahead!
[controller_server-15] [WARN] [1790431316.818433171] [controller_server]: RegulatedPurePursuitController detected collision ahead!
[controller_server-15] [WARN] [1790431317.018428258] [controller_server]: RegulatedPurePursuitController detected collision ahead!
[controller_server-15] [INFO] [1790431317.168210554] [controller_server]: Passing new path to controller.
[collision_monitor-23] [INFO] [1790431317.229706723] [collision_monitor]: Robot to approach for 1.200000 seconds away from collision
[controller_server-15] [WARN] [1790431317.318425969] [controller_server]: RegulatedPurePursuitController detected collision ahead!
[collision_monitor-23] [INFO] [1790431317.339813254] [collision_monitor]: Robot to continue normal operation
[controller_server-15] [WARN] [1790431317.368530107] [controller_server]: RegulatedPurePursuitController detected collision ahead!
[controller_server-15] [WARN] [1790431317.418444573] [controller_server]: RegulatedPurePursuitController detected collision ahead!
[controller_server-15] [WARN] [1790431317.518466530] [controller_server]: RegulatedPurePursuitController detected collision ahead!
[controller_server-15] [WARN] [1790431317.568589315] [controller_server]: RegulatedPurePursuitController detected collision ahead!
[controller_server-15] [WARN] [1790431317.618427591] [controller_server]: RegulatedPurePursuitController detected collision ahead!
[controller_server-15] [WARN] [1790431317.818444757] [controller_server]: RegulatedPurePursuitController detected collision ahead!
[collision_monitor-23] [INFO] [1790431317.990140827] [collision_monitor]: Robot to approach for 1.200000 seconds away from collision
[controller_server-15] [WARN] [1790431318.018457386] [controller_server]: RegulatedPurePursuitController detected collision ahead!
[collision_monitor-23] [INFO] [1790431318.039819042] [collision_monitor]: Robot to continue normal operation
[controller_server-15] [INFO] [1790431318.168218392] [controller_server]: Passing new path to controller.
[controller_server-15] [WARN] [1790431318.218445724] [controller_server]: RegulatedPurePursuitController detected collision ahead!
[collision_monitor-23] [INFO] [1790431318.339775221] [collision_monitor]: Robot to approach for 1.200000 seconds away from collision
[collision_monitor-23] [INFO] [1790431318.390433228] [collision_monitor]: Robot to continue normal operation
[controller_server-15] [WARN] [1790431318.418440067] [controller_server]: RegulatedPurePursuitController detected collision ahead!
[controller_server-15] [WARN] [1790431318.518522159] [controller_server]: RegulatedPurePursuitController detected collision ahead!
[controller_server-15] [WARN] [1790431318.568441377] [controller_server]: RegulatedPurePursuitController detected collision ahead!
[controller_server-15] [WARN] [1790431318.618454664] [controller_server]: RegulatedPurePursuitController detected collision ahead!
[controller_server-15] [WARN] [1790431318.718595277] [controller_server]: RegulatedPurePursuitController detected collision ahead!
[controller_server-15] [WARN] [1790431318.768522736] [controller_server]: RegulatedPurePursuitController detected collision ahead!
[controller_server-15] [WARN] [1790431318.818543774] [controller_server]: RegulatedPurePursuitController detected collision ahead!
[controller_server-15] [INFO] [1790431319.218212840] [controller_server]: Passing new path to controller.
[controller_server-15] [WARN] [1790431319.218559363] [controller_server]: RegulatedPurePursuitController detected collision ahead!
[collision_monitor-23] [INFO] [1790431319.329733760] [collision_monitor]: Robot to approach for 1.200000 seconds away from collision
[controller_server-15] [WARN] [1790431319.368423666] [controller_server]: RegulatedPurePursuitController detected collision ahead!
[collision_monitor-23] [INFO] [1790431319.390020669] [collision_monitor]: Robot to continue normal operation
[controller_server-15] [WARN] [1790431319.418413141] [controller_server]: RegulatedPurePursuitController detected collision ahead!
[collision_monitor-23] [INFO] [1790431319.529688241] [collision_monitor]: Robot to approach for 1.200000 seconds away from collision
[collision_monitor-23] [INFO] [1790431319.590413995] [collision_monitor]: Robot to continue normal operation
[controller_server-15] [WARN] [1790431319.618428170] [controller_server]: RegulatedPurePursuitController detected collision ahead!
[collision_monitor-23] [INFO] [1790431319.729692026] [collision_monitor]: Robot to approach for 1.200000 seconds away from collision
[controller_server-15] [WARN] [1790431319.768411332] [controller_server]: RegulatedPurePursuitController detected collision ahead!
[collision_monitor-23] [INFO] [1790431319.790101775] [collision_monitor]: Robot to continue normal operation
[controller_server-15] [WARN] [1790431319.818410585] [controller_server]: RegulatedPurePursuitController detected collision ahead!
[controller_server-15] [WARN] [1790431319.868452368] [controller_server]: RegulatedPurePursuitController detected collision ahead!
[controller_server-15] [WARN] [1790431319.918405529] [controller_server]: RegulatedPurePursuitController detected collision ahead!
[controller_server-15] [WARN] [1790431319.968546897] [controller_server]: RegulatedPurePursuitController detected collision ahead!
[controller_server-15] [WARN] [1790431320.018569685] [controller_server]: RegulatedPurePursuitController detected collision ahead!
[controller_server-15] [INFO] [1790431320.218215437] [controller_server]: Passing new path to controller.
[collision_monitor-23] [INFO] [1790431320.539717611] [collision_monitor]: Robot to approach for 1.200000 seconds away from collision
[collision_monitor-23] [INFO] [1790431320.589804651] [collision_monitor]: Robot to continue normal operation
[controller_server-15] [WARN] [1790431320.618392664] [controller_server]: RegulatedPurePursuitController detected collision ahead!
[collision_monitor-23] [INFO] [1790431320.729675593] [collision_monitor]: Robot to approach for 1.200000 seconds away from collision
[collision_monitor-23] [INFO] [1790431320.789879332] [collision_monitor]: Robot to continue normal operation
[controller_server-15] [WARN] [1790431320.818403515] [controller_server]: RegulatedPurePursuitController detected collision ahead!
[collision_monitor-23] [INFO] [1790431320.929718848] [collision_monitor]: Robot to approach for 1.200000 seconds away from collision
[collision_monitor-23] [INFO] [1790431321.089899595] [collision_monitor]: Robot to continue normal operation
[controller_server-15] [WARN] [1790431321.118389143] [controller_server]: RegulatedPurePursuitController detected collision ahead!
[controller_server-15] [WARN] [1790431321.168514106] [controller_server]: RegulatedPurePursuitController detected collision ahead!
[controller_server-15] [WARN] [1790431321.218407285] [controller_server]: RegulatedPurePursuitController detected collision ahead!
[controller_server-15] [INFO] [1790431321.268215475] [controller_server]: Passing new path to controller.
[collision_monitor-23] [INFO] [1790431321.429706828] [collision_monitor]: Robot to approach for 1.200000 seconds away from collision
[collision_monitor-23] [INFO] [1790431321.489997306] [collision_monitor]: Robot to continue normal operation
[collision_monitor-23] [INFO] [1790431321.529671825] [collision_monitor]: Robot to approach for 1.200000 seconds away from collision
[collision_monitor-23] [INFO] [1790431321.589727447] [collision_monitor]: Robot to continue normal operation
[controller_server-15] [WARN] [1790431321.618487607] [controller_server]: RegulatedPurePursuitController detected collision ahead!
[collision_monitor-23] [INFO] [1790431321.729708180] [collision_monitor]: Robot to approach for 1.200000 seconds away from collision
[collision_monitor-23] [INFO] [1790431321.789825816] [collision_monitor]: Robot to continue normal operation
[controller_server-15] [WARN] [1790431321.818522844] [controller_server]: RegulatedPurePursuitController detected collision ahead!
[controller_server-15] [WARN] [1790431321.918422755] [controller_server]: RegulatedPurePursuitController detected collision ahead!
[controller_server-15] [WARN] [1790431321.968378787] [controller_server]: RegulatedPurePursuitController detected collision ahead!
[controller_server-15] [WARN] [1790431322.018375184] [controller_server]: RegulatedPurePursuitController detected collision ahead!
[controller_server-15] [WARN] [1790431322.218364832] [controller_server]: RegulatedPurePursuitController detected collision ahead!
[controller_server-15] [INFO] [1790431322.268219256] [controller_server]: Passing new path to controller.
[controller_server-15] [WARN] [1790431322.418387372] [controller_server]: RegulatedPurePursuitController detected collision ahead!
[controller_server-15] [WARN] [1790431322.568361765] [controller_server]: RegulatedPurePursuitController detected collision ahead!
[controller_server-15] [WARN] [1790431322.618446367] [controller_server]: RegulatedPurePursuitController detected collision ahead!
[controller_server-15] [WARN] [1790431322.768461474] [controller_server]: RegulatedPurePursuitController detected collision ahead!
[controller_server-15] [WARN] [1790431322.818357869] [controller_server]: RegulatedPurePursuitController detected collision ahead!
[controller_server-15] [WARN] [1790431323.018354711] [controller_server]: RegulatedPurePursuitController detected collision ahead!
[controller_server-15] [INFO] [1790431323.318213988] [controller_server]: Passing new path to controller.
[controller_server-15] [INFO] [1790431324.318226703] [controller_server]: Passing new path to controller.
[controller_server-15] [INFO] [1790431325.368221995] [controller_server]: Passing new path to controller.
[controller_server-15] [INFO] [1790431326.368227510] [controller_server]: Passing new path to controller.
[controller_server-15] [INFO] [1790431327.418222942] [controller_server]: Passing new path to controller.
[controller_server-15] [INFO] [1790431327.518273597] [controller_server]: Reached the goal!
[bt_navigator-20] [INFO] [1790431327.546713432] [bt_navigator]: Goal succeeded
[bt_navigator-20] [INFO] [1790431328.547783590] [bt_navigator]: Begin navigating from current location (2.78, -1.95) to (0.30, 0.00)
[nav_benchmark_runner.py-9] [INFO] [1790431328.548424260] [nav_benchmark_runner]: Goal 'return_to_start' accepted: x=0.30, y=0.00, yaw=0.0000
[controller_server-15] [INFO] [1790431328.549189097] [controller_server]: Received a goal, begin computing control effort.
[controller_server-15] [INFO] [1790431329.599348649] [controller_server]: Passing new path to controller.
[controller_server-15] [INFO] [1790431330.649350373] [controller_server]: Passing new path to controller.
[controller_server-15] [INFO] [1790431331.649350152] [controller_server]: Passing new path to controller.
[controller_server-15] [INFO] [1790431332.699353758] [controller_server]: Passing new path to controller.
[controller_server-15] [INFO] [1790431333.699347242] [controller_server]: Passing new path to controller.
[collision_monitor-23] [INFO] [1790431334.339853161] [collision_monitor]: Robot to approach for 1.200000 seconds away from collision
[controller_server-15] [WARN] [1790431334.399725236] [controller_server]: RegulatedPurePursuitController detected collision ahead!
[collision_monitor-23] [INFO] [1790431334.439917059] [collision_monitor]: Robot to continue normal operation
[controller_server-15] [WARN] [1790431334.449583958] [controller_server]: RegulatedPurePursuitController detected collision ahead!
[collision_monitor-23] [INFO] [1790431334.579677788] [collision_monitor]: Robot to approach for 1.200000 seconds away from collision
[controller_server-15] [WARN] [1790431334.599744369] [controller_server]: RegulatedPurePursuitController detected collision ahead!
[collision_monitor-23] [INFO] [1790431334.639984938] [collision_monitor]: Robot to continue normal operation
[controller_server-15] [WARN] [1790431334.649735499] [controller_server]: RegulatedPurePursuitController detected collision ahead!
[controller_server-15] [INFO] [1790431334.749351473] [controller_server]: Passing new path to controller.
[controller_server-15] [WARN] [1790431334.749852892] [controller_server]: RegulatedPurePursuitController detected collision ahead!
[controller_server-15] [WARN] [1790431334.799667199] [controller_server]: RegulatedPurePursuitController detected collision ahead!
[controller_server-15] [WARN] [1790431334.849655815] [controller_server]: RegulatedPurePursuitController detected collision ahead!
[controller_server-15] [WARN] [1790431334.899683330] [controller_server]: RegulatedPurePursuitController detected collision ahead!
[controller_server-15] [WARN] [1790431334.949711264] [controller_server]: RegulatedPurePursuitController detected collision ahead!
[controller_server-15] [WARN] [1790431334.999601063] [controller_server]: RegulatedPurePursuitController detected collision ahead!
[controller_server-15] [WARN] [1790431335.049696251] [controller_server]: RegulatedPurePursuitController detected collision ahead!
[controller_server-15] [ERROR] [1790431335.049745275] [controller_server]: Controller patience exceeded
[controller_server-15] [WARN] [1790431335.049817206] [controller_server]: [follow_path] [ActionServer] Aborting handle.
[controller_server-15] [INFO] [1790431335.068297337] [local_costmap.local_costmap]: Received request to clear entirely the local_costmap
[controller_server-15] [INFO] [1790431335.068866565] [controller_server]: Received a goal, begin computing control effort.
[controller_server-15] [WARN] [1790431335.269886941] [controller_server]: Control loop missed its desired rate of 20.0000 Hz. Current loop rate is 4.9751 Hz.
[collision_monitor-23] [INFO] [1790431335.639925678] [collision_monitor]: Robot to approach for 1.200000 seconds away from collision
[controller_server-15] [INFO] [1790431335.770017141] [controller_server]: Passing new path to controller.
[controller_server-15] [WARN] [1790431335.820232796] [controller_server]: RegulatedPurePursuitController detected collision ahead!
[collision_monitor-23] [INFO] [1790431335.879669869] [collision_monitor]: Robot to continue normal operation
[controller_server-15] [WARN] [1790431336.020232528] [controller_server]: RegulatedPurePursuitController detected collision ahead!
[collision_monitor-23] [INFO] [1790431336.039849441] [collision_monitor]: Robot to approach for 1.200000 seconds away from collision
[collision_monitor-23] [INFO] [1790431336.079666533] [collision_monitor]: Robot to continue normal operation
[collision_monitor-23] [INFO] [1790431336.139829131] [collision_monitor]: Robot to approach for 1.200000 seconds away from collision
[controller_server-15] [WARN] [1790431336.170242532] [controller_server]: RegulatedPurePursuitController detected collision ahead!
[collision_monitor-23] [INFO] [1790431336.179697202] [collision_monitor]: Robot to continue normal operation
[controller_server-15] [WARN] [1790431336.220235484] [controller_server]: RegulatedPurePursuitController detected collision ahead!
[controller_server-15] [WARN] [1790431336.270254765] [controller_server]: RegulatedPurePursuitController detected collision ahead!
[controller_server-15] [WARN] [1790431336.320235356] [controller_server]: RegulatedPurePursuitController detected collision ahead!
[controller_server-15] [WARN] [1790431336.370405830] [controller_server]: RegulatedPurePursuitController detected collision ahead!
[controller_server-15] [WARN] [1790431336.420367217] [controller_server]: RegulatedPurePursuitController detected collision ahead!
[controller_server-15] [WARN] [1790431336.520395303] [controller_server]: RegulatedPurePursuitController detected collision ahead!
[controller_server-15] [WARN] [1790431336.570362555] [controller_server]: RegulatedPurePursuitController detected collision ahead!
[controller_server-15] [WARN] [1790431336.620404043] [controller_server]: RegulatedPurePursuitController detected collision ahead!
[controller_server-15] [INFO] [1790431336.770014798] [controller_server]: Passing new path to controller.
[controller_server-15] [WARN] [1790431337.170403699] [controller_server]: RegulatedPurePursuitController detected collision ahead!
[controller_server-15] [WARN] [1790431337.220434295] [controller_server]: RegulatedPurePursuitController detected collision ahead!
[controller_server-15] [WARN] [1790431337.420351017] [controller_server]: RegulatedPurePursuitController detected collision ahead!
[collision_monitor-23] [INFO] [1790431337.449825483] [collision_monitor]: Robot to approach for 1.200000 seconds away from collision
[collision_monitor-23] [INFO] [1790431337.479696265] [collision_monitor]: Robot to continue normal operation
[controller_server-15] [WARN] [1790431337.520415353] [controller_server]: RegulatedPurePursuitController detected collision ahead!
[collision_monitor-23] [INFO] [1790431337.539829116] [collision_monitor]: Robot to approach for 1.200000 seconds away from collision
[controller_server-15] [WARN] [1790431337.570464317] [controller_server]: RegulatedPurePursuitController detected collision ahead!
[collision_monitor-23] [INFO] [1790431337.579681268] [collision_monitor]: Robot to continue normal operation
[controller_server-15] [WARN] [1790431337.620403569] [controller_server]: RegulatedPurePursuitController detected collision ahead!
[controller_server-15] [INFO] [1790431337.820012805] [controller_server]: Passing new path to controller.
[controller_server-15] [WARN] [1790431337.820578403] [controller_server]: RegulatedPurePursuitController detected collision ahead!
[collision_monitor-23] [INFO] [1790431338.049913446] [collision_monitor]: Robot to approach for 1.200000 seconds away from collision
[collision_monitor-23] [INFO] [1790431338.079646723] [collision_monitor]: Robot to continue normal operation
[collision_monitor-23] [INFO] [1790431338.139847040] [collision_monitor]: Robot to approach for 1.200000 seconds away from collision
[collision_monitor-23] [INFO] [1790431338.179687671] [collision_monitor]: Robot to continue normal operation
[controller_server-15] [WARN] [1790431338.220348659] [controller_server]: RegulatedPurePursuitController detected collision ahead!
[collision_monitor-23] [INFO] [1790431338.339825299] [collision_monitor]: Robot to approach for 1.200000 seconds away from collision
[controller_server-15] [WARN] [1790431338.370340873] [controller_server]: RegulatedPurePursuitController detected collision ahead!
[collision_monitor-23] [INFO] [1790431338.380110502] [collision_monitor]: Robot to continue normal operation
[controller_server-15] [WARN] [1790431338.420333971] [controller_server]: RegulatedPurePursuitController detected collision ahead!
[collision_monitor-23] [INFO] [1790431338.639845344] [collision_monitor]: Robot to approach for 1.200000 seconds away from collision
[collision_monitor-23] [INFO] [1790431338.679738840] [collision_monitor]: Robot to continue normal operation
[controller_server-15] [WARN] [1790431338.720342424] [controller_server]: RegulatedPurePursuitController detected collision ahead!
[collision_monitor-23] [INFO] [1790431338.739884266] [collision_monitor]: Robot to approach for 1.200000 seconds away from collision
[controller_server-15] [WARN] [1790431338.770404030] [controller_server]: RegulatedPurePursuitController detected collision ahead!
[collision_monitor-23] [INFO] [1790431338.789884906] [collision_monitor]: Robot to continue normal operation
[controller_server-15] [INFO] [1790431338.820016316] [controller_server]: Passing new path to controller.
[controller_server-15] [WARN] [1790431338.820440147] [controller_server]: RegulatedPurePursuitController detected collision ahead!
[controller_server-15] [WARN] [1790431339.020417709] [controller_server]: RegulatedPurePursuitController detected collision ahead!
[collision_monitor-23] [INFO] [1790431339.039864856] [collision_monitor]: Robot to approach for 1.200000 seconds away from collision
[collision_monitor-23] [INFO] [1790431339.079703325] [collision_monitor]: Robot to continue normal operation
[collision_monitor-23] [INFO] [1790431339.139903156] [collision_monitor]: Robot to approach for 1.200000 seconds away from collision
[controller_server-15] [WARN] [1790431339.170498834] [controller_server]: RegulatedPurePursuitController detected collision ahead!
[collision_monitor-23] [INFO] [1790431339.179824170] [collision_monitor]: Robot to continue normal operation
[controller_server-15] [WARN] [1790431339.220355127] [controller_server]: RegulatedPurePursuitController detected collision ahead!
[controller_server-15] [WARN] [1790431339.370387157] [controller_server]: RegulatedPurePursuitController detected collision ahead!
[controller_server-15] [WARN] [1790431339.420409170] [controller_server]: RegulatedPurePursuitController detected collision ahead!
[controller_server-15] [WARN] [1790431339.520340622] [controller_server]: RegulatedPurePursuitController detected collision ahead!
[controller_server-15] [WARN] [1790431339.570370806] [controller_server]: RegulatedPurePursuitController detected collision ahead!
[controller_server-15] [WARN] [1790431339.620487865] [controller_server]: RegulatedPurePursuitController detected collision ahead!
[controller_server-15] [WARN] [1790431339.770384065] [controller_server]: RegulatedPurePursuitController detected collision ahead!
[controller_server-15] [WARN] [1790431339.820368158] [controller_server]: RegulatedPurePursuitController detected collision ahead!
[controller_server-15] [INFO] [1790431339.870020881] [controller_server]: Passing new path to controller.
[controller_server-15] [WARN] [1790431340.170344320] [controller_server]: RegulatedPurePursuitController detected collision ahead!
[controller_server-15] [WARN] [1790431340.220375415] [controller_server]: RegulatedPurePursuitController detected collision ahead!
[controller_server-15] [WARN] [1790431340.420502518] [controller_server]: RegulatedPurePursuitController detected collision ahead!
[collision_monitor-23] [INFO] [1790431340.439908253] [collision_monitor]: Robot to approach for 1.200000 seconds away from collision
[collision_monitor-23] [INFO] [1790431340.479806294] [collision_monitor]: Robot to continue normal operation
[controller_server-15] [WARN] [1790431340.520349335] [controller_server]: RegulatedPurePursuitController detected collision ahead!
[collision_monitor-23] [INFO] [1790431340.539834893] [collision_monitor]: Robot to approach for 1.200000 seconds away from collision
[controller_server-15] [WARN] [1790431340.570377218] [controller_server]: RegulatedPurePursuitController detected collision ahead!
[collision_monitor-23] [INFO] [1790431340.589896925] [collision_monitor]: Robot to continue normal operation
[controller_server-15] [WARN] [1790431340.620358450] [controller_server]: RegulatedPurePursuitController detected collision ahead!
[controller_server-15] [WARN] [1790431340.820377867] [controller_server]: RegulatedPurePursuitController detected collision ahead!
[collision_monitor-23] [INFO] [1790431340.849911000] [collision_monitor]: Robot to approach for 1.200000 seconds away from collision
[controller_server-15] [INFO] [1790431340.870021096] [controller_server]: Passing new path to controller.
[collision_monitor-23] [INFO] [1790431340.889820703] [collision_monitor]: Robot to continue normal operation
[collision_monitor-23] [INFO] [1790431340.940426823] [collision_monitor]: Robot to approach for 1.200000 seconds away from collision
[collision_monitor-23] [INFO] [1790431340.979715410] [collision_monitor]: Robot to continue normal operation
[controller_server-15] [WARN] [1790431341.020373471] [controller_server]: RegulatedPurePursuitController detected collision ahead!
[collision_monitor-23] [INFO] [1790431341.039824671] [collision_monitor]: Robot to approach for 1.200000 seconds away from collision
[collision_monitor-23] [INFO] [1790431341.079642124] [collision_monitor]: Robot to continue normal operation
[collision_monitor-23] [INFO] [1790431341.139809489] [collision_monitor]: Robot to approach for 1.200000 seconds away from collision
[collision_monitor-23] [INFO] [1790431341.180105036] [collision_monitor]: Robot to continue normal operation
[controller_server-15] [WARN] [1790431341.220411756] [controller_server]: RegulatedPurePursuitController detected collision ahead!
[collision_monitor-23] [INFO] [1790431341.239996900] [collision_monitor]: Robot to approach for 1.200000 seconds away from collision
[collision_monitor-23] [INFO] [1790431341.289724703] [collision_monitor]: Robot to continue normal operation
[collision_monitor-23] [INFO] [1790431341.339814183] [collision_monitor]: Robot to approach for 1.200000 seconds away from collision
[collision_monitor-23] [INFO] [1790431341.389710498] [collision_monitor]: Robot to continue normal operation
[controller_server-15] [WARN] [1790431341.420420291] [controller_server]: RegulatedPurePursuitController detected collision ahead!
[collision_monitor-23] [INFO] [1790431341.439853124] [collision_monitor]: Robot to approach for 1.200000 seconds away from collision
[collision_monitor-23] [INFO] [1790431341.479876172] [collision_monitor]: Robot to continue normal operation
[controller_server-15] [WARN] [1790431341.520344701] [controller_server]: RegulatedPurePursuitController detected collision ahead!
[collision_monitor-23] [INFO] [1790431341.549920575] [collision_monitor]: Robot to approach for 1.200000 seconds away from collision
[controller_server-15] [WARN] [1790431341.570356874] [controller_server]: RegulatedPurePursuitController detected collision ahead!
[collision_monitor-23] [INFO] [1790431341.579804284] [collision_monitor]: Robot to continue normal operation
[controller_server-15] [WARN] [1790431341.620362133] [controller_server]: RegulatedPurePursuitController detected collision ahead!
[controller_server-15] [WARN] [1790431341.820346714] [controller_server]: RegulatedPurePursuitController detected collision ahead!
[collision_monitor-23] [INFO] [1790431341.839827803] [collision_monitor]: Robot to approach for 1.200000 seconds away from collision
[collision_monitor-23] [INFO] [1790431341.889718951] [collision_monitor]: Robot to continue normal operation
[controller_server-15] [INFO] [1790431341.920016714] [controller_server]: Passing new path to controller.
[collision_monitor-23] [INFO] [1790431342.039817275] [collision_monitor]: Robot to approach for 1.200000 seconds away from collision
[collision_monitor-23] [INFO] [1790431342.079790743] [collision_monitor]: Robot to continue normal operation
[controller_server-15] [WARN] [1790431342.120391334] [controller_server]: RegulatedPurePursuitController detected collision ahead!
[collision_monitor-23] [INFO] [1790431342.139805591] [collision_monitor]: Robot to approach for 1.200000 seconds away from collision
[controller_server-15] [WARN] [1790431342.170404487] [controller_server]: RegulatedPurePursuitController detected collision ahead!
[collision_monitor-23] [INFO] [1790431342.189725794] [collision_monitor]: Robot to continue normal operation
[controller_server-15] [WARN] [1790431342.220384817] [controller_server]: RegulatedPurePursuitController detected collision ahead!
[controller_server-15] [WARN] [1790431342.420347064] [controller_server]: RegulatedPurePursuitController detected collision ahead!
[collision_monitor-23] [INFO] [1790431342.439808670] [collision_monitor]: Robot to approach for 1.200000 seconds away from collision
[collision_monitor-23] [INFO] [1790431342.479890592] [collision_monitor]: Robot to continue normal operation
[collision_monitor-23] [INFO] [1790431342.539808229] [collision_monitor]: Robot to approach for 1.200000 seconds away from collision
[controller_server-15] [WARN] [1790431342.570337569] [controller_server]: RegulatedPurePursuitController detected collision ahead!
[controller_server-15] [WARN] [1790431342.620384872] [controller_server]: RegulatedPurePursuitController detected collision ahead!
[collision_monitor-23] [INFO] [1790431342.639828041] [collision_monitor]: Robot to continue normal operation
[controller_server-15] [INFO] [1790431342.920016705] [controller_server]: Passing new path to controller.
[controller_server-15] [WARN] [1790431342.970239714] [controller_server]: RegulatedPurePursuitController detected collision ahead!
[controller_server-15] [WARN] [1790431343.020239739] [controller_server]: RegulatedPurePursuitController detected collision ahead!
[collision_monitor-23] [INFO] [1790431343.429754899] [collision_monitor]: Robot to approach for 1.200000 seconds away from collision
[controller_server-15] [WARN] [1790431343.520241827] [controller_server]: RegulatedPurePursuitController detected collision ahead!
[controller_server-15] [WARN] [1790431343.570282219] [controller_server]: RegulatedPurePursuitController detected collision ahead!
[collision_monitor-23] [INFO] [1790431343.589829655] [collision_monitor]: Robot to continue normal operation
[controller_server-15] [WARN] [1790431343.620238600] [controller_server]: RegulatedPurePursuitController detected collision ahead!
[controller_server-15] [WARN] [1790431343.670274313] [controller_server]: RegulatedPurePursuitController detected collision ahead!
[controller_server-15] [WARN] [1790431343.720239841] [controller_server]: RegulatedPurePursuitController detected collision ahead!
[controller_server-15] [WARN] [1790431343.770269968] [controller_server]: RegulatedPurePursuitController detected collision ahead!
[controller_server-15] [WARN] [1790431343.820996982] [controller_server]: RegulatedPurePursuitController detected collision ahead!
[controller_server-15] [ERROR] [1790431343.821044331] [controller_server]: Controller patience exceeded
[controller_server-15] [WARN] [1790431343.821138329] [controller_server]: [follow_path] [ActionServer] Aborting handle.
[controller_server-15] [INFO] [1790431343.838369392] [local_costmap.local_costmap]: Received request to clear entirely the local_costmap
[planner_server-17] [INFO] [1790431343.838878422] [global_costmap.global_costmap]: Received request to clear entirely the global_costmap
[controller_server-15] [INFO] [1790431344.808518677] [controller_server]: Received a goal, begin computing control effort.
[collision_monitor-23] [INFO] [1790431345.129727479] [collision_monitor]: Robot to approach for 1.200000 seconds away from collision
[collision_monitor-23] [INFO] [1790431345.329787810] [collision_monitor]: Robot to continue normal operation
[controller_server-15] [WARN] [1790431345.808887644] [controller_server]: RegulatedPurePursuitController detected collision ahead!
[controller_server-15] [INFO] [1790431345.858666019] [controller_server]: Passing new path to controller.
[controller_server-15] [WARN] [1790431345.859072881] [controller_server]: RegulatedPurePursuitController detected collision ahead!
[controller_server-15] [WARN] [1790431346.608895825] [controller_server]: RegulatedPurePursuitController detected collision ahead!
[controller_server-15] [WARN] [1790431346.658911644] [controller_server]: RegulatedPurePursuitController detected collision ahead!
[controller_server-15] [WARN] [1790431346.708922575] [controller_server]: RegulatedPurePursuitController detected collision ahead!
[controller_server-15] [WARN] [1790431346.758926033] [controller_server]: RegulatedPurePursuitController detected collision ahead!
[controller_server-15] [WARN] [1790431346.809043951] [controller_server]: RegulatedPurePursuitController detected collision ahead!
[controller_server-15] [INFO] [1790431346.858682729] [controller_server]: Passing new path to controller.
[collision_monitor-23] [INFO] [1790431347.629848488] [collision_monitor]: Robot to approach for 1.200000 seconds away from collision
[collision_monitor-23] [INFO] [1790431347.789822160] [collision_monitor]: Robot to continue normal operation
[controller_server-15] [INFO] [1790431347.908707429] [controller_server]: Passing new path to controller.
[controller_server-15] [WARN] [1790431347.958872070] [controller_server]: RegulatedPurePursuitController detected collision ahead!
[controller_server-15] [WARN] [1790431348.008877138] [controller_server]: RegulatedPurePursuitController detected collision ahead!
[controller_server-15] [WARN] [1790431348.058882628] [controller_server]: RegulatedPurePursuitController detected collision ahead!
[controller_server-15] [WARN] [1790431348.158909529] [controller_server]: RegulatedPurePursuitController detected collision ahead!
[controller_server-15] [WARN] [1790431348.208856985] [controller_server]: RegulatedPurePursuitController detected collision ahead!
[controller_server-15] [WARN] [1790431348.258879026] [controller_server]: RegulatedPurePursuitController detected collision ahead!
[controller_server-15] [WARN] [1790431348.308988011] [controller_server]: RegulatedPurePursuitController detected collision ahead!
[controller_server-15] [WARN] [1790431348.358937423] [controller_server]: RegulatedPurePursuitController detected collision ahead!
[controller_server-15] [WARN] [1790431348.408880619] [controller_server]: RegulatedPurePursuitController detected collision ahead!
[controller_server-15] [WARN] [1790431348.458884991] [controller_server]: RegulatedPurePursuitController detected collision ahead!
[controller_server-15] [ERROR] [1790431348.458937437] [controller_server]: Controller patience exceeded
[controller_server-15] [WARN] [1790431348.459030738] [controller_server]: [follow_path] [ActionServer] Aborting handle.
[controller_server-15] [INFO] [1790431348.478473984] [local_costmap.local_costmap]: Received request to clear entirely the local_costmap
[controller_server-15] [INFO] [1790431348.479330726] [controller_server]: Received a goal, begin computing control effort.
[controller_server-15] [WARN] [1790431348.669875519] [controller_server]: Control loop missed its desired rate of 20.0000 Hz. Current loop rate is 5.2632 Hz.
[controller_server-15] [INFO] [1790431348.919998432] [controller_server]: Passing new path to controller.
[collision_monitor-23] [INFO] [1790431349.229853393] [collision_monitor]: Robot to approach for 1.200000 seconds away from collision
[collision_monitor-23] [INFO] [1790431349.489806783] [collision_monitor]: Robot to continue normal operation
[collision_monitor-23] [INFO] [1790431349.529795562] [collision_monitor]: Robot to approach for 1.200000 seconds away from collision
[collision_monitor-23] [INFO] [1790431349.589820282] [collision_monitor]: Robot to continue normal operation
[collision_monitor-23] [INFO] [1790431349.629873519] [collision_monitor]: Robot to approach for 1.200000 seconds away from collision
[collision_monitor-23] [INFO] [1790431349.690131000] [collision_monitor]: Robot to continue normal operation
[controller_server-15] [WARN] [1790431349.720178418] [controller_server]: RegulatedPurePursuitController detected collision ahead!
[collision_monitor-23] [INFO] [1790431349.729807754] [collision_monitor]: Robot to approach for 1.200000 seconds away from collision
[controller_server-15] [WARN] [1790431349.770291736] [controller_server]: RegulatedPurePursuitController detected collision ahead!
[collision_monitor-23] [INFO] [1790431349.789906779] [collision_monitor]: Robot to continue normal operation
[controller_server-15] [WARN] [1790431349.820190660] [controller_server]: RegulatedPurePursuitController detected collision ahead!
[controller_server-15] [INFO] [1790431349.920000169] [controller_server]: Passing new path to controller.
[collision_monitor-23] [INFO] [1790431350.029787914] [collision_monitor]: Robot to approach for 1.200000 seconds away from collision
[collision_monitor-23] [INFO] [1790431350.089925353] [collision_monitor]: Robot to continue normal operation
[collision_monitor-23] [INFO] [1790431350.129789058] [collision_monitor]: Robot to approach for 1.200000 seconds away from collision
[collision_monitor-23] [INFO] [1790431350.189901984] [collision_monitor]: Robot to continue normal operation
[collision_monitor-23] [INFO] [1790431350.229747253] [collision_monitor]: Robot to approach for 1.200000 seconds away from collision
[collision_monitor-23] [INFO] [1790431350.290401754] [collision_monitor]: Robot to continue normal operation
[controller_server-15] [WARN] [1790431350.370156540] [controller_server]: RegulatedPurePursuitController detected collision ahead!
[controller_server-15] [WARN] [1790431350.420158823] [controller_server]: RegulatedPurePursuitController detected collision ahead!
[controller_server-15] [WARN] [1790431350.570153311] [controller_server]: RegulatedPurePursuitController detected collision ahead!
[controller_server-15] [WARN] [1790431350.620152870] [controller_server]: RegulatedPurePursuitController detected collision ahead!
[controller_server-15] [WARN] [1790431350.770246176] [controller_server]: RegulatedPurePursuitController detected collision ahead!
[controller_server-15] [WARN] [1790431350.820154181] [controller_server]: RegulatedPurePursuitController detected collision ahead!
[controller_server-15] [INFO] [1790431350.969997894] [controller_server]: Passing new path to controller.
[controller_server-15] [WARN] [1790431351.020154374] [controller_server]: RegulatedPurePursuitController detected collision ahead!
[collision_monitor-23] [INFO] [1790431351.129830394] [collision_monitor]: Robot to approach for 1.200000 seconds away from collision
[controller_server-15] [WARN] [1790431351.170141608] [controller_server]: RegulatedPurePursuitController detected collision ahead!
[collision_monitor-23] [INFO] [1790431351.189820762] [collision_monitor]: Robot to continue normal operation
[controller_server-15] [WARN] [1790431351.220144732] [controller_server]: RegulatedPurePursuitController detected collision ahead!
[controller_server-15] [WARN] [1790431351.370223171] [controller_server]: RegulatedPurePursuitController detected collision ahead!
[controller_server-15] [WARN] [1790431351.420142422] [controller_server]: RegulatedPurePursuitController detected collision ahead!
[controller_server-15] [WARN] [1790431351.570143134] [controller_server]: RegulatedPurePursuitController detected collision ahead!
[controller_server-15] [WARN] [1790431351.620139414] [controller_server]: RegulatedPurePursuitController detected collision ahead!
[controller_server-15] [WARN] [1790431351.770175114] [controller_server]: RegulatedPurePursuitController detected collision ahead!
[controller_server-15] [WARN] [1790431351.820137803] [controller_server]: RegulatedPurePursuitController detected collision ahead!
[controller_server-15] [INFO] [1790431351.970000241] [controller_server]: Passing new path to controller.
[controller_server-15] [INFO] [1790431353.020001445] [controller_server]: Passing new path to controller.
[controller_server-15] [INFO] [1790431354.020008381] [controller_server]: Passing new path to controller.
[controller_server-15] [INFO] [1790431355.070003357] [controller_server]: Passing new path to controller.
[controller_server-15] [INFO] [1790431356.070005454] [controller_server]: Passing new path to controller.
[controller_server-15] [INFO] [1790431357.070073743] [controller_server]: Passing new path to controller.
[controller_server-15] [INFO] [1790431358.120002001] [controller_server]: Passing new path to controller.
[controller_server-15] [INFO] [1790431359.120024525] [controller_server]: Passing new path to controller.
[controller_server-15] [INFO] [1790431360.170042086] [controller_server]: Passing new path to controller.
[controller_server-15] [INFO] [1790431361.170124576] [controller_server]: Passing new path to controller.
[controller_server-15] [INFO] [1790431362.220026820] [controller_server]: Passing new path to controller.
[controller_server-15] [INFO] [1790431363.220015985] [controller_server]: Passing new path to controller.
[controller_server-15] [INFO] [1790431364.220015054] [controller_server]: Passing new path to controller.
[controller_server-15] [INFO] [1790431365.270019437] [controller_server]: Passing new path to controller.
[controller_server-15] [INFO] [1790431366.270003535] [controller_server]: Passing new path to controller.
[controller_server-15] [INFO] [1790431367.320006362] [controller_server]: Passing new path to controller.
[controller_server-15] [INFO] [1790431368.320016133] [controller_server]: Passing new path to controller.
[controller_server-15] [INFO] [1790431369.319998375] [controller_server]: Passing new path to controller.
[controller_server-15] [INFO] [1790431370.370001517] [controller_server]: Passing new path to controller.
[controller_server-15] [INFO] [1790431371.370002027] [controller_server]: Passing new path to controller.
[controller_server-15] [INFO] [1790431372.420000747] [controller_server]: Passing new path to controller.
[controller_server-15] [INFO] [1790431373.419999204] [controller_server]: Passing new path to controller.
[controller_server-15] [INFO] [1790431373.620026123] [controller_server]: Reached the goal!
[bt_navigator-20] [INFO] [1790431373.648140323] [bt_navigator]: Goal succeeded
[nav_benchmark_runner.py-9] [INFO] [1790431374.655606295] [nav_benchmark_runner]: Saved trial 2 (east_detour): SUCCEEDED, error=0.057 m
[bt_navigator-20] [INFO] [1790431374.656372182] [bt_navigator]: Begin navigating from current location (0.34, -0.01) to (-3.00, -2.40)
[nav_benchmark_runner.py-9] [INFO] [1790431374.657499608] [nav_benchmark_runner]: Goal 'south_west_corridor' accepted: x=-3.00, y=-2.40, yaw=3.1416
[controller_server-15] [INFO] [1790431374.677432221] [controller_server]: Received a goal, begin computing control effort.
[controller_server-15] [INFO] [1790431375.727782469] [controller_server]: Passing new path to controller.
[controller_server-15] [INFO] [1790431376.777619276] [controller_server]: Passing new path to controller.
[controller_server-15] [INFO] [1790431377.777644573] [controller_server]: Passing new path to controller.
[controller_server-15] [INFO] [1790431378.827650286] [controller_server]: Passing new path to controller.
[collision_monitor-23] [INFO] [1790431379.079712608] [collision_monitor]: Robot to approach for 1.200000 seconds away from collision
[collision_monitor-23] [INFO] [1790431379.139822558] [collision_monitor]: Robot to continue normal operation
[collision_monitor-23] [INFO] [1790431379.179698829] [collision_monitor]: Robot to approach for 1.200000 seconds away from collision
[collision_monitor-23] [INFO] [1790431379.239829241] [collision_monitor]: Robot to continue normal operation
[collision_monitor-23] [INFO] [1790431379.279854262] [collision_monitor]: Robot to approach for 1.200000 seconds away from collision
[collision_monitor-23] [INFO] [1790431379.339813088] [collision_monitor]: Robot to continue normal operation
[collision_monitor-23] [INFO] [1790431379.379946004] [collision_monitor]: Robot to approach for 1.200000 seconds away from collision
[collision_monitor-23] [INFO] [1790431379.439821656] [collision_monitor]: Robot to continue normal operation
[collision_monitor-23] [INFO] [1790431379.479834665] [collision_monitor]: Robot to approach for 1.200000 seconds away from collision
[collision_monitor-23] [INFO] [1790431379.539807178] [collision_monitor]: Robot to continue normal operation
[collision_monitor-23] [INFO] [1790431379.579803147] [collision_monitor]: Robot to approach for 1.200000 seconds away from collision
[controller_server-15] [WARN] [1790431379.628026728] [controller_server]: RegulatedPurePursuitController detected collision ahead!
[collision_monitor-23] [INFO] [1790431379.639792072] [collision_monitor]: Robot to continue normal operation
[collision_monitor-23] [INFO] [1790431379.779723911] [collision_monitor]: Robot to approach for 1.200000 seconds away from collision
[controller_server-15] [INFO] [1790431379.827649363] [controller_server]: Passing new path to controller.
[controller_server-15] [WARN] [1790431379.828323207] [controller_server]: RegulatedPurePursuitController detected collision ahead!
[collision_monitor-23] [INFO] [1790431379.839895177] [collision_monitor]: Robot to continue normal operation
[collision_monitor-23] [INFO] [1790431379.939883632] [collision_monitor]: Robot to approach for 1.200000 seconds away from collision
[controller_server-15] [WARN] [1790431380.028058838] [controller_server]: RegulatedPurePursuitController detected collision ahead!
[collision_monitor-23] [INFO] [1790431380.079874905] [collision_monitor]: Robot to continue normal operation
[controller_server-15] [WARN] [1790431380.128669325] [controller_server]: RegulatedPurePursuitController detected collision ahead!
[collision_monitor-23] [INFO] [1790431380.139950569] [collision_monitor]: Robot to approach for 1.200000 seconds away from collision
[controller_server-15] [WARN] [1790431380.178076901] [controller_server]: RegulatedPurePursuitController detected collision ahead!
[collision_monitor-23] [INFO] [1790431380.179860083] [collision_monitor]: Robot to continue normal operation
[controller_server-15] [WARN] [1790431380.228173056] [controller_server]: RegulatedPurePursuitController detected collision ahead!
[collision_monitor-23] [INFO] [1790431380.480018911] [collision_monitor]: Robot to approach for 1.200000 seconds away from collision
[controller_server-15] [WARN] [1790431380.628057204] [controller_server]: RegulatedPurePursuitController detected collision ahead!
[collision_monitor-23] [INFO] [1790431380.639873948] [collision_monitor]: Robot to continue normal operation
[collision_monitor-23] [INFO] [1790431380.779765498] [collision_monitor]: Robot to approach for 1.200000 seconds away from collision
[controller_server-15] [WARN] [1790431380.828050677] [controller_server]: RegulatedPurePursuitController detected collision ahead!
[collision_monitor-23] [INFO] [1790431380.839871331] [collision_monitor]: Robot to continue normal operation
[controller_server-15] [INFO] [1790431380.877676699] [controller_server]: Passing new path to controller.
[collision_monitor-23] [INFO] [1790431380.939813701] [collision_monitor]: Robot to approach for 1.200000 seconds away from collision
[controller_server-15] [WARN] [1790431381.028356177] [controller_server]: RegulatedPurePursuitController detected collision ahead!
[collision_monitor-23] [INFO] [1790431381.100331762] [collision_monitor]: Robot to continue normal operation
[controller_server-15] [WARN] [1790431381.178024511] [controller_server]: RegulatedPurePursuitController detected collision ahead!
[collision_monitor-23] [INFO] [1790431381.179759507] [collision_monitor]: Robot to approach for 1.200000 seconds away from collision
[controller_server-15] [WARN] [1790431381.228018290] [controller_server]: RegulatedPurePursuitController detected collision ahead!
[collision_monitor-23] [INFO] [1790431381.239935737] [collision_monitor]: Robot to continue normal operation
[collision_monitor-23] [INFO] [1790431381.379704175] [collision_monitor]: Robot to approach for 1.200000 seconds away from collision
[controller_server-15] [WARN] [1790431381.428019525] [controller_server]: RegulatedPurePursuitController detected collision ahead!
[collision_monitor-23] [INFO] [1790431381.439825515] [collision_monitor]: Robot to continue normal operation
[collision_monitor-23] [INFO] [1790431381.540335792] [collision_monitor]: Robot to approach for 1.200000 seconds away from collision
[controller_server-15] [WARN] [1790431381.627948131] [controller_server]: RegulatedPurePursuitController detected collision ahead!
[collision_monitor-23] [INFO] [1790431381.639889322] [collision_monitor]: Robot to continue normal operation
[collision_monitor-23] [INFO] [1790431381.779769846] [collision_monitor]: Robot to approach for 1.200000 seconds away from collision
[collision_monitor-23] [INFO] [1790431381.839912695] [collision_monitor]: Robot to continue normal operation
[controller_server-15] [INFO] [1790431381.877681261] [controller_server]: Passing new path to controller.
[collision_monitor-23] [INFO] [1790431381.879817044] [collision_monitor]: Robot to approach for 1.200000 seconds away from collision
[collision_monitor-23] [INFO] [1790431381.939823783] [collision_monitor]: Robot to continue normal operation
[collision_monitor-23] [INFO] [1790431381.979710254] [collision_monitor]: Robot to approach for 1.200000 seconds away from collision
[controller_server-15] [WARN] [1790431382.027850179] [controller_server]: RegulatedPurePursuitController detected collision ahead!
[collision_monitor-23] [INFO] [1790431382.039796818] [collision_monitor]: Robot to continue normal operation
[collision_monitor-23] [INFO] [1790431382.180062562] [collision_monitor]: Robot to approach for 1.200000 seconds away from collision
[collision_monitor-23] [INFO] [1790431382.239779906] [collision_monitor]: Robot to continue normal operation
[collision_monitor-23] [INFO] [1790431382.279736215] [collision_monitor]: Robot to approach for 1.200000 seconds away from collision
[collision_monitor-23] [INFO] [1790431382.339825293] [collision_monitor]: Robot to continue normal operation
[controller_server-15] [WARN] [1790431382.378092697] [controller_server]: RegulatedPurePursuitController detected collision ahead!
[collision_monitor-23] [INFO] [1790431382.379774129] [collision_monitor]: Robot to approach for 1.200000 seconds away from collision
[controller_server-15] [WARN] [1790431382.427870547] [controller_server]: RegulatedPurePursuitController detected collision ahead!
[collision_monitor-23] [INFO] [1790431382.439819002] [collision_monitor]: Robot to continue normal operation
[collision_monitor-23] [INFO] [1790431382.579708961] [collision_monitor]: Robot to approach for 1.200000 seconds away from collision
[controller_server-15] [WARN] [1790431382.627848328] [controller_server]: RegulatedPurePursuitController detected collision ahead!
[collision_monitor-23] [INFO] [1790431382.639814591] [collision_monitor]: Robot to continue normal operation
[collision_monitor-23] [INFO] [1790431382.779872993] [collision_monitor]: Robot to approach for 1.200000 seconds away from collision
[collision_monitor-23] [INFO] [1790431382.839848450] [collision_monitor]: Robot to continue normal operation
[collision_monitor-23] [INFO] [1790431382.879732828] [collision_monitor]: Robot to approach for 1.200000 seconds away from collision
[controller_server-15] [INFO] [1790431382.927617155] [controller_server]: Passing new path to controller.
[collision_monitor-23] [INFO] [1790431382.939952359] [collision_monitor]: Robot to continue normal operation
[controller_server-15] [WARN] [1790431382.977870655] [controller_server]: RegulatedPurePursuitController detected collision ahead!
[collision_monitor-23] [INFO] [1790431382.979972707] [collision_monitor]: Robot to approach for 1.200000 seconds away from collision
[controller_server-15] [WARN] [1790431383.027877567] [controller_server]: RegulatedPurePursuitController detected collision ahead!
[collision_monitor-23] [INFO] [1790431383.039827908] [collision_monitor]: Robot to continue normal operation
[collision_monitor-23] [INFO] [1790431383.179894489] [collision_monitor]: Robot to approach for 1.200000 seconds away from collision
[controller_server-15] [WARN] [1790431383.377833988] [controller_server]: RegulatedPurePursuitController detected collision ahead!
[controller_server-15] [WARN] [1790431383.427850189] [controller_server]: RegulatedPurePursuitController detected collision ahead!
[collision_monitor-23] [INFO] [1790431383.439799623] [collision_monitor]: Robot to continue normal operation
[collision_monitor-23] [INFO] [1790431383.579983038] [collision_monitor]: Robot to approach for 1.200000 seconds away from collision
[controller_server-15] [WARN] [1790431383.627883709] [controller_server]: RegulatedPurePursuitController detected collision ahead!
[collision_monitor-23] [INFO] [1790431383.639826229] [collision_monitor]: Robot to continue normal operation
[collision_monitor-23] [INFO] [1790431383.779756909] [collision_monitor]: Robot to approach for 1.200000 seconds away from collision
[collision_monitor-23] [INFO] [1790431383.839805277] [collision_monitor]: Robot to continue normal operation
[collision_monitor-23] [INFO] [1790431383.879910547] [collision_monitor]: Robot to approach for 1.200000 seconds away from collision
[controller_server-15] [INFO] [1790431383.927615050] [controller_server]: Passing new path to controller.
[collision_monitor-23] [INFO] [1790431383.939812609] [collision_monitor]: Robot to continue normal operation
[controller_server-15] [WARN] [1790431383.977838872] [controller_server]: RegulatedPurePursuitController detected collision ahead!
[collision_monitor-23] [INFO] [1790431383.979738192] [collision_monitor]: Robot to approach for 1.200000 seconds away from collision
[controller_server-15] [WARN] [1790431384.027893555] [controller_server]: RegulatedPurePursuitController detected collision ahead!
[collision_monitor-23] [INFO] [1790431384.039806115] [collision_monitor]: Robot to continue normal operation
[collision_monitor-23] [INFO] [1790431384.180110424] [collision_monitor]: Robot to approach for 1.200000 seconds away from collision
[collision_monitor-23] [INFO] [1790431384.239810454] [collision_monitor]: Robot to continue normal operation
[collision_monitor-23] [INFO] [1790431384.279742953] [collision_monitor]: Robot to approach for 1.200000 seconds away from collision
[collision_monitor-23] [INFO] [1790431384.339787832] [collision_monitor]: Robot to continue normal operation
[collision_monitor-23] [INFO] [1790431384.379993248] [collision_monitor]: Robot to approach for 1.200000 seconds away from collision
[collision_monitor-23] [INFO] [1790431384.439813257] [collision_monitor]: Robot to continue normal operation
[collision_monitor-23] [INFO] [1790431384.479917342] [collision_monitor]: Robot to approach for 1.200000 seconds away from collision
[collision_monitor-23] [INFO] [1790431384.539716958] [collision_monitor]: Robot to continue normal operation
[controller_server-15] [WARN] [1790431384.577953080] [controller_server]: RegulatedPurePursuitController detected collision ahead!
[collision_monitor-23] [INFO] [1790431384.579828236] [collision_monitor]: Robot to approach for 1.200000 seconds away from collision
[controller_server-15] [WARN] [1790431384.627868720] [controller_server]: RegulatedPurePursuitController detected collision ahead!
[collision_monitor-23] [INFO] [1790431384.639825906] [collision_monitor]: Robot to continue normal operation
[collision_monitor-23] [INFO] [1790431384.779958139] [collision_monitor]: Robot to approach for 1.200000 seconds away from collision
[collision_monitor-23] [INFO] [1790431384.839883390] [collision_monitor]: Robot to continue normal operation
[collision_monitor-23] [INFO] [1790431384.879750942] [collision_monitor]: Robot to approach for 1.200000 seconds away from collision
[collision_monitor-23] [INFO] [1790431384.939818447] [collision_monitor]: Robot to continue normal operation
[controller_server-15] [INFO] [1790431384.977610414] [controller_server]: Passing new path to controller.
[collision_monitor-23] [INFO] [1790431384.979733627] [collision_monitor]: Robot to approach for 1.200000 seconds away from collision
[controller_server-15] [WARN] [1790431385.027847510] [controller_server]: RegulatedPurePursuitController detected collision ahead!
[collision_monitor-23] [INFO] [1790431385.039792126] [collision_monitor]: Robot to continue normal operation
[collision_monitor-23] [INFO] [1790431385.179694677] [collision_monitor]: Robot to approach for 1.200000 seconds away from collision
[collision_monitor-23] [INFO] [1790431385.239808696] [collision_monitor]: Robot to continue normal operation
[collision_monitor-23] [INFO] [1790431385.279718431] [collision_monitor]: Robot to approach for 1.200000 seconds away from collision
[collision_monitor-23] [INFO] [1790431385.339826374] [collision_monitor]: Robot to continue normal operation
[collision_monitor-23] [INFO] [1790431385.379657474] [collision_monitor]: Robot to approach for 1.200000 seconds away from collision
[controller_server-15] [WARN] [1790431385.427880511] [controller_server]: RegulatedPurePursuitController detected collision ahead!
[collision_monitor-23] [INFO] [1790431385.439816607] [collision_monitor]: Robot to continue normal operation
[controller_server-15] [WARN] [1790431385.577925151] [controller_server]: RegulatedPurePursuitController detected collision ahead!
[collision_monitor-23] [INFO] [1790431385.579780823] [collision_monitor]: Robot to approach for 1.200000 seconds away from collision
[controller_server-15] [WARN] [1790431385.627852876] [controller_server]: RegulatedPurePursuitController detected collision ahead!
[collision_monitor-23] [INFO] [1790431385.640105187] [collision_monitor]: Robot to continue normal operation
[collision_monitor-23] [INFO] [1790431385.779751581] [collision_monitor]: Robot to approach for 1.200000 seconds away from collision
[collision_monitor-23] [INFO] [1790431385.839828239] [collision_monitor]: Robot to continue normal operation
[collision_monitor-23] [INFO] [1790431385.879821915] [collision_monitor]: Robot to approach for 1.200000 seconds away from collision
[collision_monitor-23] [INFO] [1790431385.939937332] [collision_monitor]: Robot to continue normal operation
[controller_server-15] [INFO] [1790431385.977623220] [controller_server]: Passing new path to controller.
[controller_server-15] [WARN] [1790431385.978009760] [controller_server]: RegulatedPurePursuitController detected collision ahead!
[collision_monitor-23] [INFO] [1790431385.979863058] [collision_monitor]: Robot to approach for 1.200000 seconds away from collision
[controller_server-15] [WARN] [1790431386.027887764] [controller_server]: RegulatedPurePursuitController detected collision ahead!
[collision_monitor-23] [INFO] [1790431386.039865412] [collision_monitor]: Robot to continue normal operation
[collision_monitor-23] [INFO] [1790431386.179715594] [collision_monitor]: Robot to approach for 1.200000 seconds away from collision
[controller_server-15] [WARN] [1790431386.227886816] [controller_server]: RegulatedPurePursuitController detected collision ahead!
[collision_monitor-23] [INFO] [1790431386.239807269] [collision_monitor]: Robot to continue normal operation
[collision_monitor-23] [INFO] [1790431386.379796493] [collision_monitor]: Robot to approach for 1.200000 seconds away from collision
[collision_monitor-23] [INFO] [1790431386.439898294] [collision_monitor]: Robot to continue normal operation
[collision_monitor-23] [INFO] [1790431386.479741198] [collision_monitor]: Robot to approach for 1.200000 seconds away from collision
[collision_monitor-23] [INFO] [1790431386.639825695] [collision_monitor]: Robot to continue normal operation
[collision_monitor-23] [INFO] [1790431386.679692413] [collision_monitor]: Robot to approach for 1.200000 seconds away from collision
[collision_monitor-23] [INFO] [1790431386.739809089] [collision_monitor]: Robot to continue normal operation
[collision_monitor-23] [INFO] [1790431386.779642914] [collision_monitor]: Robot to approach for 1.200000 seconds away from collision
[controller_server-15] [WARN] [1790431386.827887882] [controller_server]: RegulatedPurePursuitController detected collision ahead!
[collision_monitor-23] [INFO] [1790431386.839849259] [collision_monitor]: Robot to continue normal operation
[collision_monitor-23] [INFO] [1790431386.979932901] [collision_monitor]: Robot to approach for 1.200000 seconds away from collision
[controller_server-15] [INFO] [1790431387.027643209] [controller_server]: Passing new path to controller.
[collision_monitor-23] [INFO] [1790431387.039821845] [collision_monitor]: Robot to continue normal operation
[collision_monitor-23] [INFO] [1790431387.079900935] [collision_monitor]: Robot to approach for 1.200000 seconds away from collision
[collision_monitor-23] [INFO] [1790431387.139853012] [collision_monitor]: Robot to continue normal operation
[collision_monitor-23] [INFO] [1790431387.179772108] [collision_monitor]: Robot to approach for 1.200000 seconds away from collision
[collision_monitor-23] [INFO] [1790431387.239796605] [collision_monitor]: Robot to continue normal operation
[collision_monitor-23] [INFO] [1790431387.279731694] [collision_monitor]: Robot to approach for 1.200000 seconds away from collision
[collision_monitor-23] [INFO] [1790431387.339832800] [collision_monitor]: Robot to continue normal operation
[collision_monitor-23] [INFO] [1790431387.379831648] [collision_monitor]: Robot to approach for 1.200000 seconds away from collision
[controller_server-15] [WARN] [1790431387.428108673] [controller_server]: RegulatedPurePursuitController detected collision ahead!
[collision_monitor-23] [INFO] [1790431387.439812009] [collision_monitor]: Robot to continue normal operation
[controller_server-15] [WARN] [1790431387.577945078] [controller_server]: RegulatedPurePursuitController detected collision ahead!
[collision_monitor-23] [INFO] [1790431387.580130864] [collision_monitor]: Robot to approach for 1.200000 seconds away from collision
[controller_server-15] [WARN] [1790431387.628136508] [controller_server]: RegulatedPurePursuitController detected collision ahead!
[collision_monitor-23] [INFO] [1790431387.639848642] [collision_monitor]: Robot to continue normal operation
[collision_monitor-23] [INFO] [1790431387.780015256] [collision_monitor]: Robot to approach for 1.200000 seconds away from collision
[controller_server-15] [WARN] [1790431387.827956232] [controller_server]: RegulatedPurePursuitController detected collision ahead!
[collision_monitor-23] [INFO] [1790431387.840194368] [collision_monitor]: Robot to continue normal operation
[collision_monitor-23] [INFO] [1790431387.979852719] [collision_monitor]: Robot to approach for 1.200000 seconds away from collision
[controller_server-15] [INFO] [1790431388.027616383] [controller_server]: Passing new path to controller.
[collision_monitor-23] [INFO] [1790431388.039806054] [collision_monitor]: Robot to continue normal operation
[collision_monitor-23] [INFO] [1790431388.091087202] [collision_monitor]: Robot to approach for 1.200000 seconds away from collision
[collision_monitor-23] [INFO] [1790431388.150785499] [collision_monitor]: Robot to continue normal operation
[controller_server-15] [WARN] [1790431388.178148149] [controller_server]: RegulatedPurePursuitController detected collision ahead!
[collision_monitor-23] [INFO] [1790431388.190973185] [collision_monitor]: Robot to approach for 1.200000 seconds away from collision
[controller_server-15] [WARN] [1790431388.228289439] [controller_server]: RegulatedPurePursuitController detected collision ahead!
[collision_monitor-23] [INFO] [1790431388.240940305] [collision_monitor]: Robot to continue normal operation
[controller_server-15] [WARN] [1790431388.427887376] [controller_server]: RegulatedPurePursuitController detected collision ahead!
[collision_monitor-23] [INFO] [1790431388.679824749] [collision_monitor]: Robot to approach for 1.200000 seconds away from collision
[controller_server-15] [WARN] [1790431388.727977469] [controller_server]: RegulatedPurePursuitController detected collision ahead!
[collision_monitor-23] [INFO] [1790431388.739799455] [collision_monitor]: Robot to continue normal operation
[controller_server-15] [WARN] [1790431388.777948220] [controller_server]: RegulatedPurePursuitController detected collision ahead!
[controller_server-15] [WARN] [1790431388.827942646] [controller_server]: RegulatedPurePursuitController detected collision ahead!
[controller_server-15] [INFO] [1790431389.077613158] [controller_server]: Passing new path to controller.
[controller_server-15] [WARN] [1790431389.177882125] [controller_server]: RegulatedPurePursuitController detected collision ahead!
[collision_monitor-23] [INFO] [1790431389.179783401] [collision_monitor]: Robot to approach for 1.200000 seconds away from collision
[controller_server-15] [WARN] [1790431389.227892127] [controller_server]: RegulatedPurePursuitController detected collision ahead!
[collision_monitor-23] [INFO] [1790431389.239779969] [collision_monitor]: Robot to continue normal operation
[collision_monitor-23] [INFO] [1790431389.379735274] [collision_monitor]: Robot to approach for 1.200000 seconds away from collision
[controller_server-15] [WARN] [1790431389.427935415] [controller_server]: RegulatedPurePursuitController detected collision ahead!
[collision_monitor-23] [INFO] [1790431389.439843370] [collision_monitor]: Robot to continue normal operation
[collision_monitor-23] [INFO] [1790431389.579978013] [collision_monitor]: Robot to approach for 1.200000 seconds away from collision
[collision_monitor-23] [INFO] [1790431389.639782882] [collision_monitor]: Robot to continue normal operation
[collision_monitor-23] [INFO] [1790431389.779793637] [collision_monitor]: Robot to approach for 1.200000 seconds away from collision
[collision_monitor-23] [INFO] [1790431389.839781127] [collision_monitor]: Robot to continue normal operation
[controller_server-15] [INFO] [1790431390.077617932] [controller_server]: Passing new path to controller.
[collision_monitor-23] [INFO] [1790431390.079926489] [collision_monitor]: Robot to approach for 1.200000 seconds away from collision
[collision_monitor-23] [INFO] [1790431390.139783529] [collision_monitor]: Robot to continue normal operation
[controller_server-15] [WARN] [1790431390.178014773] [controller_server]: RegulatedPurePursuitController detected collision ahead!
[collision_monitor-23] [INFO] [1790431390.179938815] [collision_monitor]: Robot to approach for 1.200000 seconds away from collision
[controller_server-15] [WARN] [1790431390.227873583] [controller_server]: RegulatedPurePursuitController detected collision ahead!
[collision_monitor-23] [INFO] [1790431390.239795785] [collision_monitor]: Robot to continue normal operation
[collision_monitor-23] [INFO] [1790431390.380046083] [collision_monitor]: Robot to approach for 1.200000 seconds away from collision
[controller_server-15] [WARN] [1790431390.527893522] [controller_server]: RegulatedPurePursuitController detected collision ahead!
[controller_server-15] [WARN] [1790431390.577871821] [controller_server]: RegulatedPurePursuitController detected collision ahead!
[collision_monitor-23] [INFO] [1790431390.579712269] [collision_monitor]: Robot to continue normal operation
[controller_server-15] [WARN] [1790431390.628034835] [controller_server]: RegulatedPurePursuitController detected collision ahead!
[controller_server-15] [WARN] [1790431390.777844515] [controller_server]: RegulatedPurePursuitController detected collision ahead!
[controller_server-15] [WARN] [1790431390.827900332] [controller_server]: RegulatedPurePursuitController detected collision ahead!
[collision_monitor-23] [INFO] [1790431391.079816085] [collision_monitor]: Robot to approach for 1.200000 seconds away from collision
[controller_server-15] [INFO] [1790431391.127568026] [controller_server]: Passing new path to controller.
[collision_monitor-23] [INFO] [1790431391.239808789] [collision_monitor]: Robot to continue normal operation
[controller_server-15] [WARN] [1790431391.427861386] [controller_server]: RegulatedPurePursuitController detected collision ahead!
[collision_monitor-23] [INFO] [1790431391.779973636] [collision_monitor]: Robot to approach for 1.200000 seconds away from collision
[collision_monitor-23] [INFO] [1790431391.839820832] [collision_monitor]: Robot to continue normal operation
[collision_monitor-23] [INFO] [1790431391.879821155] [collision_monitor]: Robot to approach for 1.200000 seconds away from collision
[collision_monitor-23] [INFO] [1790431391.939804181] [collision_monitor]: Robot to continue normal operation
[collision_monitor-23] [INFO] [1790431391.980001371] [collision_monitor]: Robot to approach for 1.200000 seconds away from collision
[collision_monitor-23] [INFO] [1790431392.039800313] [collision_monitor]: Robot to continue normal operation
[controller_server-15] [INFO] [1790431392.127622556] [controller_server]: Passing new path to controller.
[controller_server-15] [INFO] [1790431393.177615288] [controller_server]: Passing new path to controller.
[controller_server-15] [WARN] [1790431393.427834278] [controller_server]: RegulatedPurePursuitController detected collision ahead!
[collision_monitor-23] [INFO] [1790431393.580088997] [collision_monitor]: Robot to approach for 1.200000 seconds away from collision
[controller_server-15] [WARN] [1790431393.627814545] [controller_server]: RegulatedPurePursuitController detected collision ahead!
[collision_monitor-23] [INFO] [1790431393.639828931] [collision_monitor]: Robot to continue normal operation
[collision_monitor-23] [INFO] [1790431393.780164660] [collision_monitor]: Robot to approach for 1.200000 seconds away from collision
[controller_server-15] [WARN] [1790431393.827842789] [controller_server]: RegulatedPurePursuitController detected collision ahead!
[collision_monitor-23] [INFO] [1790431393.839821629] [collision_monitor]: Robot to continue normal operation
[controller_server-15] [WARN] [1790431393.977805712] [controller_server]: RegulatedPurePursuitController detected collision ahead!
[collision_monitor-23] [INFO] [1790431393.980034796] [collision_monitor]: Robot to approach for 1.200000 seconds away from collision
[controller_server-15] [WARN] [1790431394.027799383] [controller_server]: RegulatedPurePursuitController detected collision ahead!
[collision_monitor-23] [INFO] [1790431394.039847640] [collision_monitor]: Robot to continue normal operation
[controller_server-15] [INFO] [1790431394.177638844] [controller_server]: Passing new path to controller.
[collision_monitor-23] [INFO] [1790431394.181095848] [collision_monitor]: Robot to approach for 1.200000 seconds away from collision
[collision_monitor-23] [INFO] [1790431394.239830082] [collision_monitor]: Robot to continue normal operation
[controller_server-15] [WARN] [1790431394.377835821] [controller_server]: RegulatedPurePursuitController detected collision ahead!
[controller_server-15] [WARN] [1790431394.427813012] [controller_server]: RegulatedPurePursuitController detected collision ahead!
[controller_server-15] [WARN] [1790431394.627786934] [controller_server]: RegulatedPurePursuitController detected collision ahead!
[collision_monitor-23] [INFO] [1790431395.180126182] [collision_monitor]: Robot to approach for 1.200000 seconds away from collision
[controller_server-15] [INFO] [1790431395.227611360] [controller_server]: Passing new path to controller.
[collision_monitor-23] [INFO] [1790431395.239812278] [collision_monitor]: Robot to continue normal operation
[collision_monitor-23] [INFO] [1790431395.580109242] [collision_monitor]: Robot to approach for 1.200000 seconds away from collision
[collision_monitor-23] [INFO] [1790431395.639916923] [collision_monitor]: Robot to continue normal operation
[collision_monitor-23] [INFO] [1790431395.680296602] [collision_monitor]: Robot to approach for 1.200000 seconds away from collision
[collision_monitor-23] [INFO] [1790431395.739943730] [collision_monitor]: Robot to continue normal operation
[controller_server-15] [INFO] [1790431396.227618466] [controller_server]: Passing new path to controller.
[controller_server-15] [INFO] [1790431397.277612947] [controller_server]: Passing new path to controller.
[controller_server-15] [INFO] [1790431398.277612752] [controller_server]: Passing new path to controller.
[controller_server-15] [INFO] [1790431399.327615159] [controller_server]: Passing new path to controller.
[controller_server-15] [INFO] [1790431400.327614086] [controller_server]: Passing new path to controller.
[controller_server-15] [INFO] [1790431401.177670612] [controller_server]: Reached the goal!
[bt_navigator-20] [INFO] [1790431401.206832457] [bt_navigator]: Goal succeeded
[bt_navigator-20] [INFO] [1790431402.208014212] [bt_navigator]: Begin navigating from current location (-2.92, -2.42) to (0.30, 0.00)
[nav_benchmark_runner.py-9] [INFO] [1790431402.209080743] [nav_benchmark_runner]: Goal 'return_to_start' accepted: x=0.30, y=0.00, yaw=0.0000
[controller_server-15] [INFO] [1790431402.228748707] [controller_server]: Received a goal, begin computing control effort.
[controller_server-15] [INFO] [1790431403.278910890] [controller_server]: Passing new path to controller.
[controller_server-15] [INFO] [1790431404.278905258] [controller_server]: Passing new path to controller.
[controller_server-15] [INFO] [1790431405.328908459] [controller_server]: Passing new path to controller.
[controller_server-15] [INFO] [1790431406.378908778] [controller_server]: Passing new path to controller.
[controller_server-15] [INFO] [1790431407.378870611] [controller_server]: Passing new path to controller.
[controller_server-15] [INFO] [1790431408.428903296] [controller_server]: Passing new path to controller.
[collision_monitor-23] [INFO] [1790431408.579716507] [collision_monitor]: Robot to approach for 1.200000 seconds away from collision
[collision_monitor-23] [INFO] [1790431408.639848821] [collision_monitor]: Robot to continue normal operation
[collision_monitor-23] [INFO] [1790431408.679795753] [collision_monitor]: Robot to approach for 1.200000 seconds away from collision
[collision_monitor-23] [INFO] [1790431408.739909422] [collision_monitor]: Robot to continue normal operation
[collision_monitor-23] [INFO] [1790431408.779717730] [collision_monitor]: Robot to approach for 1.200000 seconds away from collision
[collision_monitor-23] [INFO] [1790431408.839792360] [collision_monitor]: Robot to continue normal operation
[collision_monitor-23] [INFO] [1790431408.879716386] [collision_monitor]: Robot to approach for 1.200000 seconds away from collision
[collision_monitor-23] [INFO] [1790431408.939800933] [collision_monitor]: Robot to continue normal operation
[collision_monitor-23] [INFO] [1790431408.979870078] [collision_monitor]: Robot to approach for 1.200000 seconds away from collision
[controller_server-15] [WARN] [1790431409.029161238] [controller_server]: RegulatedPurePursuitController detected collision ahead!
[collision_monitor-23] [INFO] [1790431409.039778221] [collision_monitor]: Robot to continue normal operation
[controller_server-15] [WARN] [1790431409.179420450] [controller_server]: RegulatedPurePursuitController detected collision ahead!
[collision_monitor-23] [INFO] [1790431409.179828779] [collision_monitor]: Robot to approach for 1.200000 seconds away from collision
[controller_server-15] [WARN] [1790431409.229224554] [controller_server]: RegulatedPurePursuitController detected collision ahead!
[collision_monitor-23] [INFO] [1790431409.239802988] [collision_monitor]: Robot to continue normal operation
[controller_server-15] [WARN] [1790431409.379365813] [controller_server]: RegulatedPurePursuitController detected collision ahead!
[collision_monitor-23] [INFO] [1790431409.379720160] [collision_monitor]: Robot to approach for 1.200000 seconds away from collision
[controller_server-15] [INFO] [1790431409.428905660] [controller_server]: Passing new path to controller.
[controller_server-15] [WARN] [1790431409.429366785] [controller_server]: RegulatedPurePursuitController detected collision ahead!
[collision_monitor-23] [INFO] [1790431409.439792488] [collision_monitor]: Robot to continue normal operation
[controller_server-15] [WARN] [1790431409.579288271] [controller_server]: RegulatedPurePursuitController detected collision ahead!
[collision_monitor-23] [INFO] [1790431409.579698905] [collision_monitor]: Robot to approach for 1.200000 seconds away from collision
[controller_server-15] [WARN] [1790431409.629156206] [controller_server]: RegulatedPurePursuitController detected collision ahead!
[collision_monitor-23] [INFO] [1790431409.639788902] [collision_monitor]: Robot to continue normal operation
[collision_monitor-23] [INFO] [1790431409.789975485] [collision_monitor]: Robot to approach for 1.200000 seconds away from collision
[controller_server-15] [WARN] [1790431409.829325323] [controller_server]: RegulatedPurePursuitController detected collision ahead!
[collision_monitor-23] [INFO] [1790431409.889799486] [collision_monitor]: Robot to continue normal operation
[collision_monitor-23] [INFO] [1790431409.939883353] [collision_monitor]: Robot to approach for 1.200000 seconds away from collision
[collision_monitor-23] [INFO] [1790431409.989838023] [collision_monitor]: Robot to continue normal operation
[controller_server-15] [WARN] [1790431410.029149873] [controller_server]: RegulatedPurePursuitController detected collision ahead!
[collision_monitor-23] [INFO] [1790431410.049907212] [collision_monitor]: Robot to approach for 1.200000 seconds away from collision
[collision_monitor-23] [INFO] [1790431410.089736404] [collision_monitor]: Robot to continue normal operation
[collision_monitor-23] [INFO] [1790431410.139896743] [collision_monitor]: Robot to approach for 1.200000 seconds away from collision
[controller_server-15] [WARN] [1790431410.229173113] [controller_server]: RegulatedPurePursuitController detected collision ahead!
[collision_monitor-23] [INFO] [1790431410.249897838] [collision_monitor]: Robot to continue normal operation
[controller_server-15] [WARN] [1790431410.329214518] [controller_server]: RegulatedPurePursuitController detected collision ahead!
[controller_server-15] [WARN] [1790431410.379485267] [controller_server]: RegulatedPurePursuitController detected collision ahead!
[controller_server-15] [WARN] [1790431410.429172399] [controller_server]: RegulatedPurePursuitController detected collision ahead!
[controller_server-15] [INFO] [1790431410.478909673] [controller_server]: Passing new path to controller.
[collision_monitor-23] [INFO] [1790431410.689807172] [collision_monitor]: Robot to approach for 1.200000 seconds away from collision
[collision_monitor-23] [INFO] [1790431410.849948144] [collision_monitor]: Robot to continue normal operation
[controller_server-15] [INFO] [1790431411.478919187] [controller_server]: Passing new path to controller.
[collision_monitor-23] [INFO] [1790431411.889938692] [collision_monitor]: Robot to approach for 1.200000 seconds away from collision
[collision_monitor-23] [INFO] [1790431411.949955018] [collision_monitor]: Robot to continue normal operation
[controller_server-15] [WARN] [1790431411.979269538] [controller_server]: RegulatedPurePursuitController detected collision ahead!
[collision_monitor-23] [INFO] [1790431411.989881563] [collision_monitor]: Robot to approach for 1.200000 seconds away from collision
[collision_monitor-23] [INFO] [1790431412.050070246] [collision_monitor]: Robot to continue normal operation
[controller_server-15] [WARN] [1790431412.429141256] [controller_server]: RegulatedPurePursuitController detected collision ahead!
[controller_server-15] [WARN] [1790431412.479253762] [controller_server]: RegulatedPurePursuitController detected collision ahead!
[controller_server-15] [INFO] [1790431412.528914291] [controller_server]: Passing new path to controller.
[controller_server-15] [WARN] [1790431412.529760840] [controller_server]: RegulatedPurePursuitController detected collision ahead!
[controller_server-15] [WARN] [1790431412.579367805] [controller_server]: RegulatedPurePursuitController detected collision ahead!
[controller_server-15] [WARN] [1790431412.629226808] [controller_server]: RegulatedPurePursuitController detected collision ahead!
[collision_monitor-23] [INFO] [1790431413.089963991] [collision_monitor]: Robot to approach for 1.200000 seconds away from collision
[controller_server-15] [WARN] [1790431413.179354275] [controller_server]: RegulatedPurePursuitController detected collision ahead!
[collision_monitor-23] [INFO] [1790431413.249941919] [collision_monitor]: Robot to continue normal operation
[controller_server-15] [WARN] [1790431413.429311202] [controller_server]: RegulatedPurePursuitController detected collision ahead!
[controller_server-15] [INFO] [1790431413.528913634] [controller_server]: Passing new path to controller.
[collision_monitor-23] [INFO] [1790431413.939915369] [collision_monitor]: Robot to approach for 1.200000 seconds away from collision
[collision_monitor-23] [INFO] [1790431413.989976409] [collision_monitor]: Robot to continue normal operation
[controller_server-15] [WARN] [1790431414.229272015] [controller_server]: RegulatedPurePursuitController detected collision ahead!
[controller_server-15] [INFO] [1790431414.578916450] [controller_server]: Passing new path to controller.
[controller_server-15] [WARN] [1790431414.629366686] [controller_server]: RegulatedPurePursuitController detected collision ahead!
[collision_monitor-23] [INFO] [1790431414.629770965] [collision_monitor]: Robot to approach for 1.200000 seconds away from collision
[collision_monitor-23] [INFO] [1790431414.691355251] [collision_monitor]: Robot to continue normal operation
[collision_monitor-23] [INFO] [1790431414.729686894] [collision_monitor]: Robot to approach for 1.200000 seconds away from collision
[collision_monitor-23] [INFO] [1790431414.890260807] [collision_monitor]: Robot to continue normal operation
[controller_server-15] [WARN] [1790431415.029343336] [controller_server]: RegulatedPurePursuitController detected collision ahead!
[collision_monitor-23] [INFO] [1790431415.389888305] [collision_monitor]: Robot to approach for 1.200000 seconds away from collision
[controller_server-15] [WARN] [1790431415.429435930] [controller_server]: RegulatedPurePursuitController detected collision ahead!
[collision_monitor-23] [INFO] [1790431415.429756965] [collision_monitor]: Robot to continue normal operation
[controller_server-15] [INFO] [1790431415.578938653] [controller_server]: Passing new path to controller.
[collision_monitor-23] [INFO] [1790431415.589960826] [collision_monitor]: Robot to approach for 1.200000 seconds away from collision
[collision_monitor-23] [INFO] [1790431415.629746101] [collision_monitor]: Robot to continue normal operation
[controller_server-15] [WARN] [1790431415.879314275] [controller_server]: RegulatedPurePursuitController detected collision ahead!
[controller_server-15] [WARN] [1790431415.929256669] [controller_server]: RegulatedPurePursuitController detected collision ahead!
[controller_server-15] [WARN] [1790431415.979314500] [controller_server]: RegulatedPurePursuitController detected collision ahead!
[controller_server-15] [WARN] [1790431416.029310110] [controller_server]: RegulatedPurePursuitController detected collision ahead!
[controller_server-15] [INFO] [1790431416.628905252] [controller_server]: Passing new path to controller.
[collision_monitor-23] [INFO] [1790431416.689956557] [collision_monitor]: Robot to approach for 1.200000 seconds away from collision
[controller_server-15] [WARN] [1790431416.729294467] [controller_server]: RegulatedPurePursuitController detected collision ahead!
[collision_monitor-23] [INFO] [1790431416.739814522] [collision_monitor]: Robot to continue normal operation
[controller_server-15] [WARN] [1790431416.779313542] [controller_server]: RegulatedPurePursuitController detected collision ahead!
[controller_server-15] [WARN] [1790431416.829357618] [controller_server]: RegulatedPurePursuitController detected collision ahead!
[controller_server-15] [WARN] [1790431417.029161351] [controller_server]: RegulatedPurePursuitController detected collision ahead!
[controller_server-15] [WARN] [1790431417.229177113] [controller_server]: RegulatedPurePursuitController detected collision ahead!
[controller_server-15] [WARN] [1790431417.379284977] [controller_server]: RegulatedPurePursuitController detected collision ahead!
[controller_server-15] [WARN] [1790431417.429153837] [controller_server]: RegulatedPurePursuitController detected collision ahead!
[controller_server-15] [INFO] [1790431417.628904154] [controller_server]: Passing new path to controller.
[controller_server-15] [WARN] [1790431417.629436093] [controller_server]: RegulatedPurePursuitController detected collision ahead!
[controller_server-15] [WARN] [1790431417.779207836] [controller_server]: RegulatedPurePursuitController detected collision ahead!
[controller_server-15] [WARN] [1790431417.829128655] [controller_server]: RegulatedPurePursuitController detected collision ahead!
[controller_server-15] [WARN] [1790431417.979300418] [controller_server]: RegulatedPurePursuitController detected collision ahead!
[controller_server-15] [WARN] [1790431418.029274941] [controller_server]: RegulatedPurePursuitController detected collision ahead!
[controller_server-15] [WARN] [1790431418.379289289] [controller_server]: RegulatedPurePursuitController detected collision ahead!
[collision_monitor-23] [INFO] [1790431418.400037906] [collision_monitor]: Robot to approach for 1.200000 seconds away from collision
[controller_server-15] [WARN] [1790431418.429376948] [controller_server]: RegulatedPurePursuitController detected collision ahead!
[collision_monitor-23] [INFO] [1790431418.439921446] [collision_monitor]: Robot to continue normal operation
[controller_server-15] [INFO] [1790431418.628914623] [controller_server]: Passing new path to controller.
[collision_monitor-23] [INFO] [1790431418.679673613] [collision_monitor]: Robot to approach for 1.200000 seconds away from collision
[controller_server-15] [WARN] [1790431418.729224793] [controller_server]: RegulatedPurePursuitController detected collision ahead!
[collision_monitor-23] [INFO] [1790431418.740122241] [collision_monitor]: Robot to continue normal operation
[controller_server-15] [WARN] [1790431418.779303163] [controller_server]: RegulatedPurePursuitController detected collision ahead!
[controller_server-15] [WARN] [1790431418.829123351] [controller_server]: RegulatedPurePursuitController detected collision ahead!
[controller_server-15] [WARN] [1790431418.979241836] [controller_server]: RegulatedPurePursuitController detected collision ahead!
[controller_server-15] [WARN] [1790431419.029374190] [controller_server]: RegulatedPurePursuitController detected collision ahead!
[collision_monitor-23] [INFO] [1790431419.239905767] [collision_monitor]: Robot to approach for 1.200000 seconds away from collision
[collision_monitor-23] [INFO] [1790431419.339806354] [collision_monitor]: Robot to continue normal operation
[controller_server-15] [WARN] [1790431419.379232192] [controller_server]: RegulatedPurePursuitController detected collision ahead!
[controller_server-15] [WARN] [1790431419.429257350] [controller_server]: RegulatedPurePursuitController detected collision ahead!
[controller_server-15] [WARN] [1790431419.629342686] [controller_server]: RegulatedPurePursuitController detected collision ahead!
[controller_server-15] [INFO] [1790431419.678908255] [controller_server]: Passing new path to controller.
[controller_server-15] [WARN] [1790431419.979187629] [controller_server]: RegulatedPurePursuitController detected collision ahead!
[controller_server-15] [WARN] [1790431420.029208737] [controller_server]: RegulatedPurePursuitController detected collision ahead!
[controller_server-15] [WARN] [1790431420.179260892] [controller_server]: RegulatedPurePursuitController detected collision ahead!
[controller_server-15] [WARN] [1790431420.229208534] [controller_server]: RegulatedPurePursuitController detected collision ahead!
[controller_server-15] [WARN] [1790431420.379259222] [controller_server]: RegulatedPurePursuitController detected collision ahead!
[controller_server-15] [WARN] [1790431420.429121036] [controller_server]: RegulatedPurePursuitController detected collision ahead!
[controller_server-15] [INFO] [1790431420.678919795] [controller_server]: Passing new path to controller.
[controller_server-15] [WARN] [1790431420.779329070] [controller_server]: RegulatedPurePursuitController detected collision ahead!
[controller_server-15] [WARN] [1790431420.829159179] [controller_server]: RegulatedPurePursuitController detected collision ahead!
[controller_server-15] [WARN] [1790431420.979211962] [controller_server]: RegulatedPurePursuitController detected collision ahead!
[controller_server-15] [WARN] [1790431421.029130274] [controller_server]: RegulatedPurePursuitController detected collision ahead!
[controller_server-15] [WARN] [1790431421.379211223] [controller_server]: RegulatedPurePursuitController detected collision ahead!
[controller_server-15] [WARN] [1790431421.429113963] [controller_server]: RegulatedPurePursuitController detected collision ahead!
[controller_server-15] [WARN] [1790431421.579300279] [controller_server]: RegulatedPurePursuitController detected collision ahead!
[controller_server-15] [WARN] [1790431421.629125152] [controller_server]: RegulatedPurePursuitController detected collision ahead!
[controller_server-15] [INFO] [1790431421.728907516] [controller_server]: Passing new path to controller.
[controller_server-15] [WARN] [1790431421.829139344] [controller_server]: RegulatedPurePursuitController detected collision ahead!
[controller_server-15] [WARN] [1790431421.979265601] [controller_server]: RegulatedPurePursuitController detected collision ahead!
[controller_server-15] [WARN] [1790431422.029142712] [controller_server]: RegulatedPurePursuitController detected collision ahead!
[controller_server-15] [WARN] [1790431422.229213969] [controller_server]: RegulatedPurePursuitController detected collision ahead!
[controller_server-15] [WARN] [1790431422.629231895] [controller_server]: RegulatedPurePursuitController detected collision ahead!
[controller_server-15] [INFO] [1790431422.778913026] [controller_server]: Passing new path to controller.
[controller_server-15] [WARN] [1790431422.779519549] [controller_server]: RegulatedPurePursuitController detected collision ahead!
[controller_server-15] [WARN] [1790431422.829130937] [controller_server]: RegulatedPurePursuitController detected collision ahead!
[controller_server-15] [WARN] [1790431422.929316188] [controller_server]: RegulatedPurePursuitController detected collision ahead!
[controller_server-15] [WARN] [1790431422.979329201] [controller_server]: RegulatedPurePursuitController detected collision ahead!
[controller_server-15] [WARN] [1790431423.029226777] [controller_server]: RegulatedPurePursuitController detected collision ahead!
[controller_server-15] [WARN] [1790431423.379286736] [controller_server]: RegulatedPurePursuitController detected collision ahead!
[controller_server-15] [WARN] [1790431423.429280407] [controller_server]: RegulatedPurePursuitController detected collision ahead!
[controller_server-15] [WARN] [1790431423.629110110] [controller_server]: RegulatedPurePursuitController detected collision ahead!
[controller_server-15] [WARN] [1790431423.729098080] [controller_server]: RegulatedPurePursuitController detected collision ahead!
[controller_server-15] [INFO] [1790431423.778907035] [controller_server]: Passing new path to controller.
[controller_server-15] [WARN] [1790431423.779417255] [controller_server]: RegulatedPurePursuitController detected collision ahead!
[controller_server-15] [WARN] [1790431423.829106302] [controller_server]: RegulatedPurePursuitController detected collision ahead!
[controller_server-15] [WARN] [1790431423.979227475] [controller_server]: RegulatedPurePursuitController detected collision ahead!
[controller_server-15] [WARN] [1790431424.029108851] [controller_server]: RegulatedPurePursuitController detected collision ahead!
[controller_server-15] [WARN] [1790431424.179168923] [controller_server]: RegulatedPurePursuitController detected collision ahead!
[controller_server-15] [WARN] [1790431424.229088012] [controller_server]: RegulatedPurePursuitController detected collision ahead!
[controller_server-15] [WARN] [1790431424.379130765] [controller_server]: RegulatedPurePursuitController detected collision ahead!
[controller_server-15] [WARN] [1790431424.429104674] [controller_server]: RegulatedPurePursuitController detected collision ahead!
[controller_server-15] [WARN] [1790431424.629089841] [controller_server]: RegulatedPurePursuitController detected collision ahead!
[controller_server-15] [WARN] [1790431424.729102328] [controller_server]: RegulatedPurePursuitController detected collision ahead!
[controller_server-15] [WARN] [1790431424.779189860] [controller_server]: RegulatedPurePursuitController detected collision ahead!
[controller_server-15] [INFO] [1790431424.828903002] [controller_server]: Passing new path to controller.
[controller_server-15] [WARN] [1790431424.829227809] [controller_server]: RegulatedPurePursuitController detected collision ahead!
[controller_server-15] [WARN] [1790431425.029091951] [controller_server]: RegulatedPurePursuitController detected collision ahead!
[controller_server-15] [WARN] [1790431425.079186260] [controller_server]: RegulatedPurePursuitController detected collision ahead!
[controller_server-15] [WARN] [1790431425.129080070] [controller_server]: RegulatedPurePursuitController detected collision ahead!
[controller_server-15] [WARN] [1790431425.179199100] [controller_server]: RegulatedPurePursuitController detected collision ahead!
[controller_server-15] [WARN] [1790431425.229069166] [controller_server]: RegulatedPurePursuitController detected collision ahead!
[controller_server-15] [WARN] [1790431425.379131968] [controller_server]: RegulatedPurePursuitController detected collision ahead!
[controller_server-15] [WARN] [1790431425.429120965] [controller_server]: RegulatedPurePursuitController detected collision ahead!
[controller_server-15] [INFO] [1790431425.828906740] [controller_server]: Passing new path to controller.
[controller_server-15] [WARN] [1790431426.029070277] [controller_server]: RegulatedPurePursuitController detected collision ahead!
[controller_server-15] [WARN] [1790431426.129079909] [controller_server]: RegulatedPurePursuitController detected collision ahead!
[controller_server-15] [WARN] [1790431426.179193215] [controller_server]: RegulatedPurePursuitController detected collision ahead!
[controller_server-15] [WARN] [1790431426.229071943] [controller_server]: RegulatedPurePursuitController detected collision ahead!
[controller_server-15] [WARN] [1790431426.329058599] [controller_server]: RegulatedPurePursuitController detected collision ahead!
[controller_server-15] [WARN] [1790431426.379129515] [controller_server]: RegulatedPurePursuitController detected collision ahead!
[controller_server-15] [WARN] [1790431426.429156853] [controller_server]: RegulatedPurePursuitController detected collision ahead!
[controller_server-15] [INFO] [1790431426.828902280] [controller_server]: Passing new path to controller.
[controller_server-15] [WARN] [1790431427.179131645] [controller_server]: RegulatedPurePursuitController detected collision ahead!
[controller_server-15] [WARN] [1790431427.229133356] [controller_server]: RegulatedPurePursuitController detected collision ahead!
[controller_server-15] [INFO] [1790431427.878905232] [controller_server]: Passing new path to controller.
[controller_server-15] [INFO] [1790431428.878901560] [controller_server]: Passing new path to controller.
[controller_server-15] [INFO] [1790431429.928873528] [controller_server]: Passing new path to controller.
[controller_server-15] [INFO] [1790431430.928903396] [controller_server]: Passing new path to controller.
[controller_server-15] [INFO] [1790431431.978910445] [controller_server]: Passing new path to controller.
[controller_server-15] [INFO] [1790431432.578932776] [controller_server]: Reached the goal!
[bt_navigator-20] [INFO] [1790431432.608348166] [bt_navigator]: Goal succeeded
[nav_benchmark_runner.py-9] [INFO] [1790431433.616001214] [nav_benchmark_runner]: Saved trial 3 (south_west_corridor): SUCCEEDED, error=0.081 m
[bt_navigator-20] [INFO] [1790431433.616834355] [bt_navigator]: Begin navigating from current location (0.25, -0.09) to (-2.50, 2.00)
[nav_benchmark_runner.py-9] [INFO] [1790431433.617441856] [nav_benchmark_runner]: Goal 'north_west_turn' accepted: x=-2.50, y=2.00, yaw=1.5708
[controller_server-15] [INFO] [1790431433.637527536] [controller_server]: Received a goal, begin computing control effort.
[controller_server-15] [INFO] [1790431434.687672632] [controller_server]: Passing new path to controller.
[controller_server-15] [INFO] [1790431435.737680338] [controller_server]: Passing new path to controller.
[controller_server-15] [INFO] [1790431436.737763668] [controller_server]: Passing new path to controller.
[controller_server-15] [INFO] [1790431437.787688430] [controller_server]: Passing new path to controller.
[controller_server-15] [WARN] [1790431437.937916332] [controller_server]: RegulatedPurePursuitController detected collision ahead!
[controller_server-15] [WARN] [1790431437.987922464] [controller_server]: RegulatedPurePursuitController detected collision ahead!
[controller_server-15] [WARN] [1790431438.037910300] [controller_server]: RegulatedPurePursuitController detected collision ahead!
[controller_server-15] [WARN] [1790431438.637976222] [controller_server]: RegulatedPurePursuitController detected collision ahead!
[controller_server-15] [INFO] [1790431438.787781135] [controller_server]: Passing new path to controller.
[controller_server-15] [WARN] [1790431438.788372295] [controller_server]: RegulatedPurePursuitController detected collision ahead!
[controller_server-15] [WARN] [1790431438.837964791] [controller_server]: RegulatedPurePursuitController detected collision ahead!
[controller_server-15] [WARN] [1790431438.887939569] [controller_server]: RegulatedPurePursuitController detected collision ahead!
[controller_server-15] [WARN] [1790431438.938119244] [controller_server]: RegulatedPurePursuitController detected collision ahead!
[controller_server-15] [WARN] [1790431438.987906443] [controller_server]: RegulatedPurePursuitController detected collision ahead!
[controller_server-15] [WARN] [1790431439.037944213] [controller_server]: RegulatedPurePursuitController detected collision ahead!
[controller_server-15] [WARN] [1790431439.187946489] [controller_server]: RegulatedPurePursuitController detected collision ahead!
[controller_server-15] [WARN] [1790431439.237922525] [controller_server]: RegulatedPurePursuitController detected collision ahead!
[controller_server-15] [WARN] [1790431439.737931017] [controller_server]: RegulatedPurePursuitController detected collision ahead!
[controller_server-15] [WARN] [1790431439.788137023] [controller_server]: RegulatedPurePursuitController detected collision ahead!
[controller_server-15] [INFO] [1790431439.837754732] [controller_server]: Passing new path to controller.
[controller_server-15] [WARN] [1790431439.838313209] [controller_server]: RegulatedPurePursuitController detected collision ahead!
[controller_server-15] [WARN] [1790431439.988047035] [controller_server]: RegulatedPurePursuitController detected collision ahead!
[controller_server-15] [WARN] [1790431440.037967065] [controller_server]: RegulatedPurePursuitController detected collision ahead!
[controller_server-15] [WARN] [1790431440.187892876] [controller_server]: RegulatedPurePursuitController detected collision ahead!
[controller_server-15] [WARN] [1790431440.237940636] [controller_server]: RegulatedPurePursuitController detected collision ahead!
[controller_server-15] [WARN] [1790431440.387978254] [controller_server]: RegulatedPurePursuitController detected collision ahead!
[controller_server-15] [WARN] [1790431440.437953594] [controller_server]: RegulatedPurePursuitController detected collision ahead!
[controller_server-15] [WARN] [1790431440.588270696] [controller_server]: RegulatedPurePursuitController detected collision ahead!
[controller_server-15] [WARN] [1790431440.638041766] [controller_server]: RegulatedPurePursuitController detected collision ahead!
[controller_server-15] [WARN] [1790431440.737903825] [controller_server]: RegulatedPurePursuitController detected collision ahead!
[controller_server-15] [WARN] [1790431440.787959756] [controller_server]: RegulatedPurePursuitController detected collision ahead!
[controller_server-15] [INFO] [1790431440.837666368] [controller_server]: Passing new path to controller.
[controller_server-15] [WARN] [1790431441.037969426] [controller_server]: RegulatedPurePursuitController detected collision ahead!
[controller_server-15] [WARN] [1790431441.138084993] [controller_server]: RegulatedPurePursuitController detected collision ahead!
[controller_server-15] [WARN] [1790431441.188006980] [controller_server]: RegulatedPurePursuitController detected collision ahead!
[controller_server-15] [WARN] [1790431441.237909205] [controller_server]: RegulatedPurePursuitController detected collision ahead!
[controller_server-15] [WARN] [1790431441.387952346] [controller_server]: RegulatedPurePursuitController detected collision ahead!
[controller_server-15] [WARN] [1790431441.437956601] [controller_server]: RegulatedPurePursuitController detected collision ahead!
[controller_server-15] [WARN] [1790431441.587987940] [controller_server]: RegulatedPurePursuitController detected collision ahead!
[controller_server-15] [WARN] [1790431441.638183963] [controller_server]: RegulatedPurePursuitController detected collision ahead!
[controller_server-15] [WARN] [1790431441.737952516] [controller_server]: RegulatedPurePursuitController detected collision ahead!
[controller_server-15] [WARN] [1790431441.787925763] [controller_server]: RegulatedPurePursuitController detected collision ahead!
[controller_server-15] [WARN] [1790431441.837905854] [controller_server]: RegulatedPurePursuitController detected collision ahead!
[controller_server-15] [INFO] [1790431441.887680489] [controller_server]: Passing new path to controller.
[collision_monitor-23] [INFO] [1790431442.179674415] [collision_monitor]: Robot to approach for 1.200000 seconds away from collision
[controller_server-15] [WARN] [1790431442.238101010] [controller_server]: RegulatedPurePursuitController detected collision ahead!
[collision_monitor-23] [INFO] [1790431442.239867088] [collision_monitor]: Robot to continue normal operation
[collision_monitor-23] [INFO] [1790431442.379656872] [collision_monitor]: Robot to approach for 1.200000 seconds away from collision
[controller_server-15] [WARN] [1790431442.387940936] [controller_server]: RegulatedPurePursuitController detected collision ahead!
[controller_server-15] [WARN] [1790431442.437928920] [controller_server]: RegulatedPurePursuitController detected collision ahead!
[collision_monitor-23] [INFO] [1790431442.439838930] [collision_monitor]: Robot to continue normal operation
[controller_server-15] [WARN] [1790431442.537948118] [controller_server]: RegulatedPurePursuitController detected collision ahead!
[controller_server-15] [WARN] [1790431442.587987432] [controller_server]: RegulatedPurePursuitController detected collision ahead!
[controller_server-15] [WARN] [1790431442.638035126] [controller_server]: RegulatedPurePursuitController detected collision ahead!
[controller_server-15] [INFO] [1790431442.887719311] [controller_server]: Passing new path to controller.
[controller_server-15] [WARN] [1790431442.987969246] [controller_server]: RegulatedPurePursuitController detected collision ahead!
[controller_server-15] [WARN] [1790431443.037971478] [controller_server]: RegulatedPurePursuitController detected collision ahead!
[controller_server-15] [WARN] [1790431443.138192994] [controller_server]: RegulatedPurePursuitController detected collision ahead!
[controller_server-15] [WARN] [1790431443.188023920] [controller_server]: RegulatedPurePursuitController detected collision ahead!
[controller_server-15] [WARN] [1790431443.237989001] [controller_server]: RegulatedPurePursuitController detected collision ahead!
[controller_server-15] [WARN] [1790431443.587940315] [controller_server]: RegulatedPurePursuitController detected collision ahead!
[controller_server-15] [WARN] [1790431443.638118744] [controller_server]: RegulatedPurePursuitController detected collision ahead!
[controller_server-15] [WARN] [1790431443.788086545] [controller_server]: RegulatedPurePursuitController detected collision ahead!
[controller_server-15] [WARN] [1790431443.837974177] [controller_server]: RegulatedPurePursuitController detected collision ahead!
[controller_server-15] [INFO] [1790431443.937664732] [controller_server]: Passing new path to controller.
[controller_server-15] [WARN] [1790431443.938036887] [controller_server]: RegulatedPurePursuitController detected collision ahead!
[controller_server-15] [WARN] [1790431443.988185426] [controller_server]: RegulatedPurePursuitController detected collision ahead!
[controller_server-15] [WARN] [1790431444.037930595] [controller_server]: RegulatedPurePursuitController detected collision ahead!
[controller_server-15] [WARN] [1790431444.238056930] [controller_server]: RegulatedPurePursuitController detected collision ahead!
[collision_monitor-23] [INFO] [1790431444.480192581] [collision_monitor]: Robot to approach for 1.200000 seconds away from collision
[collision_monitor-23] [INFO] [1790431444.539810790] [collision_monitor]: Robot to continue normal operation
[controller_server-15] [WARN] [1790431444.587952669] [controller_server]: RegulatedPurePursuitController detected collision ahead!
[controller_server-15] [WARN] [1790431444.637977740] [controller_server]: RegulatedPurePursuitController detected collision ahead!
[collision_monitor-23] [INFO] [1790431444.840083641] [collision_monitor]: Robot to approach for 1.200000 seconds away from collision
[collision_monitor-23] [INFO] [1790431444.879888381] [collision_monitor]: Robot to continue normal operation
[controller_server-15] [WARN] [1790431444.888397735] [controller_server]: RegulatedPurePursuitController detected collision ahead!
[controller_server-15] [INFO] [1790431444.937673119] [controller_server]: Passing new path to controller.
[controller_server-15] [WARN] [1790431444.938062105] [controller_server]: RegulatedPurePursuitController detected collision ahead!
[controller_server-15] [WARN] [1790431444.987932001] [controller_server]: RegulatedPurePursuitController detected collision ahead!
[controller_server-15] [WARN] [1790431445.037918455] [controller_server]: RegulatedPurePursuitController detected collision ahead!
[controller_server-15] [WARN] [1790431445.187907778] [controller_server]: RegulatedPurePursuitController detected collision ahead!
[controller_server-15] [WARN] [1790431445.237888785] [controller_server]: RegulatedPurePursuitController detected collision ahead!
[controller_server-15] [WARN] [1790431445.287888578] [controller_server]: RegulatedPurePursuitController detected collision ahead!
[controller_server-15] [WARN] [1790431445.337882854] [controller_server]: RegulatedPurePursuitController detected collision ahead!
[controller_server-15] [WARN] [1790431445.387890608] [controller_server]: RegulatedPurePursuitController detected collision ahead!
[controller_server-15] [WARN] [1790431445.437909327] [controller_server]: RegulatedPurePursuitController detected collision ahead!
[controller_server-15] [WARN] [1790431445.488083919] [controller_server]: RegulatedPurePursuitController detected collision ahead!
[controller_server-15] [ERROR] [1790431445.488159411] [controller_server]: Controller patience exceeded
[controller_server-15] [WARN] [1790431445.488293426] [controller_server]: [follow_path] [ActionServer] Aborting handle.
[controller_server-15] [INFO] [1790431445.507405395] [local_costmap.local_costmap]: Received request to clear entirely the local_costmap
[controller_server-15] [INFO] [1790431445.507892779] [controller_server]: Received a goal, begin computing control effort.
[controller_server-15] [WARN] [1790431445.668397630] [controller_server]: Control loop missed its desired rate of 20.0000 Hz. Current loop rate is 6.2112 Hz.
[controller_server-15] [WARN] [1790431445.868760787] [controller_server]: RegulatedPurePursuitController detected collision ahead!
[controller_server-15] [WARN] [1790431445.918806252] [controller_server]: RegulatedPurePursuitController detected collision ahead!
[controller_server-15] [INFO] [1790431445.968525934] [controller_server]: Passing new path to controller.
[controller_server-15] [WARN] [1790431445.968991599] [controller_server]: RegulatedPurePursuitController detected collision ahead!
[controller_server-15] [WARN] [1790431446.018784400] [controller_server]: RegulatedPurePursuitController detected collision ahead!
[controller_server-15] [WARN] [1790431446.068748509] [controller_server]: RegulatedPurePursuitController detected collision ahead!
[controller_server-15] [WARN] [1790431446.118765204] [controller_server]: RegulatedPurePursuitController detected collision ahead!
[controller_server-15] [WARN] [1790431446.168807180] [controller_server]: RegulatedPurePursuitController detected collision ahead!
[controller_server-15] [ERROR] [1790431446.168855716] [controller_server]: Controller patience exceeded
[controller_server-15] [WARN] [1790431446.168946293] [controller_server]: [follow_path] [ActionServer] Aborting handle.
[controller_server-15] [INFO] [1790431446.187450621] [local_costmap.local_costmap]: Received request to clear entirely the local_costmap
[planner_server-17] [INFO] [1790431446.187841771] [global_costmap.global_costmap]: Received request to clear entirely the global_costmap
[controller_server-15] [INFO] [1790431446.807588184] [controller_server]: Received a goal, begin computing control effort.
[controller_server-15] [WARN] [1790431446.807888897] [controller_server]: RegulatedPurePursuitController detected collision ahead!
[controller_server-15] [WARN] [1790431446.858066215] [controller_server]: RegulatedPurePursuitController detected collision ahead!
[controller_server-15] [WARN] [1790431446.908036190] [controller_server]: RegulatedPurePursuitController detected collision ahead!
[controller_server-15] [WARN] [1790431446.958081029] [controller_server]: RegulatedPurePursuitController detected collision ahead!
[controller_server-15] [WARN] [1790431447.007954422] [controller_server]: RegulatedPurePursuitController detected collision ahead!
[controller_server-15] [WARN] [1790431447.058109394] [controller_server]: RegulatedPurePursuitController detected collision ahead!
[controller_server-15] [WARN] [1790431447.107959812] [controller_server]: RegulatedPurePursuitController detected collision ahead!
[controller_server-15] [WARN] [1790431447.158083707] [controller_server]: RegulatedPurePursuitController detected collision ahead!
[controller_server-15] [ERROR] [1790431447.158133221] [controller_server]: Controller patience exceeded
[controller_server-15] [WARN] [1790431447.158221493] [controller_server]: [follow_path] [ActionServer] Aborting handle.
[controller_server-15] [INFO] [1790431447.177496880] [local_costmap.local_costmap]: Received request to clear entirely the local_costmap
[controller_server-15] [INFO] [1790431447.178158993] [controller_server]: Received a goal, begin computing control effort.
[controller_server-15] [WARN] [1790431447.268623972] [controller_server]: RegulatedPurePursuitController detected collision ahead!
[controller_server-15] [WARN] [1790431447.268785223] [controller_server]: Control loop missed its desired rate of 20.0000 Hz. Current loop rate is 10.9890 Hz.
[controller_server-15] [WARN] [1790431447.269258570] [controller_server]: RegulatedPurePursuitController detected collision ahead!
[controller_server-15] [WARN] [1790431447.319143836] [controller_server]: RegulatedPurePursuitController detected collision ahead!
[controller_server-15] [WARN] [1790431447.369266335] [controller_server]: RegulatedPurePursuitController detected collision ahead!
[controller_server-15] [WARN] [1790431447.419132676] [controller_server]: RegulatedPurePursuitController detected collision ahead!
[controller_server-15] [WARN] [1790431447.469226402] [controller_server]: RegulatedPurePursuitController detected collision ahead!
[controller_server-15] [WARN] [1790431447.519115370] [controller_server]: RegulatedPurePursuitController detected collision ahead!
[controller_server-15] [ERROR] [1790431447.519166769] [controller_server]: Controller patience exceeded
[controller_server-15] [WARN] [1790431447.519263352] [controller_server]: [follow_path] [ActionServer] Aborting handle.
[behavior_server-19] [INFO] [1790431447.537839053] [behavior_server]: Running spin
[behavior_server-19] [INFO] [1790431447.537984171] [behavior_server]: Turning 1.57 for spin behavior.
[behavior_server-19] [INFO] [1790431449.538187042] [behavior_server]: spin completed successfully
[controller_server-15] [INFO] [1790431449.577536390] [controller_server]: Received a goal, begin computing control effort.
[controller_server-15] [INFO] [1790431450.627668138] [controller_server]: Passing new path to controller.
[controller_server-15] [INFO] [1790431451.677663820] [controller_server]: Passing new path to controller.
[controller_server-15] [INFO] [1790431452.677671890] [controller_server]: Passing new path to controller.
[controller_server-15] [INFO] [1790431453.727664933] [controller_server]: Passing new path to controller.
[controller_server-15] [INFO] [1790431454.727668755] [controller_server]: Passing new path to controller.
[controller_server-15] [INFO] [1790431455.777668866] [controller_server]: Passing new path to controller.
[controller_server-15] [INFO] [1790431456.777677656] [controller_server]: Passing new path to controller.
[controller_server-15] [INFO] [1790431457.827681273] [controller_server]: Passing new path to controller.
[collision_monitor-23] [INFO] [1790431458.090070777] [collision_monitor]: Robot to approach for 1.200000 seconds away from collision
[collision_monitor-23] [INFO] [1790431458.290186678] [collision_monitor]: Robot to continue normal operation
[controller_server-15] [INFO] [1790431458.827666258] [controller_server]: Passing new path to controller.
[controller_server-15] [WARN] [1790431458.828259514] [controller_server]: RegulatedPurePursuitController detected collision ahead!
[collision_monitor-23] [INFO] [1790431459.329712954] [collision_monitor]: Robot to approach for 1.200000 seconds away from collision
[collision_monitor-23] [INFO] [1790431459.390137103] [collision_monitor]: Robot to continue normal operation
[collision_monitor-23] [INFO] [1790431459.429767626] [collision_monitor]: Robot to approach for 1.200000 seconds away from collision
[collision_monitor-23] [INFO] [1790431459.489958733] [collision_monitor]: Robot to continue normal operation
[controller_server-15] [WARN] [1790431459.727920090] [controller_server]: RegulatedPurePursuitController detected collision ahead!
[controller_server-15] [WARN] [1790431459.777911460] [controller_server]: RegulatedPurePursuitController detected collision ahead!
[controller_server-15] [WARN] [1790431459.827904088] [controller_server]: RegulatedPurePursuitController detected collision ahead!
[controller_server-15] [INFO] [1790431459.877660531] [controller_server]: Passing new path to controller.
[collision_monitor-23] [INFO] [1790431460.490175637] [collision_monitor]: Robot to approach for 1.200000 seconds away from collision
[controller_server-15] [WARN] [1790431460.677894920] [controller_server]: RegulatedPurePursuitController detected collision ahead!
[controller_server-15] [WARN] [1790431460.727964998] [controller_server]: RegulatedPurePursuitController detected collision ahead!
[collision_monitor-23] [INFO] [1790431460.729888207] [collision_monitor]: Robot to continue normal operation
[controller_server-15] [WARN] [1790431460.777918030] [controller_server]: RegulatedPurePursuitController detected collision ahead!
[controller_server-15] [WARN] [1790431460.827919110] [controller_server]: RegulatedPurePursuitController detected collision ahead!
[controller_server-15] [INFO] [1790431460.877665638] [controller_server]: Passing new path to controller.
[collision_monitor-23] [INFO] [1790431461.829734259] [collision_monitor]: Robot to approach for 1.200000 seconds away from collision
[collision_monitor-23] [INFO] [1790431461.890098494] [collision_monitor]: Robot to continue normal operation
[controller_server-15] [INFO] [1790431461.927666348] [controller_server]: Passing new path to controller.
[collision_monitor-23] [INFO] [1790431461.929738727] [collision_monitor]: Robot to approach for 1.200000 seconds away from collision
[collision_monitor-23] [INFO] [1790431461.990104987] [collision_monitor]: Robot to continue normal operation
[collision_monitor-23] [INFO] [1790431462.129710934] [collision_monitor]: Robot to approach for 1.200000 seconds away from collision
[controller_server-15] [WARN] [1790431462.178089451] [controller_server]: RegulatedPurePursuitController detected collision ahead!
[collision_monitor-23] [INFO] [1790431462.199896957] [collision_monitor]: Robot to continue normal operation
[controller_server-15] [WARN] [1790431462.228055686] [controller_server]: RegulatedPurePursuitController detected collision ahead!
[collision_monitor-23] [INFO] [1790431462.439848454] [collision_monitor]: Robot to approach for 1.200000 seconds away from collision
[collision_monitor-23] [INFO] [1790431462.499850103] [collision_monitor]: Robot to continue normal operation
[collision_monitor-23] [INFO] [1790431462.639851600] [collision_monitor]: Robot to approach for 1.200000 seconds away from collision
[collision_monitor-23] [INFO] [1790431462.699824617] [collision_monitor]: Robot to continue normal operation
[collision_monitor-23] [INFO] [1790431462.739842803] [collision_monitor]: Robot to approach for 1.200000 seconds away from collision
[collision_monitor-23] [INFO] [1790431462.799847316] [collision_monitor]: Robot to continue normal operation
[controller_server-15] [INFO] [1790431462.927664829] [controller_server]: Passing new path to controller.
[collision_monitor-23] [INFO] [1790431462.939732397] [collision_monitor]: Robot to approach for 1.200000 seconds away from collision
[controller_server-15] [WARN] [1790431462.978045331] [controller_server]: RegulatedPurePursuitController detected collision ahead!
[controller_server-15] [WARN] [1790431463.028036847] [controller_server]: RegulatedPurePursuitController detected collision ahead!
[collision_monitor-23] [INFO] [1790431463.039851680] [collision_monitor]: Robot to continue normal operation
[controller_server-15] [WARN] [1790431463.178007281] [controller_server]: RegulatedPurePursuitController detected collision ahead!
[controller_server-15] [WARN] [1790431463.227987485] [controller_server]: RegulatedPurePursuitController detected collision ahead!
[controller_server-15] [WARN] [1790431463.378036344] [controller_server]: RegulatedPurePursuitController detected collision ahead!
[collision_monitor-23] [INFO] [1790431463.399935336] [collision_monitor]: Robot to approach for 1.200000 seconds away from collision
[controller_server-15] [WARN] [1790431463.428007610] [controller_server]: RegulatedPurePursuitController detected collision ahead!
[collision_monitor-23] [INFO] [1790431463.439839272] [collision_monitor]: Robot to continue normal operation
[collision_monitor-23] [INFO] [1790431463.639727477] [collision_monitor]: Robot to approach for 1.200000 seconds away from collision
[controller_server-15] [WARN] [1790431463.677994320] [controller_server]: RegulatedPurePursuitController detected collision ahead!
[collision_monitor-23] [INFO] [1790431463.699731154] [collision_monitor]: Robot to continue normal operation
[controller_server-15] [WARN] [1790431463.728005672] [controller_server]: RegulatedPurePursuitController detected collision ahead!
[controller_server-15] [WARN] [1790431463.778086091] [controller_server]: RegulatedPurePursuitController detected collision ahead!
[controller_server-15] [WARN] [1790431463.827990104] [controller_server]: RegulatedPurePursuitController detected collision ahead!
[controller_server-15] [WARN] [1790431463.928089975] [controller_server]: RegulatedPurePursuitController detected collision ahead!
[controller_server-15] [INFO] [1790431463.977667715] [controller_server]: Passing new path to controller.
[collision_monitor-23] [INFO] [1790431464.399937225] [collision_monitor]: Robot to approach for 1.200000 seconds away from collision
[collision_monitor-23] [INFO] [1790431464.599887940] [collision_monitor]: Robot to continue normal operation
[controller_server-15] [WARN] [1790431464.628012242] [controller_server]: RegulatedPurePursuitController detected collision ahead!
[collision_monitor-23] [INFO] [1790431464.639731819] [collision_monitor]: Robot to approach for 1.200000 seconds away from collision
[collision_monitor-23] [INFO] [1790431464.690388665] [collision_monitor]: Robot to continue normal operation
[collision_monitor-23] [INFO] [1790431464.739824571] [collision_monitor]: Robot to approach for 1.200000 seconds away from collision
[collision_monitor-23] [INFO] [1790431464.799717211] [collision_monitor]: Robot to continue normal operation
[controller_server-15] [WARN] [1790431464.827951365] [controller_server]: RegulatedPurePursuitController detected collision ahead!
[collision_monitor-23] [INFO] [1790431464.839751951] [collision_monitor]: Robot to approach for 1.200000 seconds away from collision
[collision_monitor-23] [INFO] [1790431464.900164938] [collision_monitor]: Robot to continue normal operation
[controller_server-15] [WARN] [1790431464.927963735] [controller_server]: RegulatedPurePursuitController detected collision ahead!
[collision_monitor-23] [INFO] [1790431464.939835903] [collision_monitor]: Robot to approach for 1.200000 seconds away from collision
[controller_server-15] [INFO] [1790431464.977685339] [controller_server]: Passing new path to controller.
[collision_monitor-23] [INFO] [1790431464.999872335] [collision_monitor]: Robot to continue normal operation
[collision_monitor-23] [INFO] [1790431465.039851348] [collision_monitor]: Robot to approach for 1.200000 seconds away from collision
[controller_server-15] [WARN] [1790431465.077994236] [controller_server]: RegulatedPurePursuitController detected collision ahead!
[collision_monitor-23] [INFO] [1790431465.099938832] [collision_monitor]: Robot to continue normal operation
[controller_server-15] [WARN] [1790431465.127963689] [controller_server]: RegulatedPurePursuitController detected collision ahead!
[controller_server-15] [WARN] [1790431465.178009683] [controller_server]: RegulatedPurePursuitController detected collision ahead!
[controller_server-15] [WARN] [1790431465.227964471] [controller_server]: RegulatedPurePursuitController detected collision ahead!
[controller_server-15] [WARN] [1790431465.627928280] [controller_server]: RegulatedPurePursuitController detected collision ahead!
[collision_monitor-23] [INFO] [1790431465.639887883] [collision_monitor]: Robot to approach for 1.200000 seconds away from collision
[collision_monitor-23] [INFO] [1790431465.679712279] [collision_monitor]: Robot to continue normal operation
[collision_monitor-23] [INFO] [1790431465.739797458] [collision_monitor]: Robot to approach for 1.200000 seconds away from collision
[collision_monitor-23] [INFO] [1790431465.779691760] [collision_monitor]: Robot to continue normal operation
[controller_server-15] [WARN] [1790431465.827837939] [controller_server]: RegulatedPurePursuitController detected collision ahead!
[collision_monitor-23] [INFO] [1790431465.839837278] [collision_monitor]: Robot to approach for 1.200000 seconds away from collision
[collision_monitor-23] [INFO] [1790431465.879662931] [collision_monitor]: Robot to continue normal operation
[collision_monitor-23] [INFO] [1790431465.939738125] [collision_monitor]: Robot to approach for 1.200000 seconds away from collision
[collision_monitor-23] [INFO] [1790431465.979609241] [collision_monitor]: Robot to continue normal operation
[controller_server-15] [INFO] [1790431466.027666799] [controller_server]: Passing new path to controller.
[controller_server-15] [WARN] [1790431466.028061232] [controller_server]: RegulatedPurePursuitController detected collision ahead!
[collision_monitor-23] [INFO] [1790431466.039772708] [collision_monitor]: Robot to approach for 1.200000 seconds away from collision
[collision_monitor-23] [INFO] [1790431466.079834408] [collision_monitor]: Robot to continue normal operation
[controller_server-15] [WARN] [1790431466.127933798] [controller_server]: RegulatedPurePursuitController detected collision ahead!
[collision_monitor-23] [INFO] [1790431466.139888862] [collision_monitor]: Robot to approach for 1.200000 seconds away from collision
[controller_server-15] [WARN] [1790431466.177865263] [controller_server]: RegulatedPurePursuitController detected collision ahead!
[collision_monitor-23] [INFO] [1790431466.179690424] [collision_monitor]: Robot to continue normal operation
[controller_server-15] [WARN] [1790431466.227921594] [controller_server]: RegulatedPurePursuitController detected collision ahead!
[collision_monitor-23] [INFO] [1790431466.439746449] [collision_monitor]: Robot to approach for 1.200000 seconds away from collision
[collision_monitor-23] [INFO] [1790431466.479702836] [collision_monitor]: Robot to continue normal operation
[collision_monitor-23] [INFO] [1790431466.539776286] [collision_monitor]: Robot to approach for 1.200000 seconds away from collision
[collision_monitor-23] [INFO] [1790431466.579579453] [collision_monitor]: Robot to continue normal operation
[controller_server-15] [WARN] [1790431466.627933186] [controller_server]: RegulatedPurePursuitController detected collision ahead!
[collision_monitor-23] [INFO] [1790431466.639835035] [collision_monitor]: Robot to approach for 1.200000 seconds away from collision
[collision_monitor-23] [INFO] [1790431466.679626889] [collision_monitor]: Robot to continue normal operation
[controller_server-15] [WARN] [1790431466.727863716] [controller_server]: RegulatedPurePursuitController detected collision ahead!
[collision_monitor-23] [INFO] [1790431466.739863405] [collision_monitor]: Robot to approach for 1.200000 seconds away from collision
[controller_server-15] [WARN] [1790431466.777843577] [controller_server]: RegulatedPurePursuitController detected collision ahead!
[collision_monitor-23] [INFO] [1790431466.780023155] [collision_monitor]: Robot to continue normal operation
[controller_server-15] [WARN] [1790431466.827909196] [controller_server]: RegulatedPurePursuitController detected collision ahead!
[controller_server-15] [INFO] [1790431467.027664457] [controller_server]: Passing new path to controller.
[controller_server-15] [WARN] [1790431467.028059728] [controller_server]: RegulatedPurePursuitController detected collision ahead!
[controller_server-15] [WARN] [1790431467.227878825] [controller_server]: RegulatedPurePursuitController detected collision ahead!
[controller_server-15] [INFO] [1790431468.077664853] [controller_server]: Passing new path to controller.
[controller_server-15] [INFO] [1790431469.077661331] [controller_server]: Passing new path to controller.
[controller_server-15] [INFO] [1790431470.127667743] [controller_server]: Passing new path to controller.
[controller_server-15] [INFO] [1790431471.127663178] [controller_server]: Passing new path to controller.
[controller_server-15] [INFO] [1790431472.177676653] [controller_server]: Passing new path to controller.
[controller_server-15] [INFO] [1790431472.877711078] [controller_server]: Reached the goal!
[bt_navigator-20] [INFO] [1790431472.907242442] [bt_navigator]: Goal succeeded
[bt_navigator-20] [INFO] [1790431473.908627295] [bt_navigator]: Begin navigating from current location (-2.36, 2.01) to (0.30, 0.00)
[nav_benchmark_runner.py-9] [INFO] [1790431473.909921424] [nav_benchmark_runner]: Goal 'return_to_start' accepted: x=0.30, y=0.00, yaw=0.0000
[controller_server-15] [INFO] [1790431473.929422748] [controller_server]: Received a goal, begin computing control effort.
[controller_server-15] [INFO] [1790431474.979571462] [controller_server]: Passing new path to controller.
[controller_server-15] [INFO] [1790431475.979580762] [controller_server]: Passing new path to controller.
[controller_server-15] [INFO] [1790431477.029579407] [controller_server]: Passing new path to controller.
[controller_server-15] [INFO] [1790431478.029572300] [controller_server]: Passing new path to controller.
[collision_monitor-23] [INFO] [1790431478.180273858] [collision_monitor]: Robot to approach for 1.200000 seconds away from collision
[collision_monitor-23] [INFO] [1790431478.279739744] [collision_monitor]: Robot to continue normal operation
[controller_server-15] [WARN] [1790431478.330014195] [controller_server]: RegulatedPurePursuitController detected collision ahead!
[collision_monitor-23] [INFO] [1790431478.339781026] [collision_monitor]: Robot to approach for 1.200000 seconds away from collision
[collision_monitor-23] [INFO] [1790431478.379674788] [collision_monitor]: Robot to continue normal operation
[controller_server-15] [WARN] [1790431478.379997151] [controller_server]: RegulatedPurePursuitController detected collision ahead!
[controller_server-15] [WARN] [1790431478.429831006] [controller_server]: RegulatedPurePursuitController detected collision ahead!
[controller_server-15] [WARN] [1790431478.529877438] [controller_server]: RegulatedPurePursuitController detected collision ahead!
[controller_server-15] [WARN] [1790431478.579984632] [controller_server]: RegulatedPurePursuitController detected collision ahead!
[controller_server-15] [WARN] [1790431478.629865139] [controller_server]: RegulatedPurePursuitController detected collision ahead!
[controller_server-15] [WARN] [1790431478.829978883] [controller_server]: RegulatedPurePursuitController detected collision ahead!
[controller_server-15] [INFO] [1790431479.079586107] [controller_server]: Passing new path to controller.
[collision_monitor-23] [INFO] [1790431479.139784801] [collision_monitor]: Robot to approach for 1.200000 seconds away from collision
[collision_monitor-23] [INFO] [1790431479.179720326] [collision_monitor]: Robot to continue normal operation
[controller_server-15] [WARN] [1790431479.229842536] [controller_server]: RegulatedPurePursuitController detected collision ahead!
[collision_monitor-23] [INFO] [1790431479.239865316] [collision_monitor]: Robot to approach for 1.200000 seconds away from collision
[collision_monitor-23] [INFO] [1790431479.279852870] [collision_monitor]: Robot to continue normal operation
[collision_monitor-23] [INFO] [1790431479.339817683] [collision_monitor]: Robot to approach for 1.200000 seconds away from collision
[collision_monitor-23] [INFO] [1790431479.379987159] [collision_monitor]: Robot to continue normal operation
[collision_monitor-23] [INFO] [1790431479.439809437] [collision_monitor]: Robot to approach for 1.200000 seconds away from collision
[collision_monitor-23] [INFO] [1790431479.479762072] [collision_monitor]: Robot to continue normal operation
[controller_server-15] [WARN] [1790431479.479928631] [controller_server]: RegulatedPurePursuitController detected collision ahead!
[controller_server-15] [WARN] [1790431479.529917734] [controller_server]: RegulatedPurePursuitController detected collision ahead!
[controller_server-15] [WARN] [1790431479.579884559] [controller_server]: RegulatedPurePursuitController detected collision ahead!
[controller_server-15] [WARN] [1790431479.629919474] [controller_server]: RegulatedPurePursuitController detected collision ahead!
[controller_server-15] [WARN] [1790431479.729884132] [controller_server]: RegulatedPurePursuitController detected collision ahead!
[controller_server-15] [WARN] [1790431479.780019681] [controller_server]: RegulatedPurePursuitController detected collision ahead!
[controller_server-15] [WARN] [1790431479.829859265] [controller_server]: RegulatedPurePursuitController detected collision ahead!
[controller_server-15] [INFO] [1790431480.079577537] [controller_server]: Passing new path to controller.
[collision_monitor-23] [INFO] [1790431480.239722388] [collision_monitor]: Robot to approach for 1.200000 seconds away from collision
[collision_monitor-23] [INFO] [1790431480.379832293] [collision_monitor]: Robot to continue normal operation
[collision_monitor-23] [INFO] [1790431480.439773574] [collision_monitor]: Robot to approach for 1.200000 seconds away from collision
[collision_monitor-23] [INFO] [1790431480.479827123] [collision_monitor]: Robot to continue normal operation
[collision_monitor-23] [INFO] [1790431480.539793545] [collision_monitor]: Robot to approach for 1.200000 seconds away from collision
[collision_monitor-23] [INFO] [1790431480.579731097] [collision_monitor]: Robot to continue normal operation
[collision_monitor-23] [INFO] [1790431480.639849692] [collision_monitor]: Robot to approach for 1.200000 seconds away from collision
[collision_monitor-23] [INFO] [1790431480.679688845] [collision_monitor]: Robot to continue normal operation
[controller_server-15] [WARN] [1790431480.679829634] [controller_server]: RegulatedPurePursuitController detected collision ahead!
[controller_server-15] [WARN] [1790431480.729797928] [controller_server]: RegulatedPurePursuitController detected collision ahead!
[controller_server-15] [WARN] [1790431480.780020843] [controller_server]: RegulatedPurePursuitController detected collision ahead!
[controller_server-15] [WARN] [1790431480.829804002] [controller_server]: RegulatedPurePursuitController detected collision ahead!
[controller_server-15] [INFO] [1790431481.129577523] [controller_server]: Passing new path to controller.
[controller_server-15] [WARN] [1790431481.229831239] [controller_server]: RegulatedPurePursuitController detected collision ahead!
[collision_monitor-23] [INFO] [1790431481.339768612] [collision_monitor]: Robot to approach for 1.200000 seconds away from collision
[collision_monitor-23] [INFO] [1790431481.379721320] [collision_monitor]: Robot to continue normal operation
[controller_server-15] [WARN] [1790431481.379897725] [controller_server]: RegulatedPurePursuitController detected collision ahead!
[controller_server-15] [WARN] [1790431481.429993192] [controller_server]: RegulatedPurePursuitController detected collision ahead!
[controller_server-15] [WARN] [1790431481.579869585] [controller_server]: RegulatedPurePursuitController detected collision ahead!
[controller_server-15] [WARN] [1790431481.629822516] [controller_server]: RegulatedPurePursuitController detected collision ahead!
[controller_server-15] [WARN] [1790431481.779809599] [controller_server]: RegulatedPurePursuitController detected collision ahead!
[controller_server-15] [WARN] [1790431481.829829573] [controller_server]: RegulatedPurePursuitController detected collision ahead!
[collision_monitor-23] [INFO] [1790431482.039810038] [collision_monitor]: Robot to approach for 1.200000 seconds away from collision
[collision_monitor-23] [INFO] [1790431482.080017020] [collision_monitor]: Robot to continue normal operation
[controller_server-15] [INFO] [1790431482.129568327] [controller_server]: Passing new path to controller.
[collision_monitor-23] [INFO] [1790431482.139817726] [collision_monitor]: Robot to approach for 1.200000 seconds away from collision
[controller_server-15] [WARN] [1790431482.179985390] [controller_server]: RegulatedPurePursuitController detected collision ahead!
[collision_monitor-23] [INFO] [1790431482.180177089] [collision_monitor]: Robot to continue normal operation
[controller_server-15] [WARN] [1790431482.229806193] [controller_server]: RegulatedPurePursuitController detected collision ahead!
[controller_server-15] [WARN] [1790431482.379801383] [controller_server]: RegulatedPurePursuitController detected collision ahead!
[controller_server-15] [WARN] [1790431482.429800896] [controller_server]: RegulatedPurePursuitController detected collision ahead!
[collision_monitor-23] [INFO] [1790431482.839810360] [collision_monitor]: Robot to approach for 1.200000 seconds away from collision
[collision_monitor-23] [INFO] [1790431482.879688205] [collision_monitor]: Robot to continue normal operation
[controller_server-15] [WARN] [1790431483.029815804] [controller_server]: RegulatedPurePursuitController detected collision ahead!
[collision_monitor-23] [INFO] [1790431483.139818691] [collision_monitor]: Robot to approach for 1.200000 seconds away from collision
[controller_server-15] [INFO] [1790431483.179580331] [controller_server]: Passing new path to controller.
[collision_monitor-23] [INFO] [1790431483.179776849] [collision_monitor]: Robot to continue normal operation
[controller_server-15] [WARN] [1790431483.229824272] [controller_server]: RegulatedPurePursuitController detected collision ahead!
[collision_monitor-23] [INFO] [1790431483.339796641] [collision_monitor]: Robot to approach for 1.200000 seconds away from collision
[collision_monitor-23] [INFO] [1790431483.379795653] [collision_monitor]: Robot to continue normal operation
[controller_server-15] [WARN] [1790431483.429800685] [controller_server]: RegulatedPurePursuitController detected collision ahead!
[collision_monitor-23] [INFO] [1790431483.439788898] [collision_monitor]: Robot to approach for 1.200000 seconds away from collision
[collision_monitor-23] [INFO] [1790431483.479794125] [collision_monitor]: Robot to continue normal operation
[collision_monitor-23] [INFO] [1790431483.539797008] [collision_monitor]: Robot to approach for 1.200000 seconds away from collision
[collision_monitor-23] [INFO] [1790431483.579808520] [collision_monitor]: Robot to continue normal operation
[collision_monitor-23] [INFO] [1790431483.639807003] [collision_monitor]: Robot to approach for 1.200000 seconds away from collision
[collision_monitor-23] [INFO] [1790431483.680118880] [collision_monitor]: Robot to continue normal operation
[controller_server-15] [WARN] [1790431483.729868662] [controller_server]: RegulatedPurePursuitController detected collision ahead!
[collision_monitor-23] [INFO] [1790431483.739788156] [collision_monitor]: Robot to approach for 1.200000 seconds away from collision
[collision_monitor-23] [INFO] [1790431483.779832910] [collision_monitor]: Robot to continue normal operation
[controller_server-15] [WARN] [1790431483.779872926] [controller_server]: RegulatedPurePursuitController detected collision ahead!
[controller_server-15] [WARN] [1790431483.829829144] [controller_server]: RegulatedPurePursuitController detected collision ahead!
[collision_monitor-23] [INFO] [1790431484.129708289] [collision_monitor]: Robot to approach for 1.200000 seconds away from collision
[controller_server-15] [INFO] [1790431484.179569601] [controller_server]: Passing new path to controller.
[controller_server-15] [WARN] [1790431484.180066763] [controller_server]: RegulatedPurePursuitController detected collision ahead!
[collision_monitor-23] [INFO] [1790431484.189797071] [collision_monitor]: Robot to continue normal operation
[controller_server-15] [WARN] [1790431484.229832888] [controller_server]: RegulatedPurePursuitController detected collision ahead!
[collision_monitor-23] [INFO] [1790431484.429788078] [collision_monitor]: Robot to approach for 1.200000 seconds away from collision
[controller_server-15] [WARN] [1790431484.429807981] [controller_server]: RegulatedPurePursuitController detected collision ahead!
[collision_monitor-23] [INFO] [1790431484.489861008] [collision_monitor]: Robot to continue normal operation
[collision_monitor-23] [INFO] [1790431484.529703449] [collision_monitor]: Robot to approach for 1.200000 seconds away from collision
[controller_server-15] [WARN] [1790431484.579801715] [controller_server]: RegulatedPurePursuitController detected collision ahead!
[collision_monitor-23] [INFO] [1790431484.629718197] [collision_monitor]: Robot to continue normal operation
[controller_server-15] [WARN] [1790431484.779837984] [controller_server]: RegulatedPurePursuitController detected collision ahead!
[controller_server-15] [WARN] [1790431484.830021938] [controller_server]: RegulatedPurePursuitController detected collision ahead!
[controller_server-15] [WARN] [1790431484.979819781] [controller_server]: RegulatedPurePursuitController detected collision ahead!
[controller_server-15] [WARN] [1790431485.029800514] [controller_server]: RegulatedPurePursuitController detected collision ahead!
[controller_server-15] [WARN] [1790431485.129812751] [controller_server]: RegulatedPurePursuitController detected collision ahead!
[controller_server-15] [WARN] [1790431485.179836643] [controller_server]: RegulatedPurePursuitController detected collision ahead!
[controller_server-15] [INFO] [1790431485.229571833] [controller_server]: Passing new path to controller.
[controller_server-15] [WARN] [1790431485.229963263] [controller_server]: RegulatedPurePursuitController detected collision ahead!
[collision_monitor-23] [INFO] [1790431485.629708495] [collision_monitor]: Robot to approach for 1.200000 seconds away from collision
[collision_monitor-23] [INFO] [1790431485.929744927] [collision_monitor]: Robot to continue normal operation
[controller_server-15] [WARN] [1790431486.129792661] [controller_server]: RegulatedPurePursuitController detected collision ahead!
[controller_server-15] [WARN] [1790431486.179817951] [controller_server]: RegulatedPurePursuitController detected collision ahead!
[controller_server-15] [INFO] [1790431486.229564386] [controller_server]: Passing new path to controller.
[controller_server-15] [WARN] [1790431486.229900716] [controller_server]: RegulatedPurePursuitController detected collision ahead!
[controller_server-15] [WARN] [1790431486.529907688] [controller_server]: RegulatedPurePursuitController detected collision ahead!
[controller_server-15] [WARN] [1790431486.579936190] [controller_server]: RegulatedPurePursuitController detected collision ahead!
[controller_server-15] [WARN] [1790431486.629955824] [controller_server]: RegulatedPurePursuitController detected collision ahead!
[collision_monitor-23] [INFO] [1790431486.929750215] [collision_monitor]: Robot to approach for 1.200000 seconds away from collision
[collision_monitor-23] [INFO] [1790431486.989809531] [collision_monitor]: Robot to continue normal operation
[collision_monitor-23] [INFO] [1790431487.029736198] [collision_monitor]: Robot to approach for 1.200000 seconds away from collision
[controller_server-15] [WARN] [1790431487.029883063] [controller_server]: RegulatedPurePursuitController detected collision ahead!
[collision_monitor-23] [INFO] [1790431487.089976601] [collision_monitor]: Robot to continue normal operation
[collision_monitor-23] [INFO] [1790431487.129738595] [collision_monitor]: Robot to approach for 1.200000 seconds away from collision
[controller_server-15] [WARN] [1790431487.179936522] [controller_server]: RegulatedPurePursuitController detected collision ahead!
[collision_monitor-23] [INFO] [1790431487.189922571] [collision_monitor]: Robot to continue normal operation
[controller_server-15] [INFO] [1790431487.229564727] [controller_server]: Passing new path to controller.
[controller_server-15] [WARN] [1790431487.230128582] [controller_server]: RegulatedPurePursuitController detected collision ahead!
[controller_server-15] [WARN] [1790431487.379805904] [controller_server]: RegulatedPurePursuitController detected collision ahead!
[controller_server-15] [WARN] [1790431487.429792856] [controller_server]: RegulatedPurePursuitController detected collision ahead!
[collision_monitor-23] [INFO] [1790431487.629716152] [collision_monitor]: Robot to approach for 1.200000 seconds away from collision
[collision_monitor-23] [INFO] [1790431487.689893144] [collision_monitor]: Robot to continue normal operation
[collision_monitor-23] [INFO] [1790431487.729855637] [collision_monitor]: Robot to approach for 1.200000 seconds away from collision
[controller_server-15] [WARN] [1790431487.779828901] [controller_server]: RegulatedPurePursuitController detected collision ahead!
[collision_monitor-23] [INFO] [1790431487.790145833] [collision_monitor]: Robot to continue normal operation
[controller_server-15] [WARN] [1790431487.829802026] [controller_server]: RegulatedPurePursuitController detected collision ahead!
[controller_server-15] [WARN] [1790431487.979954931] [controller_server]: RegulatedPurePursuitController detected collision ahead!
[controller_server-15] [WARN] [1790431488.029778467] [controller_server]: RegulatedPurePursuitController detected collision ahead!
[controller_server-15] [WARN] [1790431488.229837322] [controller_server]: RegulatedPurePursuitController detected collision ahead!
[controller_server-15] [INFO] [1790431488.279572657] [controller_server]: Passing new path to controller.
[collision_monitor-23] [INFO] [1790431488.329802569] [collision_monitor]: Robot to approach for 1.200000 seconds away from collision
[collision_monitor-23] [INFO] [1790431488.390019998] [collision_monitor]: Robot to continue normal operation
[controller_server-15] [WARN] [1790431488.529772592] [controller_server]: RegulatedPurePursuitController detected collision ahead!
[controller_server-15] [WARN] [1790431488.579800470] [controller_server]: RegulatedPurePursuitController detected collision ahead!
[controller_server-15] [WARN] [1790431488.629779323] [controller_server]: RegulatedPurePursuitController detected collision ahead!
[controller_server-15] [WARN] [1790431488.829809195] [controller_server]: RegulatedPurePursuitController detected collision ahead!
[collision_monitor-23] [INFO] [1790431489.139859227] [collision_monitor]: Robot to approach for 1.200000 seconds away from collision
[controller_server-15] [WARN] [1790431489.179907133] [controller_server]: RegulatedPurePursuitController detected collision ahead!
[collision_monitor-23] [INFO] [1790431489.200047118] [collision_monitor]: Robot to continue normal operation
[controller_server-15] [WARN] [1790431489.229936339] [controller_server]: RegulatedPurePursuitController detected collision ahead!
[controller_server-15] [INFO] [1790431489.279567829] [controller_server]: Passing new path to controller.
[controller_server-15] [WARN] [1790431489.329850540] [controller_server]: RegulatedPurePursuitController detected collision ahead!
[controller_server-15] [WARN] [1790431489.379857678] [controller_server]: RegulatedPurePursuitController detected collision ahead!
[controller_server-15] [WARN] [1790431489.429874593] [controller_server]: RegulatedPurePursuitController detected collision ahead!
[controller_server-15] [WARN] [1790431489.579926246] [controller_server]: RegulatedPurePursuitController detected collision ahead!
[controller_server-15] [WARN] [1790431489.629947840] [controller_server]: RegulatedPurePursuitController detected collision ahead!
[controller_server-15] [WARN] [1790431490.179848703] [controller_server]: RegulatedPurePursuitController detected collision ahead!
[controller_server-15] [WARN] [1790431490.229798018] [controller_server]: RegulatedPurePursuitController detected collision ahead!
[controller_server-15] [INFO] [1790431490.329598879] [controller_server]: Passing new path to controller.
[controller_server-15] [WARN] [1790431490.379836268] [controller_server]: RegulatedPurePursuitController detected collision ahead!
[controller_server-15] [WARN] [1790431490.429855908] [controller_server]: RegulatedPurePursuitController detected collision ahead!
[collision_monitor-23] [INFO] [1790431490.639825194] [collision_monitor]: Robot to approach for 1.200000 seconds away from collision
[collision_monitor-23] [INFO] [1790431490.700094724] [collision_monitor]: Robot to continue normal operation
[collision_monitor-23] [INFO] [1790431490.739953306] [collision_monitor]: Robot to approach for 1.200000 seconds away from collision
[collision_monitor-23] [INFO] [1790431490.790203195] [collision_monitor]: Robot to continue normal operation
[controller_server-15] [WARN] [1790431490.829811485] [controller_server]: RegulatedPurePursuitController detected collision ahead!
[collision_monitor-23] [INFO] [1790431490.839814715] [collision_monitor]: Robot to approach for 1.200000 seconds away from collision
[collision_monitor-23] [INFO] [1790431490.880033300] [collision_monitor]: Robot to continue normal operation
[collision_monitor-23] [INFO] [1790431490.939921247] [collision_monitor]: Robot to approach for 1.200000 seconds away from collision
[collision_monitor-23] [INFO] [1790431490.979709364] [collision_monitor]: Robot to continue normal operation
[controller_server-15] [WARN] [1790431491.029777751] [controller_server]: RegulatedPurePursuitController detected collision ahead!
[collision_monitor-23] [INFO] [1790431491.039920863] [collision_monitor]: Robot to approach for 1.200000 seconds away from collision
[collision_monitor-23] [INFO] [1790431491.080098805] [collision_monitor]: Robot to continue normal operation
[controller_server-15] [WARN] [1790431491.129810331] [controller_server]: RegulatedPurePursuitController detected collision ahead!
[collision_monitor-23] [INFO] [1790431491.139913915] [collision_monitor]: Robot to approach for 1.200000 seconds away from collision
[controller_server-15] [WARN] [1790431491.179757414] [controller_server]: RegulatedPurePursuitController detected collision ahead!
[collision_monitor-23] [INFO] [1790431491.180427210] [collision_monitor]: Robot to continue normal operation
[controller_server-15] [WARN] [1790431491.229765952] [controller_server]: RegulatedPurePursuitController detected collision ahead!
[controller_server-15] [INFO] [1790431491.329567375] [controller_server]: Passing new path to controller.
[controller_server-15] [WARN] [1790431491.379755252] [controller_server]: RegulatedPurePursuitController detected collision ahead!
[controller_server-15] [WARN] [1790431491.429725799] [controller_server]: RegulatedPurePursuitController detected collision ahead!
[controller_server-15] [WARN] [1790431492.029712959] [controller_server]: RegulatedPurePursuitController detected collision ahead!
[controller_server-15] [INFO] [1790431492.379570493] [controller_server]: Passing new path to controller.
[controller_server-15] [INFO] [1790431493.379568110] [controller_server]: Passing new path to controller.
[controller_server-15] [INFO] [1790431494.429570673] [controller_server]: Passing new path to controller.
[controller_server-15] [INFO] [1790431495.429568708] [controller_server]: Passing new path to controller.
[controller_server-15] [INFO] [1790431496.479568619] [controller_server]: Passing new path to controller.
[controller_server-15] [INFO] [1790431497.479571192] [controller_server]: Passing new path to controller.
[controller_server-15] [INFO] [1790431497.879613110] [controller_server]: Reached the goal!
[bt_navigator-20] [INFO] [1790431497.909048615] [bt_navigator]: Goal succeeded
[nav_benchmark_runner.py-9] [INFO] [1790431498.916576199] [nav_benchmark_runner]: Saved trial 4 (north_west_turn): SUCCEEDED, error=0.137 m
[bt_navigator-20] [INFO] [1790431498.917335944] [bt_navigator]: Begin navigating from current location (0.27, 0.07) to (3.40, 2.20)
[nav_benchmark_runner.py-9] [INFO] [1790431498.918226073] [nav_benchmark_runner]: Goal 'north_east_corridor' accepted: x=3.40, y=2.20, yaw=0.0000
[controller_server-15] [INFO] [1790431498.938112420] [controller_server]: Received a goal, begin computing control effort.
[controller_server-15] [WARN] [1790431499.638683629] [controller_server]: RegulatedPurePursuitController detected collision ahead!
[collision_monitor-23] [INFO] [1790431499.639844792] [collision_monitor]: Robot to approach for 1.200000 seconds away from collision
[collision_monitor-23] [INFO] [1790431499.680003261] [collision_monitor]: Robot to continue normal operation
[collision_monitor-23] [INFO] [1790431499.739851349] [collision_monitor]: Robot to approach for 1.200000 seconds away from collision
[controller_server-15] [WARN] [1790431499.888583852] [controller_server]: RegulatedPurePursuitController detected collision ahead!
[controller_server-15] [WARN] [1790431499.938649250] [controller_server]: RegulatedPurePursuitController detected collision ahead!
[collision_monitor-23] [INFO] [1790431499.939860135] [collision_monitor]: Robot to continue normal operation
[controller_server-15] [INFO] [1790431499.988267279] [controller_server]: Passing new path to controller.
[controller_server-15] [INFO] [1790431501.038258549] [controller_server]: Passing new path to controller.
[collision_monitor-23] [INFO] [1790431501.540134830] [collision_monitor]: Robot to approach for 1.200000 seconds away from collision
[collision_monitor-23] [INFO] [1790431501.579941119] [collision_monitor]: Robot to continue normal operation
[controller_server-15] [WARN] [1790431501.638692857] [controller_server]: RegulatedPurePursuitController detected collision ahead!
[controller_server-15] [WARN] [1790431501.838682870] [controller_server]: RegulatedPurePursuitController detected collision ahead!
[collision_monitor-23] [INFO] [1790431501.839907653] [collision_monitor]: Robot to approach for 1.200000 seconds away from collision
[collision_monitor-23] [INFO] [1790431501.880141967] [collision_monitor]: Robot to continue normal operation
[collision_monitor-23] [INFO] [1790431501.939836979] [collision_monitor]: Robot to approach for 1.200000 seconds away from collision
[collision_monitor-23] [INFO] [1790431501.979702419] [collision_monitor]: Robot to continue normal operation
[controller_server-15] [INFO] [1790431502.038262668] [controller_server]: Passing new path to controller.
[controller_server-15] [WARN] [1790431502.038844053] [controller_server]: RegulatedPurePursuitController detected collision ahead!
[collision_monitor-23] [INFO] [1790431502.039783975] [collision_monitor]: Robot to approach for 1.200000 seconds away from collision
[collision_monitor-23] [INFO] [1790431502.079750678] [collision_monitor]: Robot to continue normal operation
[collision_monitor-23] [INFO] [1790431502.339810242] [collision_monitor]: Robot to approach for 1.200000 seconds away from collision
[collision_monitor-23] [INFO] [1790431502.379749710] [collision_monitor]: Robot to continue normal operation
[controller_server-15] [WARN] [1790431502.438677157] [controller_server]: RegulatedPurePursuitController detected collision ahead!
[collision_monitor-23] [INFO] [1790431502.539798935] [collision_monitor]: Robot to approach for 1.200000 seconds away from collision
[collision_monitor-23] [INFO] [1790431502.579805724] [collision_monitor]: Robot to continue normal operation
[controller_server-15] [WARN] [1790431502.638710475] [controller_server]: RegulatedPurePursuitController detected collision ahead!
[collision_monitor-23] [INFO] [1790431502.639818283] [collision_monitor]: Robot to approach for 1.200000 seconds away from collision
[collision_monitor-23] [INFO] [1790431502.679716617] [collision_monitor]: Robot to continue normal operation
[controller_server-15] [WARN] [1790431502.838622278] [controller_server]: RegulatedPurePursuitController detected collision ahead!
[collision_monitor-23] [INFO] [1790431502.939798319] [collision_monitor]: Robot to approach for 1.200000 seconds away from collision
[collision_monitor-23] [INFO] [1790431502.979828852] [collision_monitor]: Robot to continue normal operation
[controller_server-15] [WARN] [1790431503.038677456] [controller_server]: RegulatedPurePursuitController detected collision ahead!
[controller_server-15] [INFO] [1790431503.088256034] [controller_server]: Passing new path to controller.
[controller_server-15] [WARN] [1790431503.238620203] [controller_server]: RegulatedPurePursuitController detected collision ahead!
[collision_monitor-23] [INFO] [1790431503.239816004] [collision_monitor]: Robot to approach for 1.200000 seconds away from collision
[collision_monitor-23] [INFO] [1790431503.279902757] [collision_monitor]: Robot to continue normal operation
[collision_monitor-23] [INFO] [1790431503.339828721] [collision_monitor]: Robot to approach for 1.200000 seconds away from collision
[collision_monitor-23] [INFO] [1790431503.379859745] [collision_monitor]: Robot to continue normal operation
[collision_monitor-23] [INFO] [1790431503.539803523] [collision_monitor]: Robot to approach for 1.200000 seconds away from collision
[collision_monitor-23] [INFO] [1790431503.579673784] [collision_monitor]: Robot to continue normal operation
[collision_monitor-23] [INFO] [1790431503.739874070] [collision_monitor]: Robot to approach for 1.200000 seconds away from collision
[collision_monitor-23] [INFO] [1790431503.779642929] [collision_monitor]: Robot to continue normal operation
[controller_server-15] [INFO] [1790431504.088279286] [controller_server]: Passing new path to controller.
[collision_monitor-23] [INFO] [1790431504.139798746] [collision_monitor]: Robot to approach for 1.200000 seconds away from collision
[collision_monitor-23] [INFO] [1790431504.179649036] [collision_monitor]: Robot to continue normal operation
[controller_server-15] [WARN] [1790431504.238606307] [controller_server]: RegulatedPurePursuitController detected collision ahead!
[collision_monitor-23] [INFO] [1790431504.239832207] [collision_monitor]: Robot to approach for 1.200000 seconds away from collision
[collision_monitor-23] [INFO] [1790431504.279717555] [collision_monitor]: Robot to continue normal operation
[collision_monitor-23] [INFO] [1790431504.339798277] [collision_monitor]: Robot to approach for 1.200000 seconds away from collision
[collision_monitor-23] [INFO] [1790431504.379978052] [collision_monitor]: Robot to continue normal operation
[controller_server-15] [WARN] [1790431504.438493401] [controller_server]: RegulatedPurePursuitController detected collision ahead!
[controller_server-15] [INFO] [1790431505.088272680] [controller_server]: Passing new path to controller.
[controller_server-15] [INFO] [1790431506.138256022] [controller_server]: Passing new path to controller.
[controller_server-15] [WARN] [1790431506.738533856] [controller_server]: RegulatedPurePursuitController detected collision ahead!
[collision_monitor-23] [INFO] [1790431506.739898940] [collision_monitor]: Robot to approach for 1.200000 seconds away from collision
[collision_monitor-23] [INFO] [1790431506.779799164] [collision_monitor]: Robot to continue normal operation
[controller_server-15] [WARN] [1790431506.788521189] [controller_server]: RegulatedPurePursuitController detected collision ahead!
[controller_server-15] [WARN] [1790431506.838544557] [controller_server]: RegulatedPurePursuitController detected collision ahead!
[controller_server-15] [WARN] [1790431506.938731524] [controller_server]: RegulatedPurePursuitController detected collision ahead!
[controller_server-15] [WARN] [1790431506.988501178] [controller_server]: RegulatedPurePursuitController detected collision ahead!
[controller_server-15] [WARN] [1790431507.038611004] [controller_server]: RegulatedPurePursuitController detected collision ahead!
[controller_server-15] [INFO] [1790431507.188928682] [controller_server]: Passing new path to controller.
[controller_server-15] [WARN] [1790431507.438538870] [controller_server]: RegulatedPurePursuitController detected collision ahead!
[collision_monitor-23] [INFO] [1790431507.579678215] [collision_monitor]: Robot to approach for 1.200000 seconds away from collision
[controller_server-15] [WARN] [1790431507.638599736] [controller_server]: RegulatedPurePursuitController detected collision ahead!
[collision_monitor-23] [INFO] [1790431507.639875639] [collision_monitor]: Robot to continue normal operation
[collision_monitor-23] [INFO] [1790431507.800373586] [collision_monitor]: Robot to approach for 1.200000 seconds away from collision
[controller_server-15] [WARN] [1790431507.838726875] [controller_server]: RegulatedPurePursuitController detected collision ahead!
[collision_monitor-23] [INFO] [1790431507.879920883] [collision_monitor]: Robot to continue normal operation
[collision_monitor-23] [INFO] [1790431507.979653291] [collision_monitor]: Robot to approach for 1.200000 seconds away from collision
[collision_monitor-23] [INFO] [1790431508.039788212] [collision_monitor]: Robot to continue normal operation
[collision_monitor-23] [INFO] [1790431508.079842218] [collision_monitor]: Robot to approach for 1.200000 seconds away from collision
[collision_monitor-23] [INFO] [1790431508.139820220] [collision_monitor]: Robot to continue normal operation
[collision_monitor-23] [INFO] [1790431508.179784207] [collision_monitor]: Robot to approach for 1.200000 seconds away from collision
[controller_server-15] [INFO] [1790431508.188268790] [controller_server]: Passing new path to controller.
[controller_server-15] [WARN] [1790431508.238730382] [controller_server]: RegulatedPurePursuitController detected collision ahead!
[collision_monitor-23] [INFO] [1790431508.239845662] [collision_monitor]: Robot to continue normal operation
[controller_server-15] [WARN] [1790431508.338525226] [controller_server]: RegulatedPurePursuitController detected collision ahead!
[collision_monitor-23] [INFO] [1790431508.339841145] [collision_monitor]: Robot to approach for 1.200000 seconds away from collision
[collision_monitor-23] [INFO] [1790431508.380155221] [collision_monitor]: Robot to continue normal operation
[controller_server-15] [WARN] [1790431508.388704262] [controller_server]: RegulatedPurePursuitController detected collision ahead!
[controller_server-15] [WARN] [1790431508.438858785] [controller_server]: RegulatedPurePursuitController detected collision ahead!
[collision_monitor-23] [INFO] [1790431508.639809856] [collision_monitor]: Robot to approach for 1.200000 seconds away from collision
[controller_server-15] [WARN] [1790431508.838728141] [controller_server]: RegulatedPurePursuitController detected collision ahead!
[collision_monitor-23] [INFO] [1790431508.879884788] [collision_monitor]: Robot to continue normal operation
[collision_monitor-23] [INFO] [1790431508.939812716] [collision_monitor]: Robot to approach for 1.200000 seconds away from collision
[controller_server-15] [WARN] [1790431509.038680978] [controller_server]: RegulatedPurePursuitController detected collision ahead!
[collision_monitor-23] [INFO] [1790431509.079738668] [collision_monitor]: Robot to continue normal operation
[collision_monitor-23] [INFO] [1790431509.139799706] [collision_monitor]: Robot to approach for 1.200000 seconds away from collision
[controller_server-15] [WARN] [1790431509.188625392] [controller_server]: RegulatedPurePursuitController detected collision ahead!
[controller_server-15] [INFO] [1790431509.238318511] [controller_server]: Passing new path to controller.
[collision_monitor-23] [INFO] [1790431509.239854343] [collision_monitor]: Robot to continue normal operation
[controller_server-15] [WARN] [1790431509.488803411] [controller_server]: RegulatedPurePursuitController detected collision ahead!
[controller_server-15] [WARN] [1790431509.538735508] [controller_server]: RegulatedPurePursuitController detected collision ahead!
[controller_server-15] [WARN] [1790431509.588587294] [controller_server]: RegulatedPurePursuitController detected collision ahead!
[controller_server-15] [WARN] [1790431509.638728829] [controller_server]: RegulatedPurePursuitController detected collision ahead!
[collision_monitor-23] [INFO] [1790431510.039822773] [collision_monitor]: Robot to approach for 1.200000 seconds away from collision
[controller_server-15] [INFO] [1790431510.238338607] [controller_server]: Passing new path to controller.
[controller_server-15] [WARN] [1790431510.239019717] [controller_server]: RegulatedPurePursuitController detected collision ahead!
[collision_monitor-23] [INFO] [1790431510.239776250] [collision_monitor]: Robot to continue normal operation
[collision_monitor-23] [INFO] [1790431510.379880011] [collision_monitor]: Robot to approach for 1.200000 seconds away from collision
[collision_monitor-23] [INFO] [1790431510.439810806] [collision_monitor]: Robot to continue normal operation
[collision_monitor-23] [INFO] [1790431510.480004208] [collision_monitor]: Robot to approach for 1.200000 seconds away from collision
[collision_monitor-23] [INFO] [1790431510.539845823] [collision_monitor]: Robot to continue normal operation
[collision_monitor-23] [INFO] [1790431510.579783485] [collision_monitor]: Robot to approach for 1.200000 seconds away from collision
[collision_monitor-23] [INFO] [1790431510.639828393] [collision_monitor]: Robot to continue normal operation
[collision_monitor-23] [INFO] [1790431510.679748875] [collision_monitor]: Robot to approach for 1.200000 seconds away from collision
[collision_monitor-23] [INFO] [1790431510.739798671] [collision_monitor]: Robot to continue normal operation
[collision_monitor-23] [INFO] [1790431510.779904987] [collision_monitor]: Robot to approach for 1.200000 seconds away from collision
[collision_monitor-23] [INFO] [1790431510.839799538] [collision_monitor]: Robot to continue normal operation
[collision_monitor-23] [INFO] [1790431510.879945520] [collision_monitor]: Robot to approach for 1.200000 seconds away from collision
[collision_monitor-23] [INFO] [1790431510.939833158] [collision_monitor]: Robot to continue normal operation
[collision_monitor-23] [INFO] [1790431510.979792050] [collision_monitor]: Robot to approach for 1.200000 seconds away from collision
[controller_server-15] [WARN] [1790431510.988646624] [controller_server]: RegulatedPurePursuitController detected collision ahead!
[controller_server-15] [WARN] [1790431511.038557354] [controller_server]: RegulatedPurePursuitController detected collision ahead!
[collision_monitor-23] [INFO] [1790431511.039825785] [collision_monitor]: Robot to continue normal operation
[collision_monitor-23] [INFO] [1790431511.179601391] [collision_monitor]: Robot to approach for 1.200000 seconds away from collision
[collision_monitor-23] [INFO] [1790431511.239788835] [collision_monitor]: Robot to continue normal operation
[collision_monitor-23] [INFO] [1790431511.279757226] [collision_monitor]: Robot to approach for 1.200000 seconds away from collision
[controller_server-15] [INFO] [1790431511.288282943] [controller_server]: Passing new path to controller.
[collision_monitor-23] [INFO] [1790431511.339839010] [collision_monitor]: Robot to continue normal operation
[collision_monitor-23] [INFO] [1790431511.379870462] [collision_monitor]: Robot to approach for 1.200000 seconds away from collision
[collision_monitor-23] [INFO] [1790431511.439827937] [collision_monitor]: Robot to continue normal operation
[collision_monitor-23] [INFO] [1790431511.479856527] [collision_monitor]: Robot to approach for 1.200000 seconds away from collision
[collision_monitor-23] [INFO] [1790431511.539869312] [collision_monitor]: Robot to continue normal operation
[collision_monitor-23] [INFO] [1790431511.600276810] [collision_monitor]: Robot to approach for 1.200000 seconds away from collision
[controller_server-15] [WARN] [1790431511.638770056] [controller_server]: RegulatedPurePursuitController detected collision ahead!
[collision_monitor-23] [INFO] [1790431511.639845041] [collision_monitor]: Robot to continue normal operation
[collision_monitor-23] [INFO] [1790431511.779825964] [collision_monitor]: Robot to approach for 1.200000 seconds away from collision
[collision_monitor-23] [INFO] [1790431511.839822129] [collision_monitor]: Robot to continue normal operation
[collision_monitor-23] [INFO] [1790431511.879788005] [collision_monitor]: Robot to approach for 1.200000 seconds away from collision
[collision_monitor-23] [INFO] [1790431511.939830052] [collision_monitor]: Robot to continue normal operation
[collision_monitor-23] [INFO] [1790431511.979969262] [collision_monitor]: Robot to approach for 1.200000 seconds away from collision
[controller_server-15] [WARN] [1790431512.038838903] [controller_server]: RegulatedPurePursuitController detected collision ahead!
[collision_monitor-23] [INFO] [1790431512.039850547] [collision_monitor]: Robot to continue normal operation
[collision_monitor-23] [INFO] [1790431512.179786081] [collision_monitor]: Robot to approach for 1.200000 seconds away from collision
[controller_server-15] [WARN] [1790431512.238643991] [controller_server]: RegulatedPurePursuitController detected collision ahead!
[collision_monitor-23] [INFO] [1790431512.239809553] [collision_monitor]: Robot to continue normal operation
[controller_server-15] [INFO] [1790431512.288262180] [controller_server]: Passing new path to controller.
[collision_monitor-23] [INFO] [1790431512.339806655] [collision_monitor]: Robot to approach for 1.200000 seconds away from collision
[controller_server-15] [WARN] [1790431512.438793230] [controller_server]: RegulatedPurePursuitController detected collision ahead!
[collision_monitor-23] [INFO] [1790431512.439820587] [collision_monitor]: Robot to continue normal operation
[collision_monitor-23] [INFO] [1790431512.579951104] [collision_monitor]: Robot to approach for 1.200000 seconds away from collision
[controller_server-15] [WARN] [1790431512.588790524] [controller_server]: RegulatedPurePursuitController detected collision ahead!
[controller_server-15] [WARN] [1790431512.638896308] [controller_server]: RegulatedPurePursuitController detected collision ahead!
[collision_monitor-23] [INFO] [1790431512.639827780] [collision_monitor]: Robot to continue normal operation
[collision_monitor-23] [INFO] [1790431512.779971566] [collision_monitor]: Robot to approach for 1.200000 seconds away from collision
[controller_server-15] [WARN] [1790431512.788943954] [controller_server]: RegulatedPurePursuitController detected collision ahead!
[controller_server-15] [WARN] [1790431512.838600064] [controller_server]: RegulatedPurePursuitController detected collision ahead!
[collision_monitor-23] [INFO] [1790431512.839897617] [collision_monitor]: Robot to continue normal operation
[collision_monitor-23] [INFO] [1790431512.979618056] [collision_monitor]: Robot to approach for 1.200000 seconds away from collision
[controller_server-15] [WARN] [1790431512.988651341] [controller_server]: RegulatedPurePursuitController detected collision ahead!
[controller_server-15] [WARN] [1790431513.038644481] [controller_server]: RegulatedPurePursuitController detected collision ahead!
[collision_monitor-23] [INFO] [1790431513.039823452] [collision_monitor]: Robot to continue normal operation
[controller_server-15] [INFO] [1790431513.338268668] [controller_server]: Passing new path to controller.
[controller_server-15] [WARN] [1790431513.488562350] [controller_server]: RegulatedPurePursuitController detected collision ahead!
[controller_server-15] [WARN] [1790431513.538626514] [controller_server]: RegulatedPurePursuitController detected collision ahead!
[controller_server-15] [WARN] [1790431513.588804021] [controller_server]: RegulatedPurePursuitController detected collision ahead!
[controller_server-15] [WARN] [1790431513.638750650] [controller_server]: RegulatedPurePursuitController detected collision ahead!
[controller_server-15] [WARN] [1790431513.938584555] [controller_server]: RegulatedPurePursuitController detected collision ahead!
[controller_server-15] [WARN] [1790431513.988588101] [controller_server]: RegulatedPurePursuitController detected collision ahead!
[controller_server-15] [INFO] [1790431514.338264520] [controller_server]: Passing new path to controller.
[controller_server-15] [WARN] [1790431514.438655852] [controller_server]: RegulatedPurePursuitController detected collision ahead!
[collision_monitor-23] [INFO] [1790431514.680242080] [collision_monitor]: Robot to approach for 1.200000 seconds away from collision
[collision_monitor-23] [INFO] [1790431514.879898778] [collision_monitor]: Robot to continue normal operation
[controller_server-15] [INFO] [1790431515.388284413] [controller_server]: Passing new path to controller.
[collision_monitor-23] [INFO] [1790431515.639814316] [collision_monitor]: Robot to approach for 1.200000 seconds away from collision
[collision_monitor-23] [INFO] [1790431515.839873835] [collision_monitor]: Robot to continue normal operation
[controller_server-15] [WARN] [1790431516.238588758] [controller_server]: RegulatedPurePursuitController detected collision ahead!
[controller_server-15] [INFO] [1790431516.388315107] [controller_server]: Passing new path to controller.
[collision_monitor-23] [INFO] [1790431516.780026881] [collision_monitor]: Robot to approach for 1.200000 seconds away from collision
[collision_monitor-23] [INFO] [1790431516.839846090] [collision_monitor]: Robot to continue normal operation
[controller_server-15] [INFO] [1790431517.438267186] [controller_server]: Passing new path to controller.
[collision_monitor-23] [INFO] [1790431517.879913736] [collision_monitor]: Robot to approach for 1.200000 seconds away from collision
[controller_server-15] [WARN] [1790431517.938697069] [controller_server]: RegulatedPurePursuitController detected collision ahead!
[collision_monitor-23] [INFO] [1790431517.979859384] [collision_monitor]: Robot to continue normal operation
[controller_server-15] [WARN] [1790431518.238708262] [controller_server]: RegulatedPurePursuitController detected collision ahead!
[controller_server-15] [WARN] [1790431518.338508584] [controller_server]: RegulatedPurePursuitController detected collision ahead!
[controller_server-15] [WARN] [1790431518.388686588] [controller_server]: RegulatedPurePursuitController detected collision ahead!
[controller_server-15] [INFO] [1790431518.438326156] [controller_server]: Passing new path to controller.
[controller_server-15] [WARN] [1790431518.438876674] [controller_server]: RegulatedPurePursuitController detected collision ahead!
[collision_monitor-23] [INFO] [1790431518.839785454] [collision_monitor]: Robot to approach for 1.200000 seconds away from collision
[controller_server-15] [WARN] [1790431518.988667355] [controller_server]: RegulatedPurePursuitController detected collision ahead!
[controller_server-15] [WARN] [1790431519.038587036] [controller_server]: RegulatedPurePursuitController detected collision ahead!
[collision_monitor-23] [INFO] [1790431519.039812309] [collision_monitor]: Robot to continue normal operation
[collision_monitor-23] [INFO] [1790431519.179998236] [collision_monitor]: Robot to approach for 1.200000 seconds away from collision
[controller_server-15] [WARN] [1790431519.188548607] [controller_server]: RegulatedPurePursuitController detected collision ahead!
[controller_server-15] [WARN] [1790431519.238559215] [controller_server]: RegulatedPurePursuitController detected collision ahead!
[collision_monitor-23] [INFO] [1790431519.240291637] [collision_monitor]: Robot to continue normal operation
[collision_monitor-23] [INFO] [1790431519.379786746] [collision_monitor]: Robot to approach for 1.200000 seconds away from collision
[controller_server-15] [WARN] [1790431519.388580565] [controller_server]: RegulatedPurePursuitController detected collision ahead!
[controller_server-15] [WARN] [1790431519.438704447] [controller_server]: RegulatedPurePursuitController detected collision ahead!
[collision_monitor-23] [INFO] [1790431519.439808135] [collision_monitor]: Robot to continue normal operation
[controller_server-15] [INFO] [1790431519.488323206] [controller_server]: Passing new path to controller.
[collision_monitor-23] [INFO] [1790431519.580256017] [collision_monitor]: Robot to approach for 1.200000 seconds away from collision
[controller_server-15] [WARN] [1790431519.588506722] [controller_server]: RegulatedPurePursuitController detected collision ahead!
[controller_server-15] [WARN] [1790431519.638626414] [controller_server]: RegulatedPurePursuitController detected collision ahead!
[collision_monitor-23] [INFO] [1790431519.639844284] [collision_monitor]: Robot to continue normal operation
[collision_monitor-23] [INFO] [1790431519.779832086] [collision_monitor]: Robot to approach for 1.200000 seconds away from collision
[controller_server-15] [WARN] [1790431519.788571014] [controller_server]: RegulatedPurePursuitController detected collision ahead!
[controller_server-15] [WARN] [1790431519.838576245] [controller_server]: RegulatedPurePursuitController detected collision ahead!
[collision_monitor-23] [INFO] [1790431519.839852917] [collision_monitor]: Robot to continue normal operation
[collision_monitor-23] [INFO] [1790431519.979674789] [collision_monitor]: Robot to approach for 1.200000 seconds away from collision
[controller_server-15] [WARN] [1790431520.038459593] [controller_server]: RegulatedPurePursuitController detected collision ahead!
[collision_monitor-23] [INFO] [1790431520.079728272] [collision_monitor]: Robot to continue normal operation
[collision_monitor-23] [INFO] [1790431520.139800295] [collision_monitor]: Robot to approach for 1.200000 seconds away from collision
[controller_server-15] [WARN] [1790431520.238498751] [controller_server]: RegulatedPurePursuitController detected collision ahead!
[collision_monitor-23] [INFO] [1790431520.279892855] [collision_monitor]: Robot to continue normal operation
[collision_monitor-23] [INFO] [1790431520.340055036] [collision_monitor]: Robot to approach for 1.200000 seconds away from collision
[controller_server-15] [WARN] [1790431520.438508018] [controller_server]: RegulatedPurePursuitController detected collision ahead!
[collision_monitor-23] [INFO] [1790431520.439871846] [collision_monitor]: Robot to continue normal operation
[controller_server-15] [INFO] [1790431520.488275529] [controller_server]: Passing new path to controller.
[collision_monitor-23] [INFO] [1790431520.539882520] [collision_monitor]: Robot to approach for 1.200000 seconds away from collision
[collision_monitor-23] [INFO] [1790431520.639911073] [collision_monitor]: Robot to continue normal operation
[collision_monitor-23] [INFO] [1790431520.679843091] [collision_monitor]: Robot to approach for 1.200000 seconds away from collision
[collision_monitor-23] [INFO] [1790431520.739843182] [collision_monitor]: Robot to continue normal operation
[collision_monitor-23] [INFO] [1790431520.779802087] [collision_monitor]: Robot to approach for 1.200000 seconds away from collision
[collision_monitor-23] [INFO] [1790431520.839820964] [collision_monitor]: Robot to continue normal operation
[collision_monitor-23] [INFO] [1790431520.879842022] [collision_monitor]: Robot to approach for 1.200000 seconds away from collision
[collision_monitor-23] [INFO] [1790431520.939945681] [collision_monitor]: Robot to continue normal operation
[collision_monitor-23] [INFO] [1790431520.979792568] [collision_monitor]: Robot to approach for 1.200000 seconds away from collision
[collision_monitor-23] [INFO] [1790431521.039812774] [collision_monitor]: Robot to continue normal operation
[collision_monitor-23] [INFO] [1790431521.080322266] [collision_monitor]: Robot to approach for 1.200000 seconds away from collision
[collision_monitor-23] [INFO] [1790431521.139831902] [collision_monitor]: Robot to continue normal operation
[collision_monitor-23] [INFO] [1790431521.179908132] [collision_monitor]: Robot to approach for 1.200000 seconds away from collision
[collision_monitor-23] [INFO] [1790431521.239911857] [collision_monitor]: Robot to continue normal operation
[collision_monitor-23] [INFO] [1790431521.280942815] [collision_monitor]: Robot to approach for 1.200000 seconds away from collision
[collision_monitor-23] [INFO] [1790431521.339888594] [collision_monitor]: Robot to continue normal operation
[collision_monitor-23] [INFO] [1790431521.379828085] [collision_monitor]: Robot to approach for 1.200000 seconds away from collision
[collision_monitor-23] [INFO] [1790431521.439852621] [collision_monitor]: Robot to continue normal operation
[collision_monitor-23] [INFO] [1790431521.480333621] [collision_monitor]: Robot to approach for 1.200000 seconds away from collision
[controller_server-15] [INFO] [1790431521.538261540] [controller_server]: Passing new path to controller.
[collision_monitor-23] [INFO] [1790431521.539910717] [collision_monitor]: Robot to continue normal operation
[collision_monitor-23] [INFO] [1790431521.579731348] [collision_monitor]: Robot to approach for 1.200000 seconds away from collision
[collision_monitor-23] [INFO] [1790431521.639829631] [collision_monitor]: Robot to continue normal operation
[collision_monitor-23] [INFO] [1790431521.679709482] [collision_monitor]: Robot to approach for 1.200000 seconds away from collision
[collision_monitor-23] [INFO] [1790431521.739825503] [collision_monitor]: Robot to continue normal operation
[collision_monitor-23] [INFO] [1790431521.779786434] [collision_monitor]: Robot to approach for 1.200000 seconds away from collision
[collision_monitor-23] [INFO] [1790431521.839804964] [collision_monitor]: Robot to continue normal operation
[controller_server-15] [INFO] [1790431522.538260646] [controller_server]: Passing new path to controller.
[controller_server-15] [INFO] [1790431523.588266555] [controller_server]: Passing new path to controller.
[controller_server-15] [INFO] [1790431524.588389751] [controller_server]: Passing new path to controller.
[controller_server-15] [INFO] [1790431525.638268553] [controller_server]: Passing new path to controller.
[controller_server-15] [INFO] [1790431526.638263590] [controller_server]: Passing new path to controller.
[controller_server-15] [INFO] [1790431527.688432345] [controller_server]: Passing new path to controller.
[controller_server-15] [INFO] [1790431528.688874255] [controller_server]: Passing new path to controller.
[controller_server-15] [INFO] [1790431529.288430118] [controller_server]: Reached the goal!
[bt_navigator-20] [INFO] [1790431529.317718298] [bt_navigator]: Goal succeeded
[bt_navigator-20] [INFO] [1790431530.318601898] [bt_navigator]: Begin navigating from current location (3.42, 2.13) to (0.30, 0.00)
[nav_benchmark_runner.py-9] [INFO] [1790431530.319486930] [nav_benchmark_runner]: Goal 'return_to_start' accepted: x=0.30, y=0.00, yaw=0.0000
[controller_server-15] [INFO] [1790431530.329343726] [controller_server]: Received a goal, begin computing control effort.
[controller_server-15] [INFO] [1790431531.379502050] [controller_server]: Passing new path to controller.
[controller_server-15] [INFO] [1790431532.379505357] [controller_server]: Passing new path to controller.
[controller_server-15] [INFO] [1790431533.429548793] [controller_server]: Passing new path to controller.
[collision_monitor-23] [INFO] [1790431534.289972207] [collision_monitor]: Robot to approach for 1.200000 seconds away from collision
[collision_monitor-23] [INFO] [1790431534.329742780] [collision_monitor]: Robot to continue normal operation
[collision_monitor-23] [INFO] [1790431534.390258007] [collision_monitor]: Robot to approach for 1.200000 seconds away from collision
[controller_server-15] [WARN] [1790431534.429848543] [controller_server]: RegulatedPurePursuitController detected collision ahead!
[collision_monitor-23] [INFO] [1790431534.429851406] [collision_monitor]: Robot to continue normal operation
[controller_server-15] [INFO] [1790431534.479505384] [controller_server]: Passing new path to controller.
[collision_monitor-23] [INFO] [1790431534.589939547] [collision_monitor]: Robot to approach for 1.200000 seconds away from collision
[collision_monitor-23] [INFO] [1790431534.629723459] [collision_monitor]: Robot to continue normal operation
[controller_server-15] [WARN] [1790431534.629870254] [controller_server]: RegulatedPurePursuitController detected collision ahead!
[collision_monitor-23] [INFO] [1790431534.789938910] [collision_monitor]: Robot to approach for 1.200000 seconds away from collision
[collision_monitor-23] [INFO] [1790431534.829721635] [collision_monitor]: Robot to continue normal operation
[controller_server-15] [WARN] [1790431534.829836795] [controller_server]: RegulatedPurePursuitController detected collision ahead!
[controller_server-15] [WARN] [1790431534.979904233] [controller_server]: RegulatedPurePursuitController detected collision ahead!
[collision_monitor-23] [INFO] [1790431534.989759564] [collision_monitor]: Robot to approach for 1.200000 seconds away from collision
[collision_monitor-23] [INFO] [1790431535.029840768] [collision_monitor]: Robot to continue normal operation
[controller_server-15] [WARN] [1790431535.029855993] [controller_server]: RegulatedPurePursuitController detected collision ahead!
[controller_server-15] [WARN] [1790431535.229855222] [controller_server]: RegulatedPurePursuitController detected collision ahead!
[controller_server-15] [WARN] [1790431535.429865626] [controller_server]: RegulatedPurePursuitController detected collision ahead!
[controller_server-15] [INFO] [1790431535.479501029] [controller_server]: Passing new path to controller.
[collision_monitor-23] [INFO] [1790431535.590257208] [collision_monitor]: Robot to approach for 1.200000 seconds away from collision
[collision_monitor-23] [INFO] [1790431535.629871280] [collision_monitor]: Robot to continue normal operation
[controller_server-15] [WARN] [1790431535.629895653] [controller_server]: RegulatedPurePursuitController detected collision ahead!
[collision_monitor-23] [INFO] [1790431535.789807043] [collision_monitor]: Robot to approach for 1.200000 seconds away from collision
[controller_server-15] [WARN] [1790431535.829845788] [controller_server]: RegulatedPurePursuitController detected collision ahead!
[collision_monitor-23] [INFO] [1790431535.829927775] [collision_monitor]: Robot to continue normal operation
[controller_server-15] [WARN] [1790431536.029881333] [controller_server]: RegulatedPurePursuitController detected collision ahead!
[collision_monitor-23] [INFO] [1790431536.190043719] [collision_monitor]: Robot to approach for 1.200000 seconds away from collision
[collision_monitor-23] [INFO] [1790431536.229812688] [collision_monitor]: Robot to continue normal operation
[controller_server-15] [WARN] [1790431536.229872188] [controller_server]: RegulatedPurePursuitController detected collision ahead!
[collision_monitor-23] [INFO] [1790431536.389942041] [collision_monitor]: Robot to approach for 1.200000 seconds away from collision
[collision_monitor-23] [INFO] [1790431536.429727841] [collision_monitor]: Robot to continue normal operation
[controller_server-15] [WARN] [1790431536.430091407] [controller_server]: RegulatedPurePursuitController detected collision ahead!
[controller_server-15] [INFO] [1790431536.529534641] [controller_server]: Passing new path to controller.
[collision_monitor-23] [INFO] [1790431536.589743570] [collision_monitor]: Robot to approach for 1.200000 seconds away from collision
[collision_monitor-23] [INFO] [1790431536.629738320] [collision_monitor]: Robot to continue normal operation
[controller_server-15] [WARN] [1790431536.629896149] [controller_server]: RegulatedPurePursuitController detected collision ahead!
[collision_monitor-23] [INFO] [1790431536.789812432] [collision_monitor]: Robot to approach for 1.200000 seconds away from collision
[controller_server-15] [WARN] [1790431536.829856416] [controller_server]: RegulatedPurePursuitController detected collision ahead!
[collision_monitor-23] [INFO] [1790431536.829855508] [collision_monitor]: Robot to continue normal operation
[collision_monitor-23] [INFO] [1790431536.989808735] [collision_monitor]: Robot to approach for 1.200000 seconds away from collision
[collision_monitor-23] [INFO] [1790431537.029738118] [collision_monitor]: Robot to continue normal operation
[controller_server-15] [WARN] [1790431537.029864521] [controller_server]: RegulatedPurePursuitController detected collision ahead!
[controller_server-15] [WARN] [1790431537.179940562] [controller_server]: RegulatedPurePursuitController detected collision ahead!
[collision_monitor-23] [INFO] [1790431537.189838983] [collision_monitor]: Robot to approach for 1.200000 seconds away from collision
[collision_monitor-23] [INFO] [1790431537.229782683] [collision_monitor]: Robot to continue normal operation
[controller_server-15] [WARN] [1790431537.230045196] [controller_server]: RegulatedPurePursuitController detected collision ahead!
[controller_server-15] [WARN] [1790431537.379835189] [controller_server]: RegulatedPurePursuitController detected collision ahead!
[collision_monitor-23] [INFO] [1790431537.389841995] [collision_monitor]: Robot to approach for 1.200000 seconds away from collision
[collision_monitor-23] [INFO] [1790431537.429730035] [collision_monitor]: Robot to continue normal operation
[controller_server-15] [WARN] [1790431537.429855461] [controller_server]: RegulatedPurePursuitController detected collision ahead!
[controller_server-15] [INFO] [1790431537.529607094] [controller_server]: Passing new path to controller.
[collision_monitor-23] [INFO] [1790431537.589794096] [collision_monitor]: Robot to approach for 1.200000 seconds away from collision
[collision_monitor-23] [INFO] [1790431537.629735422] [collision_monitor]: Robot to continue normal operation
[controller_server-15] [WARN] [1790431537.629841782] [controller_server]: RegulatedPurePursuitController detected collision ahead!
[controller_server-15] [WARN] [1790431537.779966429] [controller_server]: RegulatedPurePursuitController detected collision ahead!
[collision_monitor-23] [INFO] [1790431537.789898790] [collision_monitor]: Robot to approach for 1.200000 seconds away from collision
[collision_monitor-23] [INFO] [1790431537.829761410] [collision_monitor]: Robot to continue normal operation
[controller_server-15] [WARN] [1790431537.829907996] [controller_server]: RegulatedPurePursuitController detected collision ahead!
[controller_server-15] [WARN] [1790431537.979836683] [controller_server]: RegulatedPurePursuitController detected collision ahead!
[collision_monitor-23] [INFO] [1790431537.989751375] [collision_monitor]: Robot to approach for 1.200000 seconds away from collision
[collision_monitor-23] [INFO] [1790431538.029721893] [collision_monitor]: Robot to continue normal operation
[controller_server-15] [WARN] [1790431538.029961151] [controller_server]: RegulatedPurePursuitController detected collision ahead!
[controller_server-15] [WARN] [1790431538.179852969] [controller_server]: RegulatedPurePursuitController detected collision ahead!
[controller_server-15] [WARN] [1790431538.229880156] [controller_server]: RegulatedPurePursuitController detected collision ahead!
[controller_server-15] [WARN] [1790431538.429843507] [controller_server]: RegulatedPurePursuitController detected collision ahead!
[controller_server-15] [INFO] [1790431538.579539994] [controller_server]: Passing new path to controller.
[controller_server-15] [WARN] [1790431539.029911154] [controller_server]: RegulatedPurePursuitController detected collision ahead!
[controller_server-15] [INFO] [1790431539.579508099] [controller_server]: Passing new path to controller.
[collision_monitor-23] [INFO] [1790431540.490022546] [collision_monitor]: Robot to approach for 1.200000 seconds away from collision
[controller_server-15] [INFO] [1790431540.629524235] [controller_server]: Passing new path to controller.
[collision_monitor-23] [INFO] [1790431540.629748967] [collision_monitor]: Robot to continue normal operation
[collision_monitor-23] [INFO] [1790431541.590043063] [collision_monitor]: Robot to approach for 1.200000 seconds away from collision
[controller_server-15] [INFO] [1790431541.629513419] [controller_server]: Passing new path to controller.
[collision_monitor-23] [INFO] [1790431541.629871678] [collision_monitor]: Robot to continue normal operation
[collision_monitor-23] [INFO] [1790431541.690837289] [collision_monitor]: Robot to approach for 1.200000 seconds away from collision
[collision_monitor-23] [INFO] [1790431541.729819212] [collision_monitor]: Robot to continue normal operation
[controller_server-15] [WARN] [1790431542.029932150] [controller_server]: RegulatedPurePursuitController detected collision ahead!
[collision_monitor-23] [INFO] [1790431542.429860992] [collision_monitor]: Robot to approach for 1.200000 seconds away from collision
[controller_server-15] [WARN] [1790431542.579945434] [controller_server]: RegulatedPurePursuitController detected collision ahead!
[collision_monitor-23] [INFO] [1790431542.629895738] [collision_monitor]: Robot to continue normal operation
[controller_server-15] [INFO] [1790431542.679709582] [controller_server]: Passing new path to controller.
[controller_server-15] [WARN] [1790431542.929954351] [controller_server]: RegulatedPurePursuitController detected collision ahead!
[controller_server-15] [WARN] [1790431542.979884332] [controller_server]: RegulatedPurePursuitController detected collision ahead!
[controller_server-15] [WARN] [1790431543.030036463] [controller_server]: RegulatedPurePursuitController detected collision ahead!
[collision_monitor-23] [INFO] [1790431543.590278788] [collision_monitor]: Robot to approach for 1.200000 seconds away from collision
[collision_monitor-23] [INFO] [1790431543.629870661] [collision_monitor]: Robot to continue normal operation
[controller_server-15] [INFO] [1790431543.679519484] [controller_server]: Passing new path to controller.
[collision_monitor-23] [INFO] [1790431543.689752350] [collision_monitor]: Robot to approach for 1.200000 seconds away from collision
[controller_server-15] [WARN] [1790431543.729899280] [controller_server]: RegulatedPurePursuitController detected collision ahead!
[controller_server-15] [WARN] [1790431543.779973195] [controller_server]: RegulatedPurePursuitController detected collision ahead!
[collision_monitor-23] [INFO] [1790431543.790147400] [collision_monitor]: Robot to continue normal operation
[controller_server-15] [WARN] [1790431543.829896892] [controller_server]: RegulatedPurePursuitController detected collision ahead!
[collision_monitor-23] [INFO] [1790431544.029754121] [collision_monitor]: Robot to approach for 1.200000 seconds away from collision
[controller_server-15] [WARN] [1790431544.029856291] [controller_server]: RegulatedPurePursuitController detected collision ahead!
[collision_monitor-23] [INFO] [1790431544.089799927] [collision_monitor]: Robot to continue normal operation
[collision_monitor-23] [INFO] [1790431544.129730576] [collision_monitor]: Robot to approach for 1.200000 seconds away from collision
[controller_server-15] [WARN] [1790431544.179823697] [controller_server]: RegulatedPurePursuitController detected collision ahead!
[collision_monitor-23] [INFO] [1790431544.229730076] [collision_monitor]: Robot to continue normal operation
[controller_server-15] [WARN] [1790431544.229956764] [controller_server]: RegulatedPurePursuitController detected collision ahead!
[controller_server-15] [WARN] [1790431544.379889461] [controller_server]: RegulatedPurePursuitController detected collision ahead!
[collision_monitor-23] [INFO] [1790431544.390268635] [collision_monitor]: Robot to approach for 1.200000 seconds away from collision
[collision_monitor-23] [INFO] [1790431544.429776496] [collision_monitor]: Robot to continue normal operation
[controller_server-15] [WARN] [1790431544.430020363] [controller_server]: RegulatedPurePursuitController detected collision ahead!
[controller_server-15] [WARN] [1790431544.579916675] [controller_server]: RegulatedPurePursuitController detected collision ahead!
[collision_monitor-23] [INFO] [1790431544.589793030] [collision_monitor]: Robot to approach for 1.200000 seconds away from collision
[controller_server-15] [WARN] [1790431544.629911956] [controller_server]: RegulatedPurePursuitController detected collision ahead!
[collision_monitor-23] [INFO] [1790431544.629857903] [collision_monitor]: Robot to continue normal operation
[controller_server-15] [INFO] [1790431544.729521771] [controller_server]: Passing new path to controller.
[collision_monitor-23] [INFO] [1790431544.789874227] [collision_monitor]: Robot to approach for 1.200000 seconds away from collision
[collision_monitor-23] [INFO] [1790431544.829760949] [collision_monitor]: Robot to continue normal operation
[collision_monitor-23] [INFO] [1790431544.989864149] [collision_monitor]: Robot to approach for 1.200000 seconds away from collision
[collision_monitor-23] [INFO] [1790431545.029783136] [collision_monitor]: Robot to continue normal operation
[collision_monitor-23] [INFO] [1790431545.089832436] [collision_monitor]: Robot to approach for 1.200000 seconds away from collision
[collision_monitor-23] [INFO] [1790431545.129723558] [collision_monitor]: Robot to continue normal operation
[controller_server-15] [WARN] [1790431545.129982091] [controller_server]: RegulatedPurePursuitController detected collision ahead!
[controller_server-15] [WARN] [1790431545.179819264] [controller_server]: RegulatedPurePursuitController detected collision ahead!
[controller_server-15] [WARN] [1790431545.230495308] [controller_server]: RegulatedPurePursuitController detected collision ahead!
[controller_server-15] [WARN] [1790431545.329947017] [controller_server]: RegulatedPurePursuitController detected collision ahead!
[controller_server-15] [WARN] [1790431545.379861010] [controller_server]: RegulatedPurePursuitController detected collision ahead!
[controller_server-15] [WARN] [1790431545.429877453] [controller_server]: RegulatedPurePursuitController detected collision ahead!
[controller_server-15] [INFO] [1790431545.729504295] [controller_server]: Passing new path to controller.
[controller_server-15] [WARN] [1790431545.929918267] [controller_server]: RegulatedPurePursuitController detected collision ahead!
[controller_server-15] [WARN] [1790431545.980063417] [controller_server]: RegulatedPurePursuitController detected collision ahead!
[controller_server-15] [WARN] [1790431546.029919237] [controller_server]: RegulatedPurePursuitController detected collision ahead!
[controller_server-15] [WARN] [1790431546.129853866] [controller_server]: RegulatedPurePursuitController detected collision ahead!
[controller_server-15] [WARN] [1790431546.179856272] [controller_server]: RegulatedPurePursuitController detected collision ahead!
[controller_server-15] [WARN] [1790431546.229826624] [controller_server]: RegulatedPurePursuitController detected collision ahead!
[collision_monitor-23] [INFO] [1790431546.689819686] [collision_monitor]: Robot to approach for 1.200000 seconds away from collision
[collision_monitor-23] [INFO] [1790431546.729784696] [collision_monitor]: Robot to continue normal operation
[controller_server-15] [INFO] [1790431546.779494420] [controller_server]: Passing new path to controller.
[controller_server-15] [WARN] [1790431546.779933829] [controller_server]: RegulatedPurePursuitController detected collision ahead!
[controller_server-15] [WARN] [1790431546.829839094] [controller_server]: RegulatedPurePursuitController detected collision ahead!
[collision_monitor-23] [INFO] [1790431546.989963603] [collision_monitor]: Robot to approach for 1.200000 seconds away from collision
[collision_monitor-23] [INFO] [1790431547.029732095] [collision_monitor]: Robot to continue normal operation
[controller_server-15] [WARN] [1790431547.029875189] [controller_server]: RegulatedPurePursuitController detected collision ahead!
[collision_monitor-23] [INFO] [1790431547.190005988] [collision_monitor]: Robot to approach for 1.200000 seconds away from collision
[collision_monitor-23] [INFO] [1790431547.229729087] [collision_monitor]: Robot to continue normal operation
[controller_server-15] [WARN] [1790431547.229866385] [controller_server]: RegulatedPurePursuitController detected collision ahead!
[collision_monitor-23] [INFO] [1790431547.390010103] [collision_monitor]: Robot to approach for 1.200000 seconds away from collision
[collision_monitor-23] [INFO] [1790431547.429729222] [collision_monitor]: Robot to continue normal operation
[controller_server-15] [WARN] [1790431547.429806530] [controller_server]: RegulatedPurePursuitController detected collision ahead!
[controller_server-15] [WARN] [1790431547.629931252] [controller_server]: RegulatedPurePursuitController detected collision ahead!
[controller_server-15] [INFO] [1790431547.779495786] [controller_server]: Passing new path to controller.
[collision_monitor-23] [INFO] [1790431547.789779145] [collision_monitor]: Robot to approach for 1.200000 seconds away from collision
[collision_monitor-23] [INFO] [1790431547.829721530] [collision_monitor]: Robot to continue normal operation
[collision_monitor-23] [INFO] [1790431547.889723204] [collision_monitor]: Robot to approach for 1.200000 seconds away from collision
[collision_monitor-23] [INFO] [1790431547.929722505] [collision_monitor]: Robot to continue normal operation
[collision_monitor-23] [INFO] [1790431547.989841015] [collision_monitor]: Robot to approach for 1.200000 seconds away from collision
[collision_monitor-23] [INFO] [1790431548.029791292] [collision_monitor]: Robot to continue normal operation
[controller_server-15] [WARN] [1790431548.029952264] [controller_server]: RegulatedPurePursuitController detected collision ahead!
[collision_monitor-23] [INFO] [1790431548.189774461] [collision_monitor]: Robot to approach for 1.200000 seconds away from collision
[collision_monitor-23] [INFO] [1790431548.229753231] [collision_monitor]: Robot to continue normal operation
[controller_server-15] [WARN] [1790431548.229872930] [controller_server]: RegulatedPurePursuitController detected collision ahead!
[controller_server-15] [WARN] [1790431548.429992420] [controller_server]: RegulatedPurePursuitController detected collision ahead!
[controller_server-15] [WARN] [1790431548.629773345] [controller_server]: RegulatedPurePursuitController detected collision ahead!
[controller_server-15] [INFO] [1790431548.829499867] [controller_server]: Passing new path to controller.
[collision_monitor-23] [INFO] [1790431548.979878693] [collision_monitor]: Robot to approach for 1.200000 seconds away from collision
[controller_server-15] [WARN] [1790431549.029734308] [controller_server]: RegulatedPurePursuitController detected collision ahead!
[collision_monitor-23] [INFO] [1790431549.039909283] [collision_monitor]: Robot to continue normal operation
[collision_monitor-23] [INFO] [1790431549.179706413] [collision_monitor]: Robot to approach for 1.200000 seconds away from collision
[controller_server-15] [WARN] [1790431549.229718182] [controller_server]: RegulatedPurePursuitController detected collision ahead!
[collision_monitor-23] [INFO] [1790431549.239714167] [collision_monitor]: Robot to continue normal operation
[collision_monitor-23] [INFO] [1790431549.379720037] [collision_monitor]: Robot to approach for 1.200000 seconds away from collision
[controller_server-15] [WARN] [1790431549.429737463] [controller_server]: RegulatedPurePursuitController detected collision ahead!
[collision_monitor-23] [INFO] [1790431549.439795601] [collision_monitor]: Robot to continue normal operation
[collision_monitor-23] [INFO] [1790431549.579620876] [collision_monitor]: Robot to approach for 1.200000 seconds away from collision
[controller_server-15] [WARN] [1790431549.579716551] [controller_server]: RegulatedPurePursuitController detected collision ahead!
[controller_server-15] [WARN] [1790431549.629803743] [controller_server]: RegulatedPurePursuitController detected collision ahead!
[collision_monitor-23] [INFO] [1790431549.639713201] [collision_monitor]: Robot to continue normal operation
[controller_server-15] [WARN] [1790431549.779806017] [controller_server]: RegulatedPurePursuitController detected collision ahead!
[collision_monitor-23] [INFO] [1790431549.779984169] [collision_monitor]: Robot to approach for 1.200000 seconds away from collision
[controller_server-15] [INFO] [1790431549.829497727] [controller_server]: Passing new path to controller.
[controller_server-15] [WARN] [1790431549.829847187] [controller_server]: RegulatedPurePursuitController detected collision ahead!
[collision_monitor-23] [INFO] [1790431549.839784020] [collision_monitor]: Robot to continue normal operation
[collision_monitor-23] [INFO] [1790431549.979710696] [collision_monitor]: Robot to approach for 1.200000 seconds away from collision
[controller_server-15] [WARN] [1790431550.029711641] [controller_server]: RegulatedPurePursuitController detected collision ahead!
[collision_monitor-23] [INFO] [1790431550.039800369] [collision_monitor]: Robot to continue normal operation
[controller_server-15] [WARN] [1790431550.129706759] [controller_server]: RegulatedPurePursuitController detected collision ahead!
[controller_server-15] [WARN] [1790431550.179701070] [controller_server]: RegulatedPurePursuitController detected collision ahead!
[controller_server-15] [WARN] [1790431550.229714865] [controller_server]: RegulatedPurePursuitController detected collision ahead!
[controller_server-15] [WARN] [1790431550.329701462] [controller_server]: RegulatedPurePursuitController detected collision ahead!
[controller_server-15] [WARN] [1790431550.379710439] [controller_server]: RegulatedPurePursuitController detected collision ahead!
[controller_server-15] [WARN] [1790431550.429755870] [controller_server]: RegulatedPurePursuitController detected collision ahead!
[collision_monitor-23] [INFO] [1790431550.740041831] [collision_monitor]: Robot to approach for 1.200000 seconds away from collision
[controller_server-15] [WARN] [1790431550.829699744] [controller_server]: RegulatedPurePursuitController detected collision ahead!
[controller_server-15] [INFO] [1790431550.879529801] [controller_server]: Passing new path to controller.
[collision_monitor-23] [INFO] [1790431550.879736795] [collision_monitor]: Robot to continue normal operation
[collision_monitor-23] [INFO] [1790431550.979860899] [collision_monitor]: Robot to approach for 1.200000 seconds away from collision
[collision_monitor-23] [INFO] [1790431551.039790788] [collision_monitor]: Robot to continue normal operation
[collision_monitor-23] [INFO] [1790431551.090028689] [collision_monitor]: Robot to approach for 1.200000 seconds away from collision
[collision_monitor-23] [INFO] [1790431551.139923765] [collision_monitor]: Robot to continue normal operation
[controller_server-15] [WARN] [1790431551.179731090] [controller_server]: RegulatedPurePursuitController detected collision ahead!
[collision_monitor-23] [INFO] [1790431551.179937037] [collision_monitor]: Robot to approach for 1.200000 seconds away from collision
[controller_server-15] [WARN] [1790431551.229835744] [controller_server]: RegulatedPurePursuitController detected collision ahead!
[collision_monitor-23] [INFO] [1790431551.239853239] [collision_monitor]: Robot to continue normal operation
[collision_monitor-23] [INFO] [1790431551.379651284] [collision_monitor]: Robot to approach for 1.200000 seconds away from collision
[controller_server-15] [WARN] [1790431551.379694443] [controller_server]: RegulatedPurePursuitController detected collision ahead!
[controller_server-15] [WARN] [1790431551.429689663] [controller_server]: RegulatedPurePursuitController detected collision ahead!
[collision_monitor-23] [INFO] [1790431551.439793406] [collision_monitor]: Robot to continue normal operation
[controller_server-15] [WARN] [1790431551.729688012] [controller_server]: RegulatedPurePursuitController detected collision ahead!
[controller_server-15] [WARN] [1790431551.779684769] [controller_server]: RegulatedPurePursuitController detected collision ahead!
[controller_server-15] [WARN] [1790431551.829681456] [controller_server]: RegulatedPurePursuitController detected collision ahead!
[controller_server-15] [INFO] [1790431551.879496360] [controller_server]: Passing new path to controller.
[controller_server-15] [WARN] [1790431551.929676506] [controller_server]: RegulatedPurePursuitController detected collision ahead!
[controller_server-15] [WARN] [1790431551.979729969] [controller_server]: RegulatedPurePursuitController detected collision ahead!
[controller_server-15] [WARN] [1790431552.029684336] [controller_server]: RegulatedPurePursuitController detected collision ahead!
[controller_server-15] [WARN] [1790431552.579664598] [controller_server]: RegulatedPurePursuitController detected collision ahead!
[controller_server-15] [WARN] [1790431552.629658912] [controller_server]: RegulatedPurePursuitController detected collision ahead!
[controller_server-15] [WARN] [1790431552.829688195] [controller_server]: RegulatedPurePursuitController detected collision ahead!
[controller_server-15] [INFO] [1790431552.879546259] [controller_server]: Passing new path to controller.
[controller_server-15] [WARN] [1790431553.029663217] [controller_server]: RegulatedPurePursuitController detected collision ahead!
[collision_monitor-23] [INFO] [1790431553.290028844] [collision_monitor]: Robot to approach for 1.200000 seconds away from collision
[collision_monitor-23] [INFO] [1790431553.350010346] [collision_monitor]: Robot to continue normal operation
[controller_server-15] [WARN] [1790431553.429766140] [controller_server]: RegulatedPurePursuitController detected collision ahead!
[controller_server-15] [WARN] [1790431553.779645965] [controller_server]: RegulatedPurePursuitController detected collision ahead!
[controller_server-15] [INFO] [1790431553.879503373] [controller_server]: Passing new path to controller.
[controller_server-15] [INFO] [1790431554.929498199] [controller_server]: Passing new path to controller.
[controller_server-15] [INFO] [1790431555.929504322] [controller_server]: Passing new path to controller.
[controller_server-15] [INFO] [1790431556.979501090] [controller_server]: Passing new path to controller.
[controller_server-15] [INFO] [1790431557.979498469] [controller_server]: Passing new path to controller.
[controller_server-15] [INFO] [1790431559.029500392] [controller_server]: Passing new path to controller.
[controller_server-15] [INFO] [1790431560.029501106] [controller_server]: Passing new path to controller.
[controller_server-15] [INFO] [1790431561.079502945] [controller_server]: Passing new path to controller.
[controller_server-15] [INFO] [1790431562.079500151] [controller_server]: Passing new path to controller.
[controller_server-15] [INFO] [1790431563.129515524] [controller_server]: Passing new path to controller.
[controller_server-15] [INFO] [1790431564.129501050] [controller_server]: Passing new path to controller.
[controller_server-15] [INFO] [1790431565.179586729] [controller_server]: Passing new path to controller.
[controller_server-15] [INFO] [1790431566.179598562] [controller_server]: Passing new path to controller.
[controller_server-15] [INFO] [1790431567.179548250] [controller_server]: Passing new path to controller.
[controller_server-15] [INFO] [1790431568.229522870] [controller_server]: Passing new path to controller.
[controller_server-15] [INFO] [1790431569.229494892] [controller_server]: Passing new path to controller.
[controller_server-15] [INFO] [1790431570.279500959] [controller_server]: Passing new path to controller.
[controller_server-15] [INFO] [1790431571.279519405] [controller_server]: Passing new path to controller.
[controller_server-15] [INFO] [1790431571.779561278] [controller_server]: Reached the goal!
[bt_navigator-20] [INFO] [1790431571.809106009] [bt_navigator]: Goal succeeded
[nav_benchmark_runner.py-9] [INFO] [1790431572.817406540] [nav_benchmark_runner]: Saved trial 5 (north_east_corridor): SUCCEEDED, error=0.071 m
[INFO] [nav_benchmark_runner.py-9]: process has finished cleanly [pid 809285]
[INFO] [gz-27]: process started with pid [810852]
[gazebo-1] [WARN] [1790431573.280387844] [diff_drive_base_controller]: Velocity command timed out. Braking.
[gz-27] data: true
[gz-27] 
[INFO] [gz-27]: process has finished cleanly [pid 810852]
[INFO] [twist_to_twist_stamped_node.py-26]: sending signal 'SIGINT' to process[twist_to_twist_stamped_node.py-26]
[INFO] [lifecycle_manager-25]: sending signal 'SIGINT' to process[lifecycle_manager-25]
[INFO] [opennav_docking-24]: sending signal 'SIGINT' to process[opennav_docking-24]
[INFO] [collision_monitor-23]: sending signal 'SIGINT' to process[collision_monitor-23]
[INFO] [velocity_smoother-22]: sending signal 'SIGINT' to process[velocity_smoother-22]
[INFO] [waypoint_follower-21]: sending signal 'SIGINT' to process[waypoint_follower-21]
[INFO] [bt_navigator-20]: sending signal 'SIGINT' to process[bt_navigator-20]
[INFO] [behavior_server-19]: sending signal 'SIGINT' to process[behavior_server-19]
[INFO] [route_server-18]: sending signal 'SIGINT' to process[route_server-18]
[INFO] [planner_server-17]: sending signal 'SIGINT' to process[planner_server-17]
[INFO] [smoother_server-16]: sending signal 'SIGINT' to process[smoother_server-16]
[INFO] [controller_server-15]: sending signal 'SIGINT' to process[controller_server-15]
[INFO] [lifecycle_manager-14]: sending signal 'SIGINT' to process[lifecycle_manager-14]
[INFO] [amcl-13]: sending signal 'SIGINT' to process[amcl-13]
[INFO] [map_server-12]: sending signal 'SIGINT' to process[map_server-12]
[INFO] [ekf_node-7]: sending signal 'SIGINT' to process[ekf_node-7]
[INFO] [imu_covariance_node.py-6]: sending signal 'SIGINT' to process[imu_covariance_node.py-6]
[INFO] [parameter_bridge-5]: sending signal 'SIGINT' to process[parameter_bridge-5]
[INFO] [parameter_bridge-4]: sending signal 'SIGINT' to process[parameter_bridge-4]
[INFO] [parameter_bridge-3]: sending signal 'SIGINT' to process[parameter_bridge-3]
[INFO] [robot_state_publisher-2]: sending signal 'SIGINT' to process[robot_state_publisher-2]
[INFO] [gazebo-1]: sending signal 'SIGINT' to process[gazebo-1]
[lifecycle_manager-25] [INFO] [1790431573.436494455] [rclcpp]: signal_handler(SIGINT/SIGTERM)
[lifecycle_manager-25] [INFO] [1790431573.436671183] [lifecycle_manager_navigation]: Running Nav2 LifecycleManager rcl preshutdown (lifecycle_manager_navigation)
[lifecycle_manager-25] [INFO] [1790431573.436718010] [lifecycle_manager_navigation]: [34m[1mTerminating bond timer...[0m[0m
[opennav_docking-24] [INFO] [1790431573.440742710] [rclcpp]: signal_handler(SIGINT/SIGTERM)
[opennav_docking-24] [INFO] [1790431573.440906533] [docking_server]: Running Nav2 LifecycleNode rcl preshutdown (docking_server)
[opennav_docking-24] [INFO] [1790431573.441232980] [docking_server]: Deactivating docking_server
[velocity_smoother-22] [INFO] [1790431573.448295776] [rclcpp]: signal_handler(SIGINT/SIGTERM)
[velocity_smoother-22] [INFO] [1790431573.448445353] [velocity_smoother]: Running Nav2 LifecycleNode rcl preshutdown (velocity_smoother)
[velocity_smoother-22] [INFO] [1790431573.448537385] [velocity_smoother]: Deactivating
[velocity_smoother-22] [INFO] [1790431573.448581955] [velocity_smoother]: Destroying bond (velocity_smoother) to lifecycle manager.
[collision_monitor-23] [INFO] [1790431573.448780686] [rclcpp]: signal_handler(SIGINT/SIGTERM)
[collision_monitor-23] [INFO] [1790431573.448888726] [collision_monitor]: Running Nav2 LifecycleNode rcl preshutdown (collision_monitor)
[collision_monitor-23] [INFO] [1790431573.448968698] [collision_monitor]: Deactivating
[collision_monitor-23] [INFO] [1790431573.449011999] [collision_monitor]: Destroying bond (collision_monitor) to lifecycle manager.
[waypoint_follower-21] [INFO] [1790431573.453055599] [rclcpp]: signal_handler(SIGINT/SIGTERM)
[waypoint_follower-21] [INFO] [1790431573.453163146] [waypoint_follower]: Running Nav2 LifecycleNode rcl preshutdown (waypoint_follower)
[waypoint_follower-21] [INFO] [1790431573.453241989] [waypoint_follower]: Deactivating
[waypoint_follower-21] [INFO] [1790431573.453288887] [waypoint_follower]: Destroying bond (waypoint_follower) to lifecycle manager.
[bt_navigator-20] [INFO] [1790431573.456469366] [rclcpp]: signal_handler(SIGINT/SIGTERM)
[bt_navigator-20] [INFO] [1790431573.456543979] [bt_navigator]: Running Nav2 LifecycleNode rcl preshutdown (bt_navigator)
[bt_navigator-20] [INFO] [1790431573.456607590] [bt_navigator]: Deactivating
[bt_navigator-20] [INFO] [1790431573.456656320] [bt_navigator]: Destroying bond (bt_navigator) to lifecycle manager.
[velocity_smoother-22] [INFO] [1790431573.459065851] [velocity_smoother]: Cleaning up
[velocity_smoother-22] [INFO] [1790431573.459137713] [velocity_smoother]: Destroying bond (velocity_smoother) to lifecycle manager.
[collision_monitor-23] [INFO] [1790431573.459535882] [collision_monitor]: Cleaning up
[collision_monitor-23] [INFO] [1790431573.459578618] [collision_monitor]: [FootprintApproach]: Destroying Polygon
[collision_monitor-23] [INFO] [1790431573.459601820] [collision_monitor]: [scan]: Destroying Scan
[opennav_docking-24] [INFO] [1790431573.459807956] [docking_server]: Destroying bond (docking_server) to lifecycle manager.
[behavior_server-19] [INFO] [1790431573.460974463] [rclcpp]: signal_handler(SIGINT/SIGTERM)
[behavior_server-19] [INFO] [1790431573.461119104] [behavior_server]: Running Nav2 LifecycleNode rcl preshutdown (behavior_server)
[behavior_server-19] [INFO] [1790431573.461216284] [behavior_server]: Deactivating
[behavior_server-19] [INFO] [1790431573.461266919] [behavior_server]: Destroying bond (behavior_server) to lifecycle manager.
[waypoint_follower-21] [INFO] [1790431573.463751344] [waypoint_follower]: Cleaning up
[collision_monitor-23] [INFO] [1790431573.464045986] [collision_monitor]: Destroying bond (collision_monitor) to lifecycle manager.
[route_server-18] [INFO] [1790431573.465548814] [rclcpp]: signal_handler(SIGINT/SIGTERM)
[route_server-18] [INFO] [1790431573.465907842] [route_server]: Running Nav2 LifecycleNode rcl preshutdown (route_server)
[route_server-18] [INFO] [1790431573.465993315] [route_server]: Deactivating
[route_server-18] [INFO] [1790431573.466029916] [route_server]: Destroying bond (route_server) to lifecycle manager.
[bt_navigator-20] [INFO] [1790431573.467764902] [bt_navigator]: Cleaning up
[velocity_smoother-22] [INFO] [1790431573.469914065] [velocity_smoother]: Destroying
[opennav_docking-24] [INFO] [1790431573.470317805] [docking_server]: Cleaning up docking_server
[planner_server-17] [INFO] [1790431573.470736848] [rclcpp]: signal_handler(SIGINT/SIGTERM)
[planner_server-17] [INFO] [1790431573.470807652] [planner_server]: Running Nav2 LifecycleNode rcl preshutdown (planner_server)
[planner_server-17] [INFO] [1790431573.470864563] [planner_server]: Deactivating
[planner_server-17] [INFO] [1790431573.470915410] [global_costmap.global_costmap]: Deactivating
[behavior_server-19] [INFO] [1790431573.471901451] [behavior_server]: Cleaning up
[smoother_server-16] [INFO] [1790431573.475551467] [rclcpp]: signal_handler(SIGINT/SIGTERM)
[smoother_server-16] [INFO] [1790431573.475897237] [smoother_server]: Running Nav2 LifecycleNode rcl preshutdown (smoother_server)
[smoother_server-16] [INFO] [1790431573.475990679] [smoother_server]: Deactivating
[smoother_server-16] [INFO] [1790431573.476028549] [smoother_server]: Destroying bond (smoother_server) to lifecycle manager.
[route_server-18] [INFO] [1790431573.478359448] [route_server]: Cleaning up
[controller_server-15] [INFO] [1790431573.481248459] [rclcpp]: signal_handler(SIGINT/SIGTERM)
[controller_server-15] [INFO] [1790431573.481604385] [controller_server]: Running Nav2 LifecycleNode rcl preshutdown (controller_server)
[controller_server-15] [INFO] [1790431573.481926671] [controller_server]: Deactivating
[controller_server-15] [INFO] [1790431573.481977095] [controller_server]: Deactivating controller: FollowPath of type regulated_pure_pursuit_controller::RegulatedPurePursuitController
[controller_server-15] [INFO] [1790431573.482014330] [local_costmap.local_costmap]: Deactivating
[collision_monitor-23] [INFO] [1790431573.484184368] [collision_monitor]: Destroying
[lifecycle_manager-14] [INFO] [1790431573.486030780] [rclcpp]: signal_handler(SIGINT/SIGTERM)
[lifecycle_manager-14] [INFO] [1790431573.486450104] [lifecycle_manager_localization]: Running Nav2 LifecycleManager rcl preshutdown (lifecycle_manager_localization)
[lifecycle_manager-14] [INFO] [1790431573.486495662] [lifecycle_manager_localization]: [34m[1mTerminating bond timer...[0m[0m
[smoother_server-16] [INFO] [1790431573.486862306] [smoother_server]: Cleaning up
[amcl-13] [INFO] [1790431573.493620658] [rclcpp]: signal_handler(SIGINT/SIGTERM)
[amcl-13] [INFO] [1790431573.493777217] [amcl]: Running Nav2 LifecycleNode rcl preshutdown (amcl)
[amcl-13] [INFO] [1790431573.493863325] [amcl]: Deactivating
[amcl-13] [INFO] [1790431573.493900772] [amcl]: Destroying bond (amcl) to lifecycle manager.
[map_server-12] [INFO] [1790431573.495851979] [rclcpp]: signal_handler(SIGINT/SIGTERM)
[map_server-12] [INFO] [1790431573.495999864] [map_server]: Running Nav2 LifecycleNode rcl preshutdown (map_server)
[map_server-12] [INFO] [1790431573.496101064] [map_server]: Deactivating
[map_server-12] [INFO] [1790431573.496139569] [map_server]: Destroying bond (map_server) to lifecycle manager.
[ekf_node-7] [INFO] [1790431573.501912020] [rclcpp]: signal_handler(SIGINT/SIGTERM)
[opennav_docking-24] [INFO] [1790431573.502832123] [docking_server]: Destroying bond (docking_server) to lifecycle manager.
[amcl-13] [INFO] [1790431573.504557448] [amcl]: Cleaning up
[behavior_server-19] [INFO] [1790431573.507658660] [behavior_server]: Destroying bond (behavior_server) to lifecycle manager.
[map_server-12] [INFO] [1790431573.509110006] [map_server]: Cleaning up
[map_server-12] [INFO] [1790431573.509173053] [map_server]: Destroying bond (map_server) to lifecycle manager.
[amcl-13] [INFO] [1790431573.517709128] [amcl]: Destroying bond (amcl) to lifecycle manager.
[parameter_bridge-5] [INFO] [1790431573.523220788] [rclcpp]: signal_handler(SIGINT/SIGTERM)
[waypoint_follower-21] [INFO] [1790431573.524610216] [waypoint_follower]: Destroying bond (waypoint_follower) to lifecycle manager.
[parameter_bridge-4] [INFO] [1790431573.524811345] [rclcpp]: signal_handler(SIGINT/SIGTERM)
[smoother_server-16] [INFO] [1790431573.527342950] [smoother_server]: Destroying bond (smoother_server) to lifecycle manager.
[waypoint_follower-21] [INFO] [1790431573.533011804] [waypoint_follower]: Destroying
[parameter_bridge-3] [INFO] [1790431573.533665121] [rclcpp]: signal_handler(SIGINT/SIGTERM)
[robot_state_publisher-2] [INFO] [1790431573.539767617] [rclcpp]: signal_handler(SIGINT/SIGTERM)
[map_server-12] [INFO] [1790431573.541677639] [map_server]: Destroying
[lifecycle_manager-14] [INFO] [1790431573.543698946] [lifecycle_manager_localization]: Destroying lifecycle_manager_localization
[opennav_docking-24] [INFO] [1790431573.557250204] [docking_server]: Destroying
[smoother_server-16] [INFO] [1790431573.557482151] [smoother_server]: Destroying
[amcl-13] [INFO] [1790431573.568004765] [amcl]: Destroying
[route_server-18] [INFO] [1790431573.580649461] [route_server]: Destroying bond (route_server) to lifecycle manager.
[behavior_server-19] [INFO] [1790431573.608842744] [behavior_server]: Destroying
[route_server-18] [INFO] [1790431573.623169676] [route_server]: Destroying
[controller_server-15] [INFO] [1790431573.663997641] [controller_server]: Destroying bond (controller_server) to lifecycle manager.
[INFO] [collision_monitor-23]: process has finished cleanly [pid 809620]
[lifecycle_manager-25] [INFO] [1790431573.668374458] [lifecycle_manager_navigation]: Destroying lifecycle_manager_navigation
[bt_navigator-20] [INFO] [1790431573.672221161] [bt_navigator]: Completed Cleaning up
[bt_navigator-20] [INFO] [1790431573.672288721] [bt_navigator]: Destroying bond (bt_navigator) to lifecycle manager.
[controller_server-15] [INFO] [1790431573.674217150] [controller_server]: Cleaning up
[controller_server-15] [INFO] [1790431573.674256572] [controller_server]: Cleaning up controller: FollowPath of type regulated_pure_pursuit_controller::RegulatedPurePursuitController
[controller_server-15] [INFO] [1790431573.674322510] [local_costmap.local_costmap]: Cleaning up
[INFO] [velocity_smoother-22]: process has finished cleanly [pid 809619]
[bt_navigator-20] [INFO] [1790431573.680070490] [bt_navigator]: Destroying
[INFO] [parameter_bridge-3]: process has finished cleanly [pid 809278]
[INFO] [twist_to_twist_stamped_node.py-26]: process has finished cleanly [pid 809623]
[controller_server-15] [INFO] [1790431573.688477720] [controller_server]: Destroying bond (controller_server) to lifecycle manager.
[controller_server-15] [INFO] [1790431573.692454889] [local_costmap.local_costmap]: Destroying
[controller_server-15] [INFO] [1790431573.697536011] [controller_server]: Destroying
[INFO] [parameter_bridge-5]: process has finished cleanly [pid 809281]
[INFO] [parameter_bridge-4]: process has finished cleanly [pid 809280]
[INFO] [robot_state_publisher-2]: process has finished cleanly [pid 809277]
[INFO] [map_server-12]: process has finished cleanly [pid 809609]
[INFO] [waypoint_follower-21]: process has finished cleanly [pid 809618]
[INFO] [opennav_docking-24]: process has finished cleanly [pid 809621]
[INFO] [lifecycle_manager-14]: process has finished cleanly [pid 809611]
[INFO] [smoother_server-16]: process has finished cleanly [pid 809613]
[INFO] [amcl-13]: process has finished cleanly [pid 809610]
[INFO] [behavior_server-19]: process has finished cleanly [pid 809616]
[INFO] [ekf_node-7]: process has finished cleanly [pid 809283]
[INFO] [route_server-18]: process has finished cleanly [pid 809615]
[INFO] [imu_covariance_node.py-6]: process has finished cleanly [pid 809282]
[INFO] [lifecycle_manager-25]: process has finished cleanly [pid 809622]
[planner_server-17] [INFO] [1790431573.784560230] [planner_server]: Deactivating plugin GridBased of type NavfnPlanner
[planner_server-17] [INFO] [1790431573.784603037] [planner_server]: Destroying bond (planner_server) to lifecycle manager.
[planner_server-17] [INFO] [1790431573.794776354] [planner_server]: Cleaning up
[planner_server-17] [INFO] [1790431573.799037163] [global_costmap.global_costmap]: Cleaning up
[INFO] [bt_navigator-20]: process has finished cleanly [pid 809617]
[planner_server-17] [INFO] [1790431573.801396693] [planner_server]: Cleaning up plugin GridBased of type NavfnPlanner
[planner_server-17] [INFO] [1790431573.801694650] [planner_server]: Destroying plugin GridBased of type NavfnPlanner
[planner_server-17] [INFO] [1790431573.806266320] [planner_server]: Destroying bond (planner_server) to lifecycle manager.
[planner_server-17] [INFO] [1790431573.808310193] [global_costmap.global_costmap]: Destroying
[INFO] [controller_server-15]: process has finished cleanly [pid 809612]
[planner_server-17] [INFO] [1790431573.812773824] [planner_server]: Destroying
[INFO] [planner_server-17]: process has finished cleanly [pid 809614]
[gazebo-1] Stack trace (most recent call last) in thread 810860:
[gazebo-1] #5    Object "[0xffffffffffffffff]", at 0xffffffffffffffff, in 
[gazebo-1] #4    Object "/lib/x86_64-linux-gnu/libc.so.6", at 0x7e4fb0b29ecb, in 
[gazebo-1] #3    Object "/lib/x86_64-linux-gnu/libc.so.6", at 0x7e4fb0a9cb83, in 
[gazebo-1] #2    Object "/lib/x86_64-linux-gnu/libstdc++.so.6", at 0x7e4fab2ecdb3, in 
[gazebo-1] #1    Object "/opt/ros/jazzy/opt/gz_sim_vendor/lib/libgz-sim8.so.8", at 0x7e4faa3608f0, in 
[gazebo-1] #0    Object "/opt/ros/jazzy/opt/gz_sim_vendor/lib/libgz-sim8.so.8", at 0x7e4faa36aa7c, in 
[gazebo-1] Segmentation fault (Address not mapped to object [(nil)])
[gazebo-1] Segmentation fault (core dumped)
[ERROR] [gazebo-1]: process has died [pid 809276, exit code -2, cmd 'ruby /opt/ros/jazzy/opt/gz_tools_vendor/bin/gz sim -r -s -v 1 /home/xiayuru/robot_ws/install/diffbot_navigation/share/diffbot_navigation/worlds/nav_benchmark_world.sdf --force-version 8'].

Script done on 2026-09-26 22:06:16+08:00 [COMMAND_EXIT_CODE="0"]
