Script started on 2026-09-26 22:18:11+08:00 [COMMAND="bash -lc 'source /opt/ros/jazzy/setup.bash && source install/setup.bash && ros2 launch diffbot_navigation run_benchmark.launch.py repetitions:=3 return_to_start:=true goal_timeout_sec:=180.0 output_csv:=/home/xiayuru/robot_ws/benchmark_results/nav_benchmark_20260926T141653Z.csv'" TERM="dumb" TTY="/dev/pts/12" COLUMNS="80" LINES="24"]
[INFO] [launch]: All log files can be found below /home/xiayuru/.ros/log/2026-09-26-22-18-12-585057-xiayuru-Lenovo-ThinkBook-16p-Gen-2-813261
[INFO] [launch]: Default logging verbosity is set to INFO
[INFO] [gazebo-1]: process started with pid [813290]
[INFO] [robot_state_publisher-2]: process started with pid [813291]
[INFO] [parameter_bridge-3]: process started with pid [813292]
[INFO] [parameter_bridge-4]: process started with pid [813294]
[INFO] [parameter_bridge-5]: process started with pid [813295]
[INFO] [imu_covariance_node.py-6]: process started with pid [813296]
[INFO] [ekf_node-7]: process started with pid [813297]
[INFO] [create-8]: process started with pid [813298]
[INFO] [nav_benchmark_runner.py-9]: process started with pid [813301]
[robot_state_publisher-2] [INFO] [1790432293.103152507] [robot_state_publisher]: Robot initialized
[create-8] [INFO] [1790432293.106138992] [ros_gz_sim]: Requesting list of world names.
[ekf_node-7] [INFO] [1790432293.116395779] [ekf_filter_node]: Waiting for clock to start...
[parameter_bridge-3] [INFO] [1790432293.123069548] [ros_gz_bridge]: Creating GZ->ROS Bridge: [/clock (gz.msgs.Clock) -> /clock (rosgraph_msgs/msg/Clock)] (Lazy 0)
[parameter_bridge-4] [INFO] [1790432293.125438912] [ros_gz_bridge]: Creating GZ->ROS Bridge: [/scan (gz.msgs.LaserScan) -> /scan (sensor_msgs/msg/LaserScan)] (Lazy 0)
[parameter_bridge-5] [INFO] [1790432293.125560291] [ros_gz_bridge]: Creating GZ->ROS Bridge: [/imu (gz.msgs.IMU) -> /imu (sensor_msgs/msg/Imu)] (Lazy 0)
[create-8] [INFO] [1790432293.596451022] [ros_gz_sim]: Waiting messages on topic [robot_description].
[create-8] [INFO] [1790432293.679725225] [ros_gz_sim]: Entity creation successful.
[nav_benchmark_runner.py-9] [INFO] [1790432293.775403132] [nav_benchmark_runner]: Benchmark goals: straight_east, east_detour, south_west_corridor, north_west_turn, north_east_corridor; repetitions: 3
[INFO] [create-8]: process has finished cleanly [pid 813298]
[INFO] [spawner-10]: process started with pid [813446]
[imu_covariance_node.py-6] [INFO] [1790432293.801974674] [imu_covariance_node]: Relaying /imu/raw to /imu with fallback covariance.
[spawner-10] [INFO] [1790432294.159427897] [spawner_joint_state_broadcaster]: waiting for service /controller_manager/list_controllers to become available...
[gazebo-1] [INFO] [1790432295.351880631] [gz_ros_control]: Loading controller_manager
[gazebo-1] [INFO] [1790432295.365197349] [controller_manager]: Using ROS clock for triggering controller manager cycles.
[gazebo-1] [WARN] [1790432295.365231530] [controller_manager]: The resource manager is not yet initialized, will wait for the robot description to initialize it..
[gazebo-1] [INFO] [1790432295.372203267] [controller_manager]: Subscribing to '/robot_description' topic for robot description.
[gazebo-1] [WARN] [1790432295.372266966] [gz_ros_control]: Waiting RM to load and initialize hardware...
[gazebo-1] [WARN] [1790432296.372434027] [controller_manager]: Waiting for data on 'robot_description' topic to finish initialization
[gazebo-1] [INFO] [1790432296.604153954] [controller_manager]: Received robot description from topic.
[gazebo-1] [INFO] [1790432296.604272482] [controller_manager]: Enforcing command limits is disabled. Command limits from URDF will be ignored.
[gazebo-1] [INFO] [1790432296.608081312] [gz_ros_control]: The position_proportional_gain has been set to: 0.1
[gazebo-1] [INFO] [1790432296.608137790] [gz_ros_control]: Loading joint: left_wheel_joint
[gazebo-1] [INFO] [1790432296.608152693] [gz_ros_control]: 	State:
[gazebo-1] [INFO] [1790432296.608166551] [gz_ros_control]: 		 position
[gazebo-1] [INFO] [1790432296.608178529] [gz_ros_control]: 		 velocity
[gazebo-1] [INFO] [1790432296.608195522] [gz_ros_control]: 	Command:
[gazebo-1] [INFO] [1790432296.608206525] [gz_ros_control]: 		 velocity
[gazebo-1] [INFO] [1790432296.608225467] [gz_ros_control]: Loading joint: right_wheel_joint
[gazebo-1] [INFO] [1790432296.608235495] [gz_ros_control]: 	State:
[gazebo-1] [INFO] [1790432296.608246429] [gz_ros_control]: 		 position
[gazebo-1] [INFO] [1790432296.608261749] [gz_ros_control]: 		 velocity
[gazebo-1] [INFO] [1790432296.608270663] [gz_ros_control]: 	Command:
[gazebo-1] [INFO] [1790432296.608280622] [gz_ros_control]: 		 velocity
[gazebo-1] [INFO] [1790432296.608329231] [gz_ros_control]: Loading sensor: imu_sensor
[gazebo-1] [INFO] [1790432296.608343298] [gz_ros_control]: 	State:
[gazebo-1] [WARN] [1790432296.608354928] [gz_ros_control]: IMU sensor 'imu_sensor' not found in hardware_info, skipping.
[gazebo-1] [INFO] [1790432296.608432995] [controller_manager]: Initialize hardware 'GazeboSimSystem' 
[gazebo-1] [WARN] [1790432296.608451937] [controller_manager.hardware_component.system.GazeboSimSystem]: Executor is not available during hardware component initialization for 'GazeboSimSystem'. Skipping node creation!
[gazebo-1] [INFO] [1790432296.608507022] [controller_manager]: Successful initialization of hardware 'GazeboSimSystem'
[gazebo-1] [INFO] [1790432296.608598808] [controller_manager]: Activating component 'GazeboSimSystem'.
[gazebo-1] [INFO] [1790432296.608614686] [resource_manager]: 'configure' hardware 'GazeboSimSystem' 
[gazebo-1] [INFO] [1790432296.608621719] [gz_ros_control]: System Successfully configured!
[gazebo-1] [INFO] [1790432296.608646302] [resource_manager]: Successful 'configure' of hardware 'GazeboSimSystem'
[gazebo-1] [INFO] [1790432296.608655634] [resource_manager]: 'activate' hardware 'GazeboSimSystem' 
[gazebo-1] [INFO] [1790432296.608671234] [resource_manager]: Successful 'activate' of hardware 'GazeboSimSystem'
[gazebo-1] [WARN] [1790432296.608740734] [controller_manager]: Component 'GazeboSimSystem' does not have read or write statistics initialized, skipping registration.
[gazebo-1] [INFO] [1790432296.608753548] [controller_manager]: Resource Manager has been successfully initialized. Starting Controller Manager services...
[gazebo-1] [INFO] [1790432296.663394408] [controller_manager]: Loading controller : 'joint_state_broadcaster' of type 'joint_state_broadcaster/JointStateBroadcaster'
[gazebo-1] [INFO] [1790432296.663470803] [controller_manager]: Loading controller 'joint_state_broadcaster'
[gazebo-1] [INFO] [1790432296.669226702] [controller_manager]: Controller 'joint_state_broadcaster' node arguments: --ros-args --params-file /home/xiayuru/robot_ws/src/diffbot_controllers.yaml -p use_sim_time:=true --param use_sim_time:=true 
[spawner-10] [INFO] [1790432296.683705659] [spawner_joint_state_broadcaster]: Loaded joint_state_broadcaster
[gazebo-1] [INFO] [1790432296.684929724] [controller_manager]: Configuring controller: 'joint_state_broadcaster'
[gazebo-1] [INFO] [1790432296.685164829] [joint_state_broadcaster]: 'joints' or 'interfaces' parameter is empty. All available state interfaces will be published
[gazebo-1] [INFO] [1790432296.694932072] [controller_manager]: Activating controllers: [ joint_state_broadcaster ]
[gazebo-1] [WARN] [1790432297.397839574] [gz_ros_control]:  Desired controller update period (0.01 s) is slower than the gazebo simulation period (0.001 s).
[gazebo-1] libEGL warning: pci id for fd 96: 10de:2520, driver (null)
[gazebo-1] 
[gazebo-1] pci id for fd 97: 10de:2520, driver (null)
[gazebo-1] pci id for fd 98: 10de:2520, driver (null)
[gazebo-1] libEGL warning: egl: failed to create dri2 screen
[gazebo-1] libEGL warning: pci id for fd 96: 10de:2520, driver (null)
[gazebo-1] 
[gazebo-1] pci id for fd 97: 10de:2520, driver (null)
[gazebo-1] pci id for fd 98: 10de:2520, driver (null)
[gazebo-1] libEGL warning: egl: failed to create dri2 screen
[gazebo-1] libEGL warning: pci id for fd 96: 10de:2520, driver (null)
[gazebo-1] 
[gazebo-1] [INFO] [1790432299.389747734] [controller_manager]: Successfully switched controllers!
[spawner-10] [INFO] [1790432299.401045088] [spawner_joint_state_broadcaster]: Configured and activated joint_state_broadcaster
[INFO] [spawner-10]: process has finished cleanly [pid 813446]
[INFO] [spawner-11]: process started with pid [813600]
[spawner-11] [INFO] [1790432299.952451343] [spawner_diff_drive_base_controller]: waiting for service /controller_manager/list_controllers to become available...
[spawner-11] [INFO] [1790432300.462126176] [spawner_diff_drive_base_controller]: Setting controller param "params_file" to "['/home/xiayuru/robot_ws/install/robot_description/share/robot_description/config/controllers.yaml']" for diff_drive_base_controller
[spawner-11] [INFO] [1790432300.470400697] [spawner_diff_drive_base_controller]: Setting controller param "type" to "diff_drive_controller/DiffDriveController" for diff_drive_base_controller
[gazebo-1] [INFO] [1790432300.474696022] [controller_manager]: Loading controller : 'diff_drive_base_controller' of type 'diff_drive_controller/DiffDriveController'
[gazebo-1] [INFO] [1790432300.474758412] [controller_manager]: Loading controller 'diff_drive_base_controller'
[gazebo-1] [INFO] [1790432300.479460210] [controller_manager]: Controller 'diff_drive_base_controller' node arguments: --ros-args --params-file /home/xiayuru/robot_ws/src/diffbot_controllers.yaml -p use_sim_time:=true --params-file /home/xiayuru/robot_ws/install/robot_description/share/robot_description/config/controllers.yaml --param use_sim_time:=true 
[spawner-11] [INFO] [1790432300.500899404] [spawner_diff_drive_base_controller]: Loaded diff_drive_base_controller
[gazebo-1] [INFO] [1790432300.502312892] [controller_manager]: Configuring controller: 'diff_drive_base_controller'
[gazebo-1] [INFO] [1790432300.521922644] [controller_manager]: Activating controllers: [ diff_drive_base_controller ]
[gazebo-1] [INFO] [1790432300.529710318] [controller_manager]: Successfully switched controllers!
[spawner-11] [INFO] [1790432300.541320830] [spawner_diff_drive_base_controller]: Configured and activated diff_drive_base_controller
[INFO] [spawner-11]: process has finished cleanly [pid 813600]
[gazebo-1] [WARN] [1790432301.009537991] [diff_drive_base_controller]: Velocity command timed out. Braking.
[INFO] [map_server-12]: process started with pid [813623]
[INFO] [amcl-13]: process started with pid [813624]
[INFO] [lifecycle_manager-14]: process started with pid [813625]
[INFO] [controller_server-15]: process started with pid [813626]
[INFO] [smoother_server-16]: process started with pid [813627]
[INFO] [planner_server-17]: process started with pid [813628]
[INFO] [route_server-18]: process started with pid [813629]
[INFO] [behavior_server-19]: process started with pid [813630]
[INFO] [bt_navigator-20]: process started with pid [813631]
[INFO] [waypoint_follower-21]: process started with pid [813632]
[INFO] [velocity_smoother-22]: process started with pid [813633]
[INFO] [collision_monitor-23]: process started with pid [813634]
[INFO] [opennav_docking-24]: process started with pid [813635]
[INFO] [lifecycle_manager-25]: process started with pid [813636]
[INFO] [twist_to_twist_stamped_node.py-26]: process started with pid [813637]
[velocity_smoother-22] [INFO] [1790432301.414621726] [velocity_smoother]: 
[velocity_smoother-22] 	velocity_smoother lifecycle node launched. 
[velocity_smoother-22] 	Waiting on external lifecycle transitions to activate
[velocity_smoother-22] 	See https://design.ros2.org/articles/node_lifecycle.html for more information.
[lifecycle_manager-14] [INFO] [1790432301.423383787] [lifecycle_manager_localization]: Creating
[waypoint_follower-21] [INFO] [1790432301.452963738] [waypoint_follower]: 
[waypoint_follower-21] 	waypoint_follower lifecycle node launched. 
[waypoint_follower-21] 	Waiting on external lifecycle transitions to activate
[waypoint_follower-21] 	See https://design.ros2.org/articles/node_lifecycle.html for more information.
[waypoint_follower-21] [INFO] [1790432301.453486647] [waypoint_follower]: Creating
[lifecycle_manager-14] [INFO] [1790432301.460029207] [lifecycle_manager_localization]: [34m[1mCreating and initializing lifecycle service clients[0m[0m
[map_server-12] [INFO] [1790432301.462362354] [map_server]: 
[map_server-12] 	map_server lifecycle node launched. 
[map_server-12] 	Waiting on external lifecycle transitions to activate
[map_server-12] 	See https://design.ros2.org/articles/node_lifecycle.html for more information.
[map_server-12] [INFO] [1790432301.462543629] [map_server]: Creating
[behavior_server-19] [INFO] [1790432301.484905492] [behavior_server]: 
[behavior_server-19] 	behavior_server lifecycle node launched. 
[behavior_server-19] 	Waiting on external lifecycle transitions to activate
[behavior_server-19] 	See https://design.ros2.org/articles/node_lifecycle.html for more information.
[route_server-18] [INFO] [1790432301.509073551] [route_server]: 
[route_server-18] 	route_server lifecycle node launched. 
[route_server-18] 	Waiting on external lifecycle transitions to activate
[route_server-18] 	See https://design.ros2.org/articles/node_lifecycle.html for more information.
[collision_monitor-23] [INFO] [1790432301.511200533] [collision_monitor]: 
[collision_monitor-23] 	collision_monitor lifecycle node launched. 
[collision_monitor-23] 	Waiting on external lifecycle transitions to activate
[collision_monitor-23] 	See https://design.ros2.org/articles/node_lifecycle.html for more information.
[smoother_server-16] [INFO] [1790432301.807648936] [smoother_server]: 
[smoother_server-16] 	smoother_server lifecycle node launched. 
[smoother_server-16] 	Waiting on external lifecycle transitions to activate
[smoother_server-16] 	See https://design.ros2.org/articles/node_lifecycle.html for more information.
[smoother_server-16] [INFO] [1790432301.809651118] [smoother_server]: Creating smoother server
[lifecycle_manager-25] [INFO] [1790432301.818062831] [lifecycle_manager_navigation]: Creating
[lifecycle_manager-25] [INFO] [1790432301.826085570] [lifecycle_manager_navigation]: [34m[1mCreating and initializing lifecycle service clients[0m[0m
[controller_server-15] [INFO] [1790432301.842779246] [controller_server]: 
[controller_server-15] 	controller_server lifecycle node launched. 
[controller_server-15] 	Waiting on external lifecycle transitions to activate
[controller_server-15] 	See https://design.ros2.org/articles/node_lifecycle.html for more information.
[amcl-13] [INFO] [1790432301.847364525] [amcl]: 
[amcl-13] 	amcl lifecycle node launched. 
[amcl-13] 	Waiting on external lifecycle transitions to activate
[amcl-13] 	See https://design.ros2.org/articles/node_lifecycle.html for more information.
[amcl-13] [INFO] [1790432301.849411258] [amcl]: Creating
[controller_server-15] [INFO] [1790432301.850836218] [controller_server]: Creating controller server
[bt_navigator-20] [INFO] [1790432301.855573698] [bt_navigator]: 
[bt_navigator-20] 	bt_navigator lifecycle node launched. 
[bt_navigator-20] 	Waiting on external lifecycle transitions to activate
[bt_navigator-20] 	See https://design.ros2.org/articles/node_lifecycle.html for more information.
[bt_navigator-20] [INFO] [1790432301.857623918] [bt_navigator]: Creating
[opennav_docking-24] [INFO] [1790432301.864478201] [docking_server]: 
[opennav_docking-24] 	docking_server lifecycle node launched. 
[opennav_docking-24] 	Waiting on external lifecycle transitions to activate
[opennav_docking-24] 	See https://design.ros2.org/articles/node_lifecycle.html for more information.
[opennav_docking-24] [INFO] [1790432301.864658639] [docking_server]: Creating docking_server
[planner_server-17] [INFO] [1790432301.870109366] [planner_server]: 
[planner_server-17] 	planner_server lifecycle node launched. 
[planner_server-17] 	Waiting on external lifecycle transitions to activate
[planner_server-17] 	See https://design.ros2.org/articles/node_lifecycle.html for more information.
[planner_server-17] [INFO] [1790432301.873916976] [planner_server]: Creating
[controller_server-15] [INFO] [1790432301.890773590] [local_costmap.local_costmap]: 
[controller_server-15] 	local_costmap lifecycle node launched. 
[controller_server-15] 	Waiting on external lifecycle transitions to activate
[controller_server-15] 	See https://design.ros2.org/articles/node_lifecycle.html for more information.
[controller_server-15] [INFO] [1790432301.891612614] [local_costmap.local_costmap]: Creating Costmap
[planner_server-17] [INFO] [1790432301.915466299] [global_costmap.global_costmap]: 
[planner_server-17] 	global_costmap lifecycle node launched. 
[planner_server-17] 	Waiting on external lifecycle transitions to activate
[planner_server-17] 	See https://design.ros2.org/articles/node_lifecycle.html for more information.
[planner_server-17] [INFO] [1790432301.916368630] [global_costmap.global_costmap]: Creating Costmap
[twist_to_twist_stamped_node.py-26] [INFO] [1790432302.005247934] [twist_to_twist_stamped_node]: Converting /cmd_vel_smoothed Twist to /diff_drive_base_controller/cmd_vel TwistStamped.
[gazebo-1] [WARN] [1790432302.108755475] [diff_drive_base_controller]: Velocity command timed out. Braking.
[lifecycle_manager-25] [INFO] [1790432302.212613419] [lifecycle_manager_navigation]: [34m[1mStarting managed nodes bringup...[0m[0m
[lifecycle_manager-25] [INFO] [1790432302.212671366] [lifecycle_manager_navigation]: [34m[1mConfiguring controller_server[0m[0m
[lifecycle_manager-14] [INFO] [1790432302.447348346] [lifecycle_manager_localization]: [34m[1mStarting managed nodes bringup...[0m[0m
[lifecycle_manager-14] [INFO] [1790432302.447399250] [lifecycle_manager_localization]: [34m[1mConfiguring map_server[0m[0m
[map_server-12] [INFO] [1790432302.447710673] [map_server]: Configuring
[map_server-12] [INFO] [1790432302.447833958] [map_io]: Loading yaml file: /home/xiayuru/robot_ws/install/diffbot_navigation/share/diffbot_navigation/maps/nav_benchmark_map.yaml
[map_server-12] [INFO] [1790432302.448061144] [map_io]: resolution: 0.05
[map_server-12] [INFO] [1790432302.448072092] [map_io]: origin[0]: -4.1
[map_server-12] [INFO] [1790432302.448078856] [map_io]: origin[1]: -3.1
[map_server-12] [INFO] [1790432302.448084086] [map_io]: origin[2]: 0
[map_server-12] [INFO] [1790432302.448090223] [map_io]: free_thresh: 0.196
[map_server-12] [INFO] [1790432302.448095383] [map_io]: occupied_thresh: 0.65
[map_server-12] [INFO] [1790432302.448101589] [map_io]: mode: trinary
[map_server-12] [INFO] [1790432302.448108353] [map_io]: negate: 0
[map_server-12] [INFO] [1790432302.448261414] [map_io]: Loading image_file: /home/xiayuru/robot_ws/install/diffbot_navigation/share/diffbot_navigation/maps/nav_benchmark_map.pgm
[map_server-12] [INFO] [1790432302.448856923] [map_io]: Read map /home/xiayuru/robot_ws/install/diffbot_navigation/share/diffbot_navigation/maps/nav_benchmark_map.pgm: 164 X 124 map @ 0.05 m/cell
[lifecycle_manager-14] [INFO] [1790432302.459308461] [lifecycle_manager_localization]: [34m[1mConfiguring amcl[0m[0m
[amcl-13] [INFO] [1790432302.459540249] [amcl]: Configuring
[amcl-13] [INFO] [1790432302.459611585] [amcl]: initTransforms
[amcl-13] [INFO] [1790432302.470424403] [amcl]: initPubSub
[amcl-13] [INFO] [1790432302.481209119] [amcl]: Subscribed to map topic.
[lifecycle_manager-14] [INFO] [1790432302.488242544] [lifecycle_manager_localization]: [34m[1mActivating map_server[0m[0m
[map_server-12] [INFO] [1790432302.488502016] [map_server]: Activating
[map_server-12] [INFO] [1790432302.488787358] [map_server]: Creating bond (map_server) to lifecycle manager.
[amcl-13] [INFO] [1790432302.489192500] [amcl]: Received a 164 X 124 map @ 0.050 m/pix
[lifecycle_manager-14] [INFO] [1790432302.596080777] [lifecycle_manager_localization]: Server map_server connected with bond.
[lifecycle_manager-14] [INFO] [1790432302.596126870] [lifecycle_manager_localization]: [34m[1mActivating amcl[0m[0m
[amcl-13] [INFO] [1790432302.596371768] [amcl]: Activating
[amcl-13] [INFO] [1790432302.596413607] [amcl]: initialPoseReceived
[amcl-13] [INFO] [1790432302.596506420] [amcl]: Setting pose (3.117000): 0.300 0.000 0.000
[amcl-13] [INFO] [1790432302.596960932] [amcl]: Creating bond (amcl) to lifecycle manager.
[controller_server-15] [INFO] [1790432302.599617224] [controller_server]: Configuring controller interface
[controller_server-15] [INFO] [1790432302.599665688] [controller_server]: getting progress checker plugins..
[controller_server-15] [INFO] [1790432302.599935410] [controller_server]: getting goal checker plugins..
[controller_server-15] [INFO] [1790432302.600165455] [controller_server]: Controller frequency set to 20.0000Hz
[controller_server-15] [INFO] [1790432302.600225006] [local_costmap.local_costmap]: Configuring
[controller_server-15] [INFO] [1790432302.616111508] [local_costmap.local_costmap]: Using plugin "voxel_layer"
[controller_server-15] [INFO] [1790432302.621216153] [local_costmap.local_costmap]: Subscribed to Topics: scan
[controller_server-15] [INFO] [1790432302.636289861] [local_costmap.local_costmap]: Initialized plugin "voxel_layer"
[controller_server-15] [INFO] [1790432302.636323192] [local_costmap.local_costmap]: Using plugin "inflation_layer"
[controller_server-15] [INFO] [1790432302.637332281] [local_costmap.local_costmap]: Initialized plugin "inflation_layer"
[controller_server-15] [INFO] [1790432302.664356899] [controller_server]: Created progress_checker : progress_checker of type nav2_controller::PoseProgressChecker
[controller_server-15] [INFO] [1790432302.665123112] [controller_server]: Controller Server has progress_checker  progress checkers available.
[controller_server-15] [INFO] [1790432302.665887232] [controller_server]: Created goal checker : general_goal_checker of type nav2_controller::SimpleGoalChecker
[controller_server-15] [INFO] [1790432302.666800579] [controller_server]: Controller Server has general_goal_checker  goal checkers available.
[controller_server-15] [INFO] [1790432302.667848718] [controller_server]: Created controller : FollowPath of type nav2_regulated_pure_pursuit_controller::RegulatedPurePursuitController
[controller_server-15] [INFO] [1790432302.680445623] [controller_server]: Controller Server has FollowPath  controllers available.
[amcl-13] [INFO] [1790432302.685038506] [amcl]: createLaserObject
[lifecycle_manager-25] [INFO] [1790432302.695620093] [lifecycle_manager_navigation]: [34m[1mConfiguring smoother_server[0m[0m
[smoother_server-16] [INFO] [1790432302.695959199] [smoother_server]: Configuring smoother server
[lifecycle_manager-14] [INFO] [1790432302.706569655] [lifecycle_manager_localization]: Server amcl connected with bond.
[lifecycle_manager-14] [INFO] [1790432302.706636946] [lifecycle_manager_localization]: [34m[1mManaged nodes are active[0m[0m
[lifecycle_manager-14] [INFO] [1790432302.706653263] [lifecycle_manager_localization]: [34m[1mCreating bond timer...[0m[0m
[smoother_server-16] [INFO] [1790432302.714210096] [smoother_server]: Created smoother : simple_smoother of type nav2_smoother::SimpleSmoother
[smoother_server-16] [INFO] [1790432302.715537579] [smoother_server]: Smoother Server has simple_smoother  smoothers available.
[lifecycle_manager-25] [INFO] [1790432302.729021752] [lifecycle_manager_navigation]: [34m[1mConfiguring planner_server[0m[0m
[planner_server-17] [INFO] [1790432302.729325294] [planner_server]: Configuring
[planner_server-17] [INFO] [1790432302.729382404] [global_costmap.global_costmap]: Configuring
[planner_server-17] [INFO] [1790432302.743156033] [global_costmap.global_costmap]: Using plugin "static_layer"
[planner_server-17] [INFO] [1790432302.747280528] [global_costmap.global_costmap]: Subscribing to the map topic (/map) with transient local durability
[planner_server-17] [INFO] [1790432302.749601341] [global_costmap.global_costmap]: Initialized plugin "static_layer"
[planner_server-17] [INFO] [1790432302.749651827] [global_costmap.global_costmap]: Using plugin "inflation_layer"
[planner_server-17] [INFO] [1790432302.750678976] [global_costmap.global_costmap]: Initialized plugin "inflation_layer"
[planner_server-17] [INFO] [1790432302.783193506] [global_costmap.global_costmap]: StaticLayer: Resizing costmap to 164 X 124 at 0.050000 m/pix
[planner_server-17] [INFO] [1790432302.783599415] [planner_server]: Created global planner plugin GridBased of type nav2_navfn_planner::NavfnPlanner
[planner_server-17] [INFO] [1790432302.783642718] [planner_server]: Configuring plugin GridBased of type NavfnPlanner
[planner_server-17] [INFO] [1790432302.784682349] [planner_server]: Planner Server has GridBased  planners available.
[lifecycle_manager-25] [INFO] [1790432302.803125566] [lifecycle_manager_navigation]: [34m[1mConfiguring route_server[0m[0m
[route_server-18] [INFO] [1790432302.803446123] [route_server]: Configuring
[route_server-18] [INFO] [1790432302.841417375] [route_server]: Created GraphFileLoader GeoJsonGraphFileLoader of type nav2_route::GeoJsonGraphFileLoader
[route_server-18] [INFO] [1790432302.841472114] [route_server]: Configuring geojson graph file loader
[route_server-18] [INFO] [1790432302.841491499] [route_server]: No graph file provided to load yet.
[route_server-18] [INFO] [1790432302.844645189] [route_server]: Created edge cost function plugin DistanceScorer of type nav2_route::DistanceScorer
[route_server-18] [INFO] [1790432302.844678451] [route_server]: Configuring distance scorer.
[route_server-18] [INFO] [1790432302.845123409] [route_server]: Created edge cost function plugin CostmapScorer of type nav2_route::CostmapScorer
[route_server-18] [INFO] [1790432302.845148234] [route_server]: Configuring costmap scorer.
[route_server-18] [INFO] [1790432302.848565300] [route_server]: Created route operation AdjustSpeedLimit of type nav2_route::AdjustSpeedLimit
[route_server-18] [INFO] [1790432302.848602048] [route_server]: Configuring Adjust speed limit operation.
[route_server-18] [INFO] [1790432302.850467861] [route_server]: Created route operation ReroutingService of type nav2_route::ReroutingService
[route_server-18] [INFO] [1790432302.850512978] [route_server]: Configuring Rerouting service operation.
[route_server-18] [INFO] [1790432302.852763152] [route_server]: Created route operation CollisionMonitor of type nav2_route::CollisionMonitor
[route_server-18] [INFO] [1790432302.853095076] [route_server]: Using costmap topic: local_costmap/costmap_raw instead of server costmap topic: global_costmap/costmap_raw for CollisionMonitor.
[lifecycle_manager-25] [INFO] [1790432302.859249811] [lifecycle_manager_navigation]: [34m[1mConfiguring behavior_server[0m[0m
[behavior_server-19] [INFO] [1790432302.859511724] [behavior_server]: Configuring
[behavior_server-19] [INFO] [1790432302.865903477] [behavior_server]: Creating behavior plugin spin of type nav2_behaviors::Spin
[behavior_server-19] [INFO] [1790432302.867240235] [behavior_server]: Creating behavior plugin backup of type nav2_behaviors::BackUp
[behavior_server-19] [INFO] [1790432302.868343810] [behavior_server]: Creating behavior plugin drive_on_heading of type nav2_behaviors::DriveOnHeading
[behavior_server-19] [INFO] [1790432302.869591800] [behavior_server]: Creating behavior plugin assisted_teleop of type nav2_behaviors::AssistedTeleop
[behavior_server-19] [INFO] [1790432302.872418726] [behavior_server]: Creating behavior plugin wait of type nav2_behaviors::Wait
[behavior_server-19] [INFO] [1790432302.884939275] [behavior_server]: Configuring spin
[behavior_server-19] [INFO] [1790432302.897838258] [behavior_server]: Configuring backup
[behavior_server-19] [INFO] [1790432302.908574859] [behavior_server]: Configuring drive_on_heading
[behavior_server-19] [INFO] [1790432302.917413431] [behavior_server]: Configuring assisted_teleop
[behavior_server-19] [INFO] [1790432302.930649428] [behavior_server]: Configuring wait
[lifecycle_manager-25] [INFO] [1790432302.941616632] [lifecycle_manager_navigation]: [34m[1mConfiguring velocity_smoother[0m[0m
[velocity_smoother-22] [INFO] [1790432302.941952739] [velocity_smoother]: Configuring velocity smoother
[lifecycle_manager-25] [INFO] [1790432302.949951043] [lifecycle_manager_navigation]: [34m[1mConfiguring collision_monitor[0m[0m
[collision_monitor-23] [INFO] [1790432302.950261070] [collision_monitor]: Configuring
[collision_monitor-23] [INFO] [1790432302.964092577] [collision_monitor]: [scan]: Creating Scan
[collision_monitor-23] [INFO] [1790432302.967558664] [collision_monitor]: [FootprintApproach]: Creating Polygon
[collision_monitor-23] [INFO] [1790432302.967818694] [collision_monitor]: [FootprintApproach]: Polygon points are not defined. Using dynamic subscription instead.
[collision_monitor-23] [INFO] [1790432302.969482703] [collision_monitor]: [FootprintApproach]: Making footprint subscriber on /local_costmap/published_footprint topic
[lifecycle_manager-25] [INFO] [1790432302.987518547] [lifecycle_manager_navigation]: [34m[1mConfiguring bt_navigator[0m[0m
[bt_navigator-20] [INFO] [1790432302.987935125] [bt_navigator]: Configuring
[bt_navigator-20] [INFO] [1790432302.998194621] [bt_navigator]: Creating navigator id navigate_to_pose of type nav2_bt_navigator::NavigateToPoseNavigator
[bt_navigator-20] [INFO] [1790432303.103452020] [bt_navigator]: Creating navigator id navigate_through_poses of type nav2_bt_navigator::NavigateThroughPosesNavigator
[gazebo-1] [WARN] [1790432303.122270050] [diff_drive_base_controller]: Velocity command timed out. Braking.
[lifecycle_manager-25] [INFO] [1790432303.148322185] [lifecycle_manager_navigation]: [34m[1mConfiguring waypoint_follower[0m[0m
[waypoint_follower-21] [INFO] [1790432303.148565303] [waypoint_follower]: Configuring
[waypoint_follower-21] [INFO] [1790432303.188202724] [waypoint_follower]: Created waypoint_task_executor : wait_at_waypoint of type nav2_waypoint_follower::WaitAtWaypoint
[lifecycle_manager-25] [INFO] [1790432303.189799307] [lifecycle_manager_navigation]: [34m[1mConfiguring docking_server[0m[0m
[opennav_docking-24] [INFO] [1790432303.190270199] [docking_server]: Configuring docking_server
[opennav_docking-24] [INFO] [1790432303.190317344] [docking_server]: Controller frequency set to 50.0000Hz
[opennav_docking-24] [INFO] [1790432303.234587875] [docking_server]: Created charging dock plugin simple_charging_dock of type opennav_docking::SimpleChargingDock
[opennav_docking-24] [WARN] [1790432303.244219469] [docking_server]: Dock database filepath nor dock parameters set. Docking actions can only be executed specifying the dock pose via the action request. Or update the dock database via the reload_database service.
[opennav_docking-24] [INFO] [1790432303.244275192] [docking_server]: Docking Server has 1 dock types and 0 dock instances available.
[lifecycle_manager-25] [INFO] [1790432303.247561184] [lifecycle_manager_navigation]: [34m[1mActivating controller_server[0m[0m
[controller_server-15] [INFO] [1790432303.247773545] [controller_server]: Activating
[controller_server-15] [INFO] [1790432303.247822225] [local_costmap.local_costmap]: Activating
[controller_server-15] [INFO] [1790432303.247839730] [local_costmap.local_costmap]: Checking transform
[controller_server-15] [INFO] [1790432303.248046861] [local_costmap.local_costmap]: start
[nav_benchmark_runner.py-9] [INFO] [1790432303.286247127] [nav_benchmark_runner]: Lifecycle ready: map_server
[nav_benchmark_runner.py-9] [INFO] [1790432303.289469933] [nav_benchmark_runner]: Lifecycle ready: amcl
[controller_server-15] [INFO] [1790432303.449533419] [controller_server]: Activating controller: FollowPath of type regulated_pure_pursuit_controller::RegulatedPurePursuitController
[controller_server-15] [INFO] [1790432303.449573101] [controller_server]: Creating bond (controller_server) to lifecycle manager.
[nav_benchmark_runner.py-9] [INFO] [1790432303.454744473] [nav_benchmark_runner]: Lifecycle ready: controller_server
[lifecycle_manager-25] [INFO] [1790432303.558656125] [lifecycle_manager_navigation]: Server controller_server connected with bond.
[lifecycle_manager-25] [INFO] [1790432303.558697203] [lifecycle_manager_navigation]: [34m[1mActivating smoother_server[0m[0m
[smoother_server-16] [INFO] [1790432303.700645787] [smoother_server]: Activating
[smoother_server-16] [INFO] [1790432303.700698790] [smoother_server]: Creating bond (smoother_server) to lifecycle manager.
[nav_benchmark_runner.py-9] [INFO] [1790432303.712485245] [nav_benchmark_runner]: Lifecycle ready: smoother_server
[lifecycle_manager-25] [INFO] [1790432303.811433632] [lifecycle_manager_navigation]: Server smoother_server connected with bond.
[lifecycle_manager-25] [INFO] [1790432303.811477290] [lifecycle_manager_navigation]: [34m[1mActivating planner_server[0m[0m
[planner_server-17] [INFO] [1790432303.811774178] [planner_server]: Activating
[planner_server-17] [INFO] [1790432303.811817417] [global_costmap.global_costmap]: Activating
[planner_server-17] [INFO] [1790432303.811830250] [global_costmap.global_costmap]: Checking transform
[planner_server-17] [INFO] [1790432303.812032359] [global_costmap.global_costmap]: start
[planner_server-17] [INFO] [1790432303.862197966] [planner_server]: Activating plugin GridBased of type NavfnPlanner
[planner_server-17] [INFO] [1790432303.864387906] [planner_server]: Creating bond (planner_server) to lifecycle manager.
[nav_benchmark_runner.py-9] [INFO] [1790432303.869592963] [nav_benchmark_runner]: Lifecycle ready: planner_server
[lifecycle_manager-25] [INFO] [1790432303.974308730] [lifecycle_manager_navigation]: Server planner_server connected with bond.
[lifecycle_manager-25] [INFO] [1790432303.974350644] [lifecycle_manager_navigation]: [34m[1mActivating route_server[0m[0m
[route_server-18] [INFO] [1790432303.974747262] [route_server]: Activating
[route_server-18] [INFO] [1790432303.974952998] [route_server]: Creating bond (route_server) to lifecycle manager.
[nav_benchmark_runner.py-9] [INFO] [1790432303.979716385] [nav_benchmark_runner]: Lifecycle ready: route_server
[lifecycle_manager-25] [INFO] [1790432304.083263191] [lifecycle_manager_navigation]: Server route_server connected with bond.
[lifecycle_manager-25] [INFO] [1790432304.083302739] [lifecycle_manager_navigation]: [34m[1mActivating behavior_server[0m[0m
[behavior_server-19] [INFO] [1790432304.083618634] [behavior_server]: Activating
[behavior_server-19] [INFO] [1790432304.083662297] [behavior_server]: Activating spin
[behavior_server-19] [INFO] [1790432304.083683919] [behavior_server]: Activating backup
[behavior_server-19] [INFO] [1790432304.083703170] [behavior_server]: Activating drive_on_heading
[behavior_server-19] [INFO] [1790432304.083721653] [behavior_server]: Activating assisted_teleop
[behavior_server-19] [INFO] [1790432304.083789659] [behavior_server]: Activating wait
[behavior_server-19] [INFO] [1790432304.083814420] [behavior_server]: Creating bond (behavior_server) to lifecycle manager.
[nav_benchmark_runner.py-9] [INFO] [1790432304.091472469] [nav_benchmark_runner]: Lifecycle ready: behavior_server
[gazebo-1] [WARN] [1790432304.123680303] [diff_drive_base_controller]: Velocity command timed out. Braking.
[lifecycle_manager-25] [INFO] [1790432304.194663072] [lifecycle_manager_navigation]: Server behavior_server connected with bond.
[lifecycle_manager-25] [INFO] [1790432304.194725009] [lifecycle_manager_navigation]: [34m[1mActivating velocity_smoother[0m[0m
[velocity_smoother-22] [INFO] [1790432304.195253848] [velocity_smoother]: Activating
[velocity_smoother-22] [INFO] [1790432304.195349893] [velocity_smoother]: Creating bond (velocity_smoother) to lifecycle manager.
[nav_benchmark_runner.py-9] [INFO] [1790432304.202846542] [nav_benchmark_runner]: Lifecycle ready: velocity_smoother
[lifecycle_manager-25] [INFO] [1790432304.307383863] [lifecycle_manager_navigation]: Server velocity_smoother connected with bond.
[lifecycle_manager-25] [INFO] [1790432304.307425225] [lifecycle_manager_navigation]: [34m[1mActivating collision_monitor[0m[0m
[collision_monitor-23] [INFO] [1790432304.307876781] [collision_monitor]: Activating
[collision_monitor-23] [INFO] [1790432304.307928744] [collision_monitor]: Creating bond (collision_monitor) to lifecycle manager.
[nav_benchmark_runner.py-9] [INFO] [1790432304.315086762] [nav_benchmark_runner]: Lifecycle ready: collision_monitor
[lifecycle_manager-25] [INFO] [1790432304.422088951] [lifecycle_manager_navigation]: Server collision_monitor connected with bond.
[lifecycle_manager-25] [INFO] [1790432304.422137915] [lifecycle_manager_navigation]: [34m[1mActivating bt_navigator[0m[0m
[bt_navigator-20] [INFO] [1790432304.422557736] [bt_navigator]: Activating
[bt_navigator-20] [INFO] [1790432304.549132613] [bt_navigator]: Creating bond (bt_navigator) to lifecycle manager.
[nav_benchmark_runner.py-9] [INFO] [1790432304.555506160] [nav_benchmark_runner]: Lifecycle ready: bt_navigator
[lifecycle_manager-25] [INFO] [1790432304.660357632] [lifecycle_manager_navigation]: Server bt_navigator connected with bond.
[lifecycle_manager-25] [INFO] [1790432304.660415663] [lifecycle_manager_navigation]: [34m[1mActivating waypoint_follower[0m[0m
[waypoint_follower-21] [INFO] [1790432304.660779754] [waypoint_follower]: Activating
[waypoint_follower-21] [INFO] [1790432304.660816791] [waypoint_follower]: Creating bond (waypoint_follower) to lifecycle manager.
[nav_benchmark_runner.py-9] [INFO] [1790432304.665970284] [nav_benchmark_runner]: Lifecycle ready: waypoint_follower
[lifecycle_manager-25] [INFO] [1790432304.771429690] [lifecycle_manager_navigation]: Server waypoint_follower connected with bond.
[lifecycle_manager-25] [INFO] [1790432304.771483118] [lifecycle_manager_navigation]: [34m[1mActivating docking_server[0m[0m
[opennav_docking-24] [INFO] [1790432304.772131368] [docking_server]: Activating docking_server
[opennav_docking-24] [INFO] [1790432304.790255851] [docking_server]: Creating bond (docking_server) to lifecycle manager.
[nav_benchmark_runner.py-9] [INFO] [1790432304.797287482] [nav_benchmark_runner]: Lifecycle ready: docking_server
[nav_benchmark_runner.py-9] [INFO] [1790432304.799685880] [nav_benchmark_runner]: Controller ready: diff_drive_base_controller
[nav_benchmark_runner.py-9] [INFO] [1790432304.800163802] [nav_benchmark_runner]: Controller ready: joint_state_broadcaster
[nav_benchmark_runner.py-9] [INFO] [1790432304.800877337] [nav_benchmark_runner]: Writing CSV results to /home/xiayuru/robot_ws/benchmark_results/nav_benchmark_20260926T141653Z.csv
[bt_navigator-20] [INFO] [1790432304.809220882] [bt_navigator]: Begin navigating from current location (0.30, 0.00) to (2.80, 0.00)
[nav_benchmark_runner.py-9] [INFO] [1790432304.809667347] [nav_benchmark_runner]: Goal 'straight_east' accepted: x=2.80, y=0.00, yaw=0.0000
[controller_server-15] [INFO] [1790432304.830350581] [controller_server]: Received a goal, begin computing control effort.
[controller_server-15] [WARN] [1790432304.830391594] [controller_server]: No goal checker was specified in parameter 'current_goal_checker'. Server will use only plugin loaded general_goal_checker . This warning will appear once.
[controller_server-15] [WARN] [1790432304.830408334] [controller_server]: No progress checker was specified in parameter 'current_progress_checker'. Server will use only plugin loaded progress_checker . This warning will appear once.
[lifecycle_manager-25] [INFO] [1790432304.905275438] [lifecycle_manager_navigation]: Server docking_server connected with bond.
[lifecycle_manager-25] [INFO] [1790432304.905326495] [lifecycle_manager_navigation]: [34m[1mManaged nodes are active[0m[0m
[lifecycle_manager-25] [INFO] [1790432304.905341700] [lifecycle_manager_navigation]: [34m[1mCreating bond timer...[0m[0m
[controller_server-15] [INFO] [1790432305.880525359] [controller_server]: Passing new path to controller.
[controller_server-15] [INFO] [1790432306.930524404] [controller_server]: Passing new path to controller.
[controller_server-15] [INFO] [1790432307.930524376] [controller_server]: Passing new path to controller.
[controller_server-15] [INFO] [1790432308.980523400] [controller_server]: Passing new path to controller.
[controller_server-15] [INFO] [1790432309.980518572] [controller_server]: Passing new path to controller.
[controller_server-15] [INFO] [1790432311.030524737] [controller_server]: Passing new path to controller.
[controller_server-15] [INFO] [1790432312.030520276] [controller_server]: Passing new path to controller.
[controller_server-15] [INFO] [1790432313.080521634] [controller_server]: Passing new path to controller.
[controller_server-15] [INFO] [1790432314.080521207] [controller_server]: Passing new path to controller.
[controller_server-15] [INFO] [1790432315.130522973] [controller_server]: Passing new path to controller.
[controller_server-15] [INFO] [1790432316.130523291] [controller_server]: Passing new path to controller.
[controller_server-15] [INFO] [1790432317.180522336] [controller_server]: Passing new path to controller.
[controller_server-15] [INFO] [1790432317.230554064] [controller_server]: Reached the goal!
[bt_navigator-20] [INFO] [1790432317.259686718] [bt_navigator]: Goal succeeded
[bt_navigator-20] [INFO] [1790432318.261154457] [bt_navigator]: Begin navigating from current location (2.73, -0.00) to (0.30, 0.00)
[nav_benchmark_runner.py-9] [INFO] [1790432318.261789590] [nav_benchmark_runner]: Goal 'return_to_start' accepted: x=0.30, y=0.00, yaw=0.0000
[controller_server-15] [INFO] [1790432318.272113514] [controller_server]: Received a goal, begin computing control effort.
[controller_server-15] [INFO] [1790432319.322269300] [controller_server]: Passing new path to controller.
[controller_server-15] [INFO] [1790432320.322285299] [controller_server]: Passing new path to controller.
[controller_server-15] [INFO] [1790432321.372279539] [controller_server]: Passing new path to controller.
[controller_server-15] [INFO] [1790432322.372275904] [controller_server]: Passing new path to controller.
[controller_server-15] [INFO] [1790432323.422272640] [controller_server]: Passing new path to controller.
[controller_server-15] [INFO] [1790432324.422430468] [controller_server]: Passing new path to controller.
[collision_monitor-23] [INFO] [1790432325.005748225] [collision_monitor]: Robot to approach for 1.200000 seconds away from collision
[controller_server-15] [WARN] [1790432325.022717897] [controller_server]: RegulatedPurePursuitController detected collision ahead!
[collision_monitor-23] [INFO] [1790432325.065885573] [collision_monitor]: Robot to continue normal operation
[collision_monitor-23] [INFO] [1790432325.105768898] [collision_monitor]: Robot to approach for 1.200000 seconds away from collision
[controller_server-15] [WARN] [1790432325.122670072] [controller_server]: RegulatedPurePursuitController detected collision ahead!
[collision_monitor-23] [INFO] [1790432325.165847314] [collision_monitor]: Robot to continue normal operation
[controller_server-15] [WARN] [1790432325.172496874] [controller_server]: RegulatedPurePursuitController detected collision ahead!
[controller_server-15] [WARN] [1790432325.222652202] [controller_server]: RegulatedPurePursuitController detected collision ahead!
[controller_server-15] [WARN] [1790432325.322661005] [controller_server]: RegulatedPurePursuitController detected collision ahead!
[controller_server-15] [WARN] [1790432325.372680872] [controller_server]: RegulatedPurePursuitController detected collision ahead!
[controller_server-15] [WARN] [1790432325.423321204] [controller_server]: RegulatedPurePursuitController detected collision ahead!
[controller_server-15] [INFO] [1790432325.472279594] [controller_server]: Passing new path to controller.
[collision_monitor-23] [INFO] [1790432325.805800564] [collision_monitor]: Robot to approach for 1.200000 seconds away from collision
[collision_monitor-23] [INFO] [1790432325.865928765] [collision_monitor]: Robot to continue normal operation
[collision_monitor-23] [INFO] [1790432325.905862224] [collision_monitor]: Robot to approach for 1.200000 seconds away from collision
[collision_monitor-23] [INFO] [1790432325.965840581] [collision_monitor]: Robot to continue normal operation
[controller_server-15] [WARN] [1790432325.972659187] [controller_server]: RegulatedPurePursuitController detected collision ahead!
[controller_server-15] [WARN] [1790432326.022690777] [controller_server]: RegulatedPurePursuitController detected collision ahead!
[controller_server-15] [WARN] [1790432326.172727689] [controller_server]: RegulatedPurePursuitController detected collision ahead!
[controller_server-15] [WARN] [1790432326.223104753] [controller_server]: RegulatedPurePursuitController detected collision ahead!
[controller_server-15] [WARN] [1790432326.422643067] [controller_server]: RegulatedPurePursuitController detected collision ahead!
[controller_server-15] [INFO] [1790432326.472281184] [controller_server]: Passing new path to controller.
[collision_monitor-23] [INFO] [1790432326.505791717] [collision_monitor]: Robot to approach for 1.200000 seconds away from collision
[collision_monitor-23] [INFO] [1790432326.565973529] [collision_monitor]: Robot to continue normal operation
[collision_monitor-23] [INFO] [1790432326.605775338] [collision_monitor]: Robot to approach for 1.200000 seconds away from collision
[controller_server-15] [WARN] [1790432326.622666657] [controller_server]: RegulatedPurePursuitController detected collision ahead!
[collision_monitor-23] [INFO] [1790432326.665823786] [collision_monitor]: Robot to continue normal operation
[collision_monitor-23] [INFO] [1790432326.705748975] [collision_monitor]: Robot to approach for 1.200000 seconds away from collision
[controller_server-15] [WARN] [1790432326.722718915] [controller_server]: RegulatedPurePursuitController detected collision ahead!
[collision_monitor-23] [INFO] [1790432326.765833591] [collision_monitor]: Robot to continue normal operation
[controller_server-15] [WARN] [1790432326.772534175] [controller_server]: RegulatedPurePursuitController detected collision ahead!
[controller_server-15] [WARN] [1790432326.822750924] [controller_server]: RegulatedPurePursuitController detected collision ahead!
[controller_server-15] [WARN] [1790432326.972544220] [controller_server]: RegulatedPurePursuitController detected collision ahead!
[controller_server-15] [WARN] [1790432327.022651577] [controller_server]: RegulatedPurePursuitController detected collision ahead!
[controller_server-15] [WARN] [1790432327.072543244] [controller_server]: RegulatedPurePursuitController detected collision ahead!
[controller_server-15] [WARN] [1790432327.122773484] [controller_server]: RegulatedPurePursuitController detected collision ahead!
[controller_server-15] [WARN] [1790432327.172714935] [controller_server]: RegulatedPurePursuitController detected collision ahead!
[controller_server-15] [WARN] [1790432327.222599271] [controller_server]: RegulatedPurePursuitController detected collision ahead!
[controller_server-15] [INFO] [1790432327.522275629] [controller_server]: Passing new path to controller.
[collision_monitor-23] [INFO] [1790432327.806126166] [collision_monitor]: Robot to approach for 1.200000 seconds away from collision
[collision_monitor-23] [INFO] [1790432327.865866799] [collision_monitor]: Robot to continue normal operation
[collision_monitor-23] [INFO] [1790432327.905764129] [collision_monitor]: Robot to approach for 1.200000 seconds away from collision
[collision_monitor-23] [INFO] [1790432327.965858765] [collision_monitor]: Robot to continue normal operation
[controller_server-15] [WARN] [1790432327.972524217] [controller_server]: RegulatedPurePursuitController detected collision ahead!
[controller_server-15] [WARN] [1790432328.022677119] [controller_server]: RegulatedPurePursuitController detected collision ahead!
[controller_server-15] [WARN] [1790432328.172527618] [controller_server]: RegulatedPurePursuitController detected collision ahead!
[controller_server-15] [WARN] [1790432328.222617708] [controller_server]: RegulatedPurePursuitController detected collision ahead!
[controller_server-15] [WARN] [1790432328.272538479] [controller_server]: RegulatedPurePursuitController detected collision ahead!
[controller_server-15] [WARN] [1790432328.322607204] [controller_server]: RegulatedPurePursuitController detected collision ahead!
[controller_server-15] [WARN] [1790432328.372513312] [controller_server]: RegulatedPurePursuitController detected collision ahead!
[controller_server-15] [WARN] [1790432328.422643829] [controller_server]: RegulatedPurePursuitController detected collision ahead!
[controller_server-15] [INFO] [1790432328.522272274] [controller_server]: Passing new path to controller.
[controller_server-15] [WARN] [1790432328.622610392] [controller_server]: RegulatedPurePursuitController detected collision ahead!
[controller_server-15] [WARN] [1790432329.022721606] [controller_server]: RegulatedPurePursuitController detected collision ahead!
[collision_monitor-23] [INFO] [1790432329.105979881] [collision_monitor]: Robot to approach for 1.200000 seconds away from collision
[collision_monitor-23] [INFO] [1790432329.165845775] [collision_monitor]: Robot to continue normal operation
[collision_monitor-23] [INFO] [1790432329.205822307] [collision_monitor]: Robot to approach for 1.200000 seconds away from collision
[controller_server-15] [WARN] [1790432329.222593370] [controller_server]: RegulatedPurePursuitController detected collision ahead!
[collision_monitor-23] [INFO] [1790432329.265821281] [collision_monitor]: Robot to continue normal operation
[collision_monitor-23] [INFO] [1790432329.305752219] [collision_monitor]: Robot to approach for 1.200000 seconds away from collision
[controller_server-15] [WARN] [1790432329.322759629] [controller_server]: RegulatedPurePursuitController detected collision ahead!
[collision_monitor-23] [INFO] [1790432329.365817105] [collision_monitor]: Robot to continue normal operation
[controller_server-15] [WARN] [1790432329.372692851] [controller_server]: RegulatedPurePursuitController detected collision ahead!
[controller_server-15] [WARN] [1790432329.422529161] [controller_server]: RegulatedPurePursuitController detected collision ahead!
[controller_server-15] [WARN] [1790432329.522868018] [controller_server]: RegulatedPurePursuitController detected collision ahead!
[controller_server-15] [INFO] [1790432329.572276252] [controller_server]: Passing new path to controller.
[controller_server-15] [WARN] [1790432329.572700558] [controller_server]: RegulatedPurePursuitController detected collision ahead!
[controller_server-15] [WARN] [1790432329.622639435] [controller_server]: RegulatedPurePursuitController detected collision ahead!
[collision_monitor-23] [INFO] [1790432330.105750369] [collision_monitor]: Robot to approach for 1.200000 seconds away from collision
[controller_server-15] [WARN] [1790432330.122625577] [controller_server]: RegulatedPurePursuitController detected collision ahead!
[collision_monitor-23] [INFO] [1790432330.165811649] [collision_monitor]: Robot to continue normal operation
[controller_server-15] [WARN] [1790432330.172626372] [controller_server]: RegulatedPurePursuitController detected collision ahead!
[controller_server-15] [WARN] [1790432330.222686794] [controller_server]: RegulatedPurePursuitController detected collision ahead!
[controller_server-15] [WARN] [1790432330.322738028] [controller_server]: RegulatedPurePursuitController detected collision ahead!
[controller_server-15] [WARN] [1790432330.372603022] [controller_server]: RegulatedPurePursuitController detected collision ahead!
[controller_server-15] [WARN] [1790432330.422580636] [controller_server]: RegulatedPurePursuitController detected collision ahead!
[controller_server-15] [INFO] [1790432330.572273716] [controller_server]: Passing new path to controller.
[collision_monitor-23] [INFO] [1790432330.905753669] [collision_monitor]: Robot to approach for 1.200000 seconds away from collision
[collision_monitor-23] [INFO] [1790432330.965823746] [collision_monitor]: Robot to continue normal operation
[controller_server-15] [WARN] [1790432330.972599509] [controller_server]: RegulatedPurePursuitController detected collision ahead!
[controller_server-15] [WARN] [1790432331.022590881] [controller_server]: RegulatedPurePursuitController detected collision ahead!
[controller_server-15] [WARN] [1790432331.122620923] [controller_server]: RegulatedPurePursuitController detected collision ahead!
[controller_server-15] [WARN] [1790432331.172545353] [controller_server]: RegulatedPurePursuitController detected collision ahead!
[controller_server-15] [WARN] [1790432331.222657319] [controller_server]: RegulatedPurePursuitController detected collision ahead!
[controller_server-15] [WARN] [1790432331.372493585] [controller_server]: RegulatedPurePursuitController detected collision ahead!
[controller_server-15] [WARN] [1790432331.422525328] [controller_server]: RegulatedPurePursuitController detected collision ahead!
[controller_server-15] [INFO] [1790432331.622270244] [controller_server]: Passing new path to controller.
[collision_monitor-23] [INFO] [1790432331.905765580] [collision_monitor]: Robot to approach for 1.200000 seconds away from collision
[collision_monitor-23] [INFO] [1790432331.965825804] [collision_monitor]: Robot to continue normal operation
[controller_server-15] [WARN] [1790432331.972513251] [controller_server]: RegulatedPurePursuitController detected collision ahead!
[controller_server-15] [WARN] [1790432332.022553458] [controller_server]: RegulatedPurePursuitController detected collision ahead!
[controller_server-15] [WARN] [1790432332.172460313] [controller_server]: RegulatedPurePursuitController detected collision ahead!
[controller_server-15] [WARN] [1790432332.222778642] [controller_server]: RegulatedPurePursuitController detected collision ahead!
[controller_server-15] [WARN] [1790432332.372515836] [controller_server]: RegulatedPurePursuitController detected collision ahead!
[controller_server-15] [WARN] [1790432332.422573040] [controller_server]: RegulatedPurePursuitController detected collision ahead!
[collision_monitor-23] [INFO] [1790432332.605750731] [collision_monitor]: Robot to approach for 1.200000 seconds away from collision
[controller_server-15] [INFO] [1790432332.622272832] [controller_server]: Passing new path to controller.
[controller_server-15] [WARN] [1790432332.622734409] [controller_server]: RegulatedPurePursuitController detected collision ahead!
[collision_monitor-23] [INFO] [1790432332.665809028] [collision_monitor]: Robot to continue normal operation
[collision_monitor-23] [INFO] [1790432332.705807328] [collision_monitor]: Robot to approach for 1.200000 seconds away from collision
[collision_monitor-23] [INFO] [1790432332.765820312] [collision_monitor]: Robot to continue normal operation
[collision_monitor-23] [INFO] [1790432332.805746418] [collision_monitor]: Robot to approach for 1.200000 seconds away from collision
[controller_server-15] [WARN] [1790432332.822486007] [controller_server]: RegulatedPurePursuitController detected collision ahead!
[collision_monitor-23] [INFO] [1790432332.865815887] [collision_monitor]: Robot to continue normal operation
[collision_monitor-23] [INFO] [1790432332.905753513] [collision_monitor]: Robot to approach for 1.200000 seconds away from collision
[collision_monitor-23] [INFO] [1790432332.965848326] [collision_monitor]: Robot to continue normal operation
[controller_server-15] [WARN] [1790432333.022487596] [controller_server]: RegulatedPurePursuitController detected collision ahead!
[collision_monitor-23] [INFO] [1790432333.205767590] [collision_monitor]: Robot to approach for 1.200000 seconds away from collision
[controller_server-15] [WARN] [1790432333.222499918] [controller_server]: RegulatedPurePursuitController detected collision ahead!
[collision_monitor-23] [INFO] [1790432333.265832581] [collision_monitor]: Robot to continue normal operation
[collision_monitor-23] [INFO] [1790432333.305746766] [collision_monitor]: Robot to approach for 1.200000 seconds away from collision
[collision_monitor-23] [INFO] [1790432333.365801773] [collision_monitor]: Robot to continue normal operation
[collision_monitor-23] [INFO] [1790432333.405760922] [collision_monitor]: Robot to approach for 1.200000 seconds away from collision
[controller_server-15] [WARN] [1790432333.422591974] [controller_server]: RegulatedPurePursuitController detected collision ahead!
[collision_monitor-23] [INFO] [1790432333.465805735] [collision_monitor]: Robot to continue normal operation
[collision_monitor-23] [INFO] [1790432333.505789041] [collision_monitor]: Robot to approach for 1.200000 seconds away from collision
[collision_monitor-23] [INFO] [1790432333.565804390] [collision_monitor]: Robot to continue normal operation
[collision_monitor-23] [INFO] [1790432333.605773314] [collision_monitor]: Robot to approach for 1.200000 seconds away from collision
[collision_monitor-23] [INFO] [1790432333.665964118] [collision_monitor]: Robot to continue normal operation
[controller_server-15] [INFO] [1790432333.672268074] [controller_server]: Passing new path to controller.
[collision_monitor-23] [INFO] [1790432333.705738177] [collision_monitor]: Robot to approach for 1.200000 seconds away from collision
[collision_monitor-23] [INFO] [1790432333.765858395] [collision_monitor]: Robot to continue normal operation
[collision_monitor-23] [INFO] [1790432333.805768600] [collision_monitor]: Robot to approach for 1.200000 seconds away from collision
[collision_monitor-23] [INFO] [1790432333.865803918] [collision_monitor]: Robot to continue normal operation
[collision_monitor-23] [INFO] [1790432333.905742819] [collision_monitor]: Robot to approach for 1.200000 seconds away from collision
[collision_monitor-23] [INFO] [1790432333.965793428] [collision_monitor]: Robot to continue normal operation
[controller_server-15] [WARN] [1790432334.222489499] [controller_server]: RegulatedPurePursuitController detected collision ahead!
[controller_server-15] [WARN] [1790432334.422484558] [controller_server]: RegulatedPurePursuitController detected collision ahead!
[controller_server-15] [INFO] [1790432334.672269032] [controller_server]: Passing new path to controller.
[controller_server-15] [INFO] [1790432335.722272710] [controller_server]: Passing new path to controller.
[controller_server-15] [INFO] [1790432336.722269802] [controller_server]: Passing new path to controller.
[controller_server-15] [INFO] [1790432337.722268465] [controller_server]: Passing new path to controller.
[controller_server-15] [INFO] [1790432338.772281528] [controller_server]: Passing new path to controller.
[controller_server-15] [INFO] [1790432339.772265417] [controller_server]: Passing new path to controller.
[controller_server-15] [INFO] [1790432340.822370242] [controller_server]: Passing new path to controller.
[controller_server-15] [INFO] [1790432341.822355719] [controller_server]: Passing new path to controller.
[controller_server-15] [INFO] [1790432342.872275710] [controller_server]: Passing new path to controller.
[controller_server-15] [INFO] [1790432343.872274640] [controller_server]: Passing new path to controller.
[controller_server-15] [INFO] [1790432344.922296908] [controller_server]: Passing new path to controller.
[controller_server-15] [INFO] [1790432345.922283564] [controller_server]: Passing new path to controller.
[controller_server-15] [INFO] [1790432346.972295789] [controller_server]: Passing new path to controller.
[controller_server-15] [INFO] [1790432347.972275374] [controller_server]: Passing new path to controller.
[controller_server-15] [INFO] [1790432349.022267181] [controller_server]: Passing new path to controller.
[controller_server-15] [INFO] [1790432350.022269133] [controller_server]: Passing new path to controller.
[controller_server-15] [INFO] [1790432351.072267078] [controller_server]: Passing new path to controller.
[controller_server-15] [INFO] [1790432352.072266000] [controller_server]: Passing new path to controller.
[controller_server-15] [INFO] [1790432353.122266955] [controller_server]: Passing new path to controller.
[controller_server-15] [INFO] [1790432354.122268409] [controller_server]: Passing new path to controller.
[controller_server-15] [INFO] [1790432355.172268289] [controller_server]: Passing new path to controller.
[controller_server-15] [INFO] [1790432356.172265608] [controller_server]: Passing new path to controller.
[controller_server-15] [INFO] [1790432356.672296057] [controller_server]: Reached the goal!
[bt_navigator-20] [INFO] [1790432356.701518984] [bt_navigator]: Goal succeeded
[nav_benchmark_runner.py-9] [INFO] [1790432357.709291423] [nav_benchmark_runner]: Saved trial 1 (straight_east): SUCCEEDED, error=0.074 m
[bt_navigator-20] [INFO] [1790432357.710124073] [bt_navigator]: Begin navigating from current location (0.36, -0.00) to (2.80, -2.00)
[nav_benchmark_runner.py-9] [INFO] [1790432357.710652132] [nav_benchmark_runner]: Goal 'east_detour' accepted: x=2.80, y=-2.00, yaw=-1.5708
[controller_server-15] [INFO] [1790432357.731155610] [controller_server]: Received a goal, begin computing control effort.
[controller_server-15] [WARN] [1790432358.431658701] [controller_server]: RegulatedPurePursuitController detected collision ahead!
[collision_monitor-23] [INFO] [1790432358.505757680] [collision_monitor]: Robot to approach for 1.200000 seconds away from collision
[collision_monitor-23] [INFO] [1790432358.565838682] [collision_monitor]: Robot to continue normal operation
[controller_server-15] [WARN] [1790432358.631615578] [controller_server]: RegulatedPurePursuitController detected collision ahead!
[controller_server-15] [INFO] [1790432358.781355612] [controller_server]: Passing new path to controller.
[controller_server-15] [WARN] [1790432358.831643802] [controller_server]: RegulatedPurePursuitController detected collision ahead!
[controller_server-15] [WARN] [1790432359.031815093] [controller_server]: RegulatedPurePursuitController detected collision ahead!
[collision_monitor-23] [INFO] [1790432359.106043738] [collision_monitor]: Robot to approach for 1.200000 seconds away from collision
[collision_monitor-23] [INFO] [1790432359.165831576] [collision_monitor]: Robot to continue normal operation
[collision_monitor-23] [INFO] [1790432359.205704167] [collision_monitor]: Robot to approach for 1.200000 seconds away from collision
[controller_server-15] [WARN] [1790432359.231743177] [controller_server]: RegulatedPurePursuitController detected collision ahead!
[collision_monitor-23] [INFO] [1790432359.265871782] [collision_monitor]: Robot to continue normal operation
[controller_server-15] [WARN] [1790432359.431904990] [controller_server]: RegulatedPurePursuitController detected collision ahead!
[collision_monitor-23] [INFO] [1790432359.505735008] [collision_monitor]: Robot to approach for 1.200000 seconds away from collision
[collision_monitor-23] [INFO] [1790432359.565812078] [collision_monitor]: Robot to continue normal operation
[controller_server-15] [WARN] [1790432359.631749928] [controller_server]: RegulatedPurePursuitController detected collision ahead!
[controller_server-15] [INFO] [1790432359.831357714] [controller_server]: Passing new path to controller.
[controller_server-15] [WARN] [1790432359.831928217] [controller_server]: RegulatedPurePursuitController detected collision ahead!
[collision_monitor-23] [INFO] [1790432359.905715580] [collision_monitor]: Robot to approach for 1.200000 seconds away from collision
[collision_monitor-23] [INFO] [1790432359.965842076] [collision_monitor]: Robot to continue normal operation
[controller_server-15] [WARN] [1790432360.031747139] [controller_server]: RegulatedPurePursuitController detected collision ahead!
[collision_monitor-23] [INFO] [1790432360.105726028] [collision_monitor]: Robot to approach for 1.200000 seconds away from collision
[collision_monitor-23] [INFO] [1790432360.166030178] [collision_monitor]: Robot to continue normal operation
[controller_server-15] [WARN] [1790432360.231816720] [controller_server]: RegulatedPurePursuitController detected collision ahead!
[controller_server-15] [WARN] [1790432360.431611103] [controller_server]: RegulatedPurePursuitController detected collision ahead!
[collision_monitor-23] [INFO] [1790432360.605842002] [collision_monitor]: Robot to approach for 1.200000 seconds away from collision
[controller_server-15] [WARN] [1790432360.631599772] [controller_server]: RegulatedPurePursuitController detected collision ahead!
[collision_monitor-23] [INFO] [1790432360.665860272] [collision_monitor]: Robot to continue normal operation
[collision_monitor-23] [INFO] [1790432360.705692105] [collision_monitor]: Robot to approach for 1.200000 seconds away from collision
[collision_monitor-23] [INFO] [1790432360.765845043] [collision_monitor]: Robot to continue normal operation
[collision_monitor-23] [INFO] [1790432360.805693561] [collision_monitor]: Robot to approach for 1.200000 seconds away from collision
[controller_server-15] [INFO] [1790432360.831363647] [controller_server]: Passing new path to controller.
[controller_server-15] [WARN] [1790432360.831934289] [controller_server]: RegulatedPurePursuitController detected collision ahead!
[collision_monitor-23] [INFO] [1790432360.865809637] [collision_monitor]: Robot to continue normal operation
[collision_monitor-23] [INFO] [1790432360.905732016] [collision_monitor]: Robot to approach for 1.200000 seconds away from collision
[collision_monitor-23] [INFO] [1790432360.965858914] [collision_monitor]: Robot to continue normal operation
[collision_monitor-23] [INFO] [1790432361.005749872] [collision_monitor]: Robot to approach for 1.200000 seconds away from collision
[controller_server-15] [WARN] [1790432361.031644019] [controller_server]: RegulatedPurePursuitController detected collision ahead!
[collision_monitor-23] [INFO] [1790432361.066145533] [collision_monitor]: Robot to continue normal operation
[collision_monitor-23] [INFO] [1790432361.105742953] [collision_monitor]: Robot to approach for 1.200000 seconds away from collision
[collision_monitor-23] [INFO] [1790432361.165880660] [collision_monitor]: Robot to continue normal operation
[collision_monitor-23] [INFO] [1790432361.205716348] [collision_monitor]: Robot to approach for 1.200000 seconds away from collision
[controller_server-15] [WARN] [1790432361.231601629] [controller_server]: RegulatedPurePursuitController detected collision ahead!
[collision_monitor-23] [INFO] [1790432361.265864526] [collision_monitor]: Robot to continue normal operation
[collision_monitor-23] [INFO] [1790432361.305700633] [collision_monitor]: Robot to approach for 1.200000 seconds away from collision
[collision_monitor-23] [INFO] [1790432361.365834221] [collision_monitor]: Robot to continue normal operation
[controller_server-15] [WARN] [1790432361.381600710] [controller_server]: RegulatedPurePursuitController detected collision ahead!
[controller_server-15] [WARN] [1790432361.431726298] [controller_server]: RegulatedPurePursuitController detected collision ahead!
[collision_monitor-23] [INFO] [1790432361.566253356] [collision_monitor]: Robot to approach for 1.200000 seconds away from collision
[controller_server-15] [WARN] [1790432361.581655917] [controller_server]: RegulatedPurePursuitController detected collision ahead!
[collision_monitor-23] [INFO] [1790432361.605765816] [collision_monitor]: Robot to continue normal operation
[controller_server-15] [WARN] [1790432361.631816900] [controller_server]: RegulatedPurePursuitController detected collision ahead!
[collision_monitor-23] [INFO] [1790432361.765809758] [collision_monitor]: Robot to approach for 1.200000 seconds away from collision
[controller_server-15] [WARN] [1790432361.781830642] [controller_server]: RegulatedPurePursuitController detected collision ahead!
[collision_monitor-23] [INFO] [1790432361.805833519] [collision_monitor]: Robot to continue normal operation
[controller_server-15] [WARN] [1790432361.831834338] [controller_server]: RegulatedPurePursuitController detected collision ahead!
[controller_server-15] [INFO] [1790432361.881355217] [controller_server]: Passing new path to controller.
[collision_monitor-23] [INFO] [1790432361.965815817] [collision_monitor]: Robot to approach for 1.200000 seconds away from collision
[controller_server-15] [WARN] [1790432361.981793976] [controller_server]: RegulatedPurePursuitController detected collision ahead!
[collision_monitor-23] [INFO] [1790432362.005704556] [collision_monitor]: Robot to continue normal operation
[controller_server-15] [WARN] [1790432362.031742971] [controller_server]: RegulatedPurePursuitController detected collision ahead!
[controller_server-15] [WARN] [1790432362.181692783] [controller_server]: RegulatedPurePursuitController detected collision ahead!
[controller_server-15] [WARN] [1790432362.431734683] [controller_server]: RegulatedPurePursuitController detected collision ahead!
[controller_server-15] [WARN] [1790432362.481870050] [controller_server]: RegulatedPurePursuitController detected collision ahead!
[controller_server-15] [WARN] [1790432362.531707531] [controller_server]: RegulatedPurePursuitController detected collision ahead!
[controller_server-15] [WARN] [1790432362.581617477] [controller_server]: RegulatedPurePursuitController detected collision ahead!
[controller_server-15] [WARN] [1790432362.631589135] [controller_server]: RegulatedPurePursuitController detected collision ahead!
[controller_server-15] [INFO] [1790432362.881354720] [controller_server]: Passing new path to controller.
[collision_monitor-23] [INFO] [1790432363.105712166] [collision_monitor]: Robot to approach for 1.200000 seconds away from collision
[collision_monitor-23] [INFO] [1790432363.365844398] [collision_monitor]: Robot to continue normal operation
[controller_server-15] [WARN] [1790432363.531795608] [controller_server]: RegulatedPurePursuitController detected collision ahead!
[controller_server-15] [WARN] [1790432363.581603429] [controller_server]: RegulatedPurePursuitController detected collision ahead!
[controller_server-15] [WARN] [1790432363.631608049] [controller_server]: RegulatedPurePursuitController detected collision ahead!
[controller_server-15] [INFO] [1790432363.931353451] [controller_server]: Passing new path to controller.
[collision_monitor-23] [INFO] [1790432364.105713345] [collision_monitor]: Robot to approach for 1.200000 seconds away from collision
[controller_server-15] [WARN] [1790432364.131585618] [controller_server]: RegulatedPurePursuitController detected collision ahead!
[collision_monitor-23] [INFO] [1790432364.165944034] [collision_monitor]: Robot to continue normal operation
[controller_server-15] [WARN] [1790432364.431700336] [controller_server]: RegulatedPurePursuitController detected collision ahead!
[controller_server-15] [WARN] [1790432364.481726751] [controller_server]: RegulatedPurePursuitController detected collision ahead!
[controller_server-15] [WARN] [1790432364.531624154] [controller_server]: RegulatedPurePursuitController detected collision ahead!
[controller_server-15] [WARN] [1790432364.581583480] [controller_server]: RegulatedPurePursuitController detected collision ahead!
[controller_server-15] [WARN] [1790432364.631753009] [controller_server]: RegulatedPurePursuitController detected collision ahead!
[controller_server-15] [INFO] [1790432364.931352169] [controller_server]: Passing new path to controller.
[collision_monitor-23] [INFO] [1790432365.007011537] [collision_monitor]: Robot to approach for 1.200000 seconds away from collision
[collision_monitor-23] [INFO] [1790432365.065824572] [collision_monitor]: Robot to continue normal operation
[collision_monitor-23] [INFO] [1790432365.105770517] [collision_monitor]: Robot to approach for 1.200000 seconds away from collision
[collision_monitor-23] [INFO] [1790432365.205732068] [collision_monitor]: Robot to continue normal operation
[controller_server-15] [WARN] [1790432365.431688401] [controller_server]: RegulatedPurePursuitController detected collision ahead!
[collision_monitor-23] [INFO] [1790432365.905710756] [collision_monitor]: Robot to approach for 1.200000 seconds away from collision
[controller_server-15] [WARN] [1790432365.931681296] [controller_server]: RegulatedPurePursuitController detected collision ahead!
[collision_monitor-23] [INFO] [1790432365.965858865] [collision_monitor]: Robot to continue normal operation
[controller_server-15] [INFO] [1790432365.981354343] [controller_server]: Passing new path to controller.
[controller_server-15] [WARN] [1790432366.181776140] [controller_server]: RegulatedPurePursuitController detected collision ahead!
[controller_server-15] [WARN] [1790432366.231696340] [controller_server]: RegulatedPurePursuitController detected collision ahead!
[controller_server-15] [WARN] [1790432366.431684798] [controller_server]: RegulatedPurePursuitController detected collision ahead!
[controller_server-15] [WARN] [1790432366.881778504] [controller_server]: RegulatedPurePursuitController detected collision ahead!
[controller_server-15] [WARN] [1790432366.931744779] [controller_server]: RegulatedPurePursuitController detected collision ahead!
[controller_server-15] [INFO] [1790432366.981362766] [controller_server]: Passing new path to controller.
[controller_server-15] [WARN] [1790432366.981939756] [controller_server]: RegulatedPurePursuitController detected collision ahead!
[controller_server-15] [WARN] [1790432367.031585011] [controller_server]: RegulatedPurePursuitController detected collision ahead!
[collision_monitor-23] [INFO] [1790432367.305688697] [collision_monitor]: Robot to approach for 1.200000 seconds away from collision
[controller_server-15] [WARN] [1790432367.331663935] [controller_server]: RegulatedPurePursuitController detected collision ahead!
[collision_monitor-23] [INFO] [1790432367.365824753] [collision_monitor]: Robot to continue normal operation
[controller_server-15] [WARN] [1790432367.381652224] [controller_server]: RegulatedPurePursuitController detected collision ahead!
[controller_server-15] [WARN] [1790432367.431653499] [controller_server]: RegulatedPurePursuitController detected collision ahead!
[collision_monitor-23] [INFO] [1790432367.605797990] [collision_monitor]: Robot to approach for 1.200000 seconds away from collision
[controller_server-15] [WARN] [1790432367.631726593] [controller_server]: RegulatedPurePursuitController detected collision ahead!
[collision_monitor-23] [INFO] [1790432367.665862698] [collision_monitor]: Robot to continue normal operation
[collision_monitor-23] [INFO] [1790432367.705726050] [collision_monitor]: Robot to approach for 1.200000 seconds away from collision
[collision_monitor-23] [INFO] [1790432367.765850587] [collision_monitor]: Robot to continue normal operation
[collision_monitor-23] [INFO] [1790432367.805700954] [collision_monitor]: Robot to approach for 1.200000 seconds away from collision
[controller_server-15] [WARN] [1790432367.831701812] [controller_server]: RegulatedPurePursuitController detected collision ahead!
[collision_monitor-23] [INFO] [1790432367.865851460] [collision_monitor]: Robot to continue normal operation
[collision_monitor-23] [INFO] [1790432367.905729263] [collision_monitor]: Robot to approach for 1.200000 seconds away from collision
[collision_monitor-23] [INFO] [1790432367.965827621] [collision_monitor]: Robot to continue normal operation
[controller_server-15] [WARN] [1790432367.981645179] [controller_server]: RegulatedPurePursuitController detected collision ahead!
[controller_server-15] [INFO] [1790432368.031362086] [controller_server]: Passing new path to controller.
[controller_server-15] [WARN] [1790432368.031887485] [controller_server]: RegulatedPurePursuitController detected collision ahead!
[controller_server-15] [WARN] [1790432368.081784698] [controller_server]: RegulatedPurePursuitController detected collision ahead!
[controller_server-15] [WARN] [1790432368.431792828] [controller_server]: RegulatedPurePursuitController detected collision ahead!
[collision_monitor-23] [INFO] [1790432368.805709621] [collision_monitor]: Robot to approach for 1.200000 seconds away from collision
[collision_monitor-23] [INFO] [1790432368.865871594] [collision_monitor]: Robot to continue normal operation
[collision_monitor-23] [INFO] [1790432368.905739380] [collision_monitor]: Robot to approach for 1.200000 seconds away from collision
[collision_monitor-23] [INFO] [1790432368.965850670] [collision_monitor]: Robot to continue normal operation
[controller_server-15] [INFO] [1790432369.031356876] [controller_server]: Passing new path to controller.
[controller_server-15] [WARN] [1790432369.031859516] [controller_server]: RegulatedPurePursuitController detected collision ahead!
[controller_server-15] [WARN] [1790432369.231657149] [controller_server]: RegulatedPurePursuitController detected collision ahead!
[collision_monitor-23] [INFO] [1790432369.305710795] [collision_monitor]: Robot to approach for 1.200000 seconds away from collision
[collision_monitor-23] [INFO] [1790432369.365832857] [collision_monitor]: Robot to continue normal operation
[controller_server-15] [WARN] [1790432369.381606966] [controller_server]: RegulatedPurePursuitController detected collision ahead!
[controller_server-15] [WARN] [1790432369.431734096] [controller_server]: RegulatedPurePursuitController detected collision ahead!
[controller_server-15] [WARN] [1790432369.531643349] [controller_server]: RegulatedPurePursuitController detected collision ahead!
[controller_server-15] [WARN] [1790432369.581744370] [controller_server]: RegulatedPurePursuitController detected collision ahead!
[controller_server-15] [WARN] [1790432369.631677565] [controller_server]: RegulatedPurePursuitController detected collision ahead!
[controller_server-15] [WARN] [1790432369.781602599] [controller_server]: RegulatedPurePursuitController detected collision ahead!
[controller_server-15] [WARN] [1790432369.831578867] [controller_server]: RegulatedPurePursuitController detected collision ahead!
[collision_monitor-23] [INFO] [1790432370.065862183] [collision_monitor]: Robot to approach for 1.200000 seconds away from collision
[controller_server-15] [INFO] [1790432370.081350543] [controller_server]: Passing new path to controller.
[controller_server-15] [WARN] [1790432370.131592474] [controller_server]: RegulatedPurePursuitController detected collision ahead!
[collision_monitor-23] [INFO] [1790432370.165850316] [collision_monitor]: Robot to continue normal operation
[controller_server-15] [WARN] [1790432370.181582596] [controller_server]: RegulatedPurePursuitController detected collision ahead!
[controller_server-15] [WARN] [1790432370.231590102] [controller_server]: RegulatedPurePursuitController detected collision ahead!
[controller_server-15] [WARN] [1790432370.331794859] [controller_server]: RegulatedPurePursuitController detected collision ahead!
[controller_server-15] [WARN] [1790432370.381708538] [controller_server]: RegulatedPurePursuitController detected collision ahead!
[controller_server-15] [WARN] [1790432370.431609512] [controller_server]: RegulatedPurePursuitController detected collision ahead!
[collision_monitor-23] [INFO] [1790432370.705818643] [collision_monitor]: Robot to approach for 1.200000 seconds away from collision
[controller_server-15] [WARN] [1790432370.881734585] [controller_server]: RegulatedPurePursuitController detected collision ahead!
[collision_monitor-23] [INFO] [1790432370.905748765] [collision_monitor]: Robot to continue normal operation
[controller_server-15] [WARN] [1790432370.931620619] [controller_server]: RegulatedPurePursuitController detected collision ahead!
[controller_server-15] [WARN] [1790432370.981819965] [controller_server]: RegulatedPurePursuitController detected collision ahead!
[controller_server-15] [WARN] [1790432371.031858235] [controller_server]: RegulatedPurePursuitController detected collision ahead!
[controller_server-15] [INFO] [1790432371.081674841] [controller_server]: Passing new path to controller.
[controller_server-15] [WARN] [1790432371.181577035] [controller_server]: RegulatedPurePursuitController detected collision ahead!
[controller_server-15] [WARN] [1790432371.231670722] [controller_server]: RegulatedPurePursuitController detected collision ahead!
[controller_server-15] [WARN] [1790432371.581551065] [controller_server]: RegulatedPurePursuitController detected collision ahead!
[controller_server-15] [WARN] [1790432371.631606914] [controller_server]: RegulatedPurePursuitController detected collision ahead!
[controller_server-15] [WARN] [1790432371.781609566] [controller_server]: RegulatedPurePursuitController detected collision ahead!
[controller_server-15] [WARN] [1790432371.831689290] [controller_server]: RegulatedPurePursuitController detected collision ahead!
[collision_monitor-23] [INFO] [1790432372.005701985] [collision_monitor]: Robot to approach for 1.200000 seconds away from collision
[collision_monitor-23] [INFO] [1790432372.066035725] [collision_monitor]: Robot to continue normal operation
[controller_server-15] [INFO] [1790432372.081350862] [controller_server]: Passing new path to controller.
[controller_server-15] [WARN] [1790432372.231540299] [controller_server]: RegulatedPurePursuitController detected collision ahead!
[controller_server-15] [WARN] [1790432372.381558558] [controller_server]: RegulatedPurePursuitController detected collision ahead!
[controller_server-15] [WARN] [1790432372.431675388] [controller_server]: RegulatedPurePursuitController detected collision ahead!
[controller_server-15] [WARN] [1790432372.581516607] [controller_server]: RegulatedPurePursuitController detected collision ahead!
[controller_server-15] [WARN] [1790432372.631539472] [controller_server]: RegulatedPurePursuitController detected collision ahead!
[controller_server-15] [WARN] [1790432372.981616797] [controller_server]: RegulatedPurePursuitController detected collision ahead!
[controller_server-15] [WARN] [1790432373.031601386] [controller_server]: RegulatedPurePursuitController detected collision ahead!
[controller_server-15] [INFO] [1790432373.131353148] [controller_server]: Passing new path to controller.
[controller_server-15] [WARN] [1790432373.181623181] [controller_server]: RegulatedPurePursuitController detected collision ahead!
[controller_server-15] [WARN] [1790432373.231533689] [controller_server]: RegulatedPurePursuitController detected collision ahead!
[controller_server-15] [WARN] [1790432373.431497826] [controller_server]: RegulatedPurePursuitController detected collision ahead!
[controller_server-15] [WARN] [1790432373.581591108] [controller_server]: RegulatedPurePursuitController detected collision ahead!
[controller_server-15] [WARN] [1790432373.631517253] [controller_server]: RegulatedPurePursuitController detected collision ahead!
[controller_server-15] [WARN] [1790432373.781511264] [controller_server]: RegulatedPurePursuitController detected collision ahead!
[controller_server-15] [WARN] [1790432373.831558740] [controller_server]: RegulatedPurePursuitController detected collision ahead!
[controller_server-15] [INFO] [1790432374.131346258] [controller_server]: Passing new path to controller.
[controller_server-15] [INFO] [1790432375.181382924] [controller_server]: Passing new path to controller.
[controller_server-15] [INFO] [1790432376.181347722] [controller_server]: Passing new path to controller.
[controller_server-15] [INFO] [1790432377.231346813] [controller_server]: Passing new path to controller.
[controller_server-15] [INFO] [1790432378.231347109] [controller_server]: Passing new path to controller.
[controller_server-15] [INFO] [1790432378.831396015] [controller_server]: Reached the goal!
[bt_navigator-20] [INFO] [1790432378.860487912] [bt_navigator]: Goal succeeded
[bt_navigator-20] [INFO] [1790432379.861962943] [bt_navigator]: Begin navigating from current location (2.77, -1.97) to (0.30, 0.00)
[nav_benchmark_runner.py-9] [INFO] [1790432379.862516473] [nav_benchmark_runner]: Goal 'return_to_start' accepted: x=0.30, y=0.00, yaw=0.0000
[controller_server-15] [INFO] [1790432379.882886411] [controller_server]: Received a goal, begin computing control effort.
[controller_server-15] [INFO] [1790432380.933043815] [controller_server]: Passing new path to controller.
[controller_server-15] [INFO] [1790432381.933045661] [controller_server]: Passing new path to controller.
[controller_server-15] [INFO] [1790432382.983045625] [controller_server]: Passing new path to controller.
[controller_server-15] [INFO] [1790432383.983010190] [controller_server]: Passing new path to controller.
[controller_server-15] [INFO] [1790432385.033041919] [controller_server]: Passing new path to controller.
[controller_server-15] [INFO] [1790432386.033045315] [controller_server]: Passing new path to controller.
[collision_monitor-23] [INFO] [1790432386.355818957] [collision_monitor]: Robot to approach for 1.200000 seconds away from collision
[collision_monitor-23] [INFO] [1790432386.515845065] [collision_monitor]: Robot to continue normal operation
[collision_monitor-23] [INFO] [1790432386.655834069] [collision_monitor]: Robot to approach for 1.200000 seconds away from collision
[collision_monitor-23] [INFO] [1790432386.715868939] [collision_monitor]: Robot to continue normal operation
[collision_monitor-23] [INFO] [1790432386.755822445] [collision_monitor]: Robot to approach for 1.200000 seconds away from collision
[controller_server-15] [WARN] [1790432386.783276784] [controller_server]: RegulatedPurePursuitController detected collision ahead!
[collision_monitor-23] [INFO] [1790432386.815900737] [collision_monitor]: Robot to continue normal operation
[controller_server-15] [WARN] [1790432386.833807641] [controller_server]: RegulatedPurePursuitController detected collision ahead!
[collision_monitor-23] [INFO] [1790432386.955778951] [collision_monitor]: Robot to approach for 1.200000 seconds away from collision
[controller_server-15] [WARN] [1790432387.033331104] [controller_server]: RegulatedPurePursuitController detected collision ahead!
[collision_monitor-23] [INFO] [1790432387.055751047] [collision_monitor]: Robot to continue normal operation
[controller_server-15] [INFO] [1790432387.083038602] [controller_server]: Passing new path to controller.
[collision_monitor-23] [INFO] [1790432387.155913365] [collision_monitor]: Robot to approach for 1.200000 seconds away from collision
[collision_monitor-23] [INFO] [1790432387.215835965] [collision_monitor]: Robot to continue normal operation
[controller_server-15] [WARN] [1790432387.233455803] [controller_server]: RegulatedPurePursuitController detected collision ahead!
[controller_server-15] [WARN] [1790432387.283299222] [controller_server]: RegulatedPurePursuitController detected collision ahead!
[controller_server-15] [WARN] [1790432387.333459512] [controller_server]: RegulatedPurePursuitController detected collision ahead!
[controller_server-15] [WARN] [1790432387.383283244] [controller_server]: RegulatedPurePursuitController detected collision ahead!
[controller_server-15] [WARN] [1790432387.433306356] [controller_server]: RegulatedPurePursuitController detected collision ahead!
[collision_monitor-23] [INFO] [1790432387.865898781] [collision_monitor]: Robot to approach for 1.200000 seconds away from collision
[collision_monitor-23] [INFO] [1790432387.915836235] [collision_monitor]: Robot to continue normal operation
[collision_monitor-23] [INFO] [1790432387.965965738] [collision_monitor]: Robot to approach for 1.200000 seconds away from collision
[controller_server-15] [INFO] [1790432388.083036715] [controller_server]: Passing new path to controller.
[controller_server-15] [WARN] [1790432388.083538304] [controller_server]: RegulatedPurePursuitController detected collision ahead!
[collision_monitor-23] [INFO] [1790432388.115983177] [collision_monitor]: Robot to continue normal operation
[controller_server-15] [WARN] [1790432388.133270434] [controller_server]: RegulatedPurePursuitController detected collision ahead!
[controller_server-15] [WARN] [1790432388.183411792] [controller_server]: RegulatedPurePursuitController detected collision ahead!
[controller_server-15] [WARN] [1790432388.233278517] [controller_server]: RegulatedPurePursuitController detected collision ahead!
[controller_server-15] [WARN] [1790432388.383286522] [controller_server]: RegulatedPurePursuitController detected collision ahead!
[controller_server-15] [WARN] [1790432388.433375314] [controller_server]: RegulatedPurePursuitController detected collision ahead!
[collision_monitor-23] [INFO] [1790432388.665794885] [collision_monitor]: Robot to approach for 1.200000 seconds away from collision
[controller_server-15] [WARN] [1790432388.783410236] [controller_server]: RegulatedPurePursuitController detected collision ahead!
[collision_monitor-23] [INFO] [1790432388.805748495] [collision_monitor]: Robot to continue normal operation
[controller_server-15] [WARN] [1790432388.833425168] [controller_server]: RegulatedPurePursuitController detected collision ahead!
[collision_monitor-23] [INFO] [1790432388.965804473] [collision_monitor]: Robot to approach for 1.200000 seconds away from collision
[controller_server-15] [WARN] [1790432388.983422492] [controller_server]: RegulatedPurePursuitController detected collision ahead!
[collision_monitor-23] [INFO] [1790432389.005745113] [collision_monitor]: Robot to continue normal operation
[controller_server-15] [WARN] [1790432389.033493964] [controller_server]: RegulatedPurePursuitController detected collision ahead!
[controller_server-15] [WARN] [1790432389.083410521] [controller_server]: RegulatedPurePursuitController detected collision ahead!
[controller_server-15] [INFO] [1790432389.133042252] [controller_server]: Passing new path to controller.
[controller_server-15] [WARN] [1790432389.233394060] [controller_server]: RegulatedPurePursuitController detected collision ahead!
[controller_server-15] [WARN] [1790432389.283456801] [controller_server]: RegulatedPurePursuitController detected collision ahead!
[controller_server-15] [WARN] [1790432389.333461878] [controller_server]: RegulatedPurePursuitController detected collision ahead!
[controller_server-15] [WARN] [1790432389.383388070] [controller_server]: RegulatedPurePursuitController detected collision ahead!
[controller_server-15] [WARN] [1790432389.433360825] [controller_server]: RegulatedPurePursuitController detected collision ahead!
[collision_monitor-23] [INFO] [1790432389.965817999] [collision_monitor]: Robot to approach for 1.200000 seconds away from collision
[collision_monitor-23] [INFO] [1790432390.005755000] [collision_monitor]: Robot to continue normal operation
[collision_monitor-23] [INFO] [1790432390.065843220] [collision_monitor]: Robot to approach for 1.200000 seconds away from collision
[collision_monitor-23] [INFO] [1790432390.105737769] [collision_monitor]: Robot to continue normal operation
[controller_server-15] [INFO] [1790432390.133039966] [controller_server]: Passing new path to controller.
[controller_server-15] [WARN] [1790432390.133653740] [controller_server]: RegulatedPurePursuitController detected collision ahead!
[controller_server-15] [WARN] [1790432390.183392340] [controller_server]: RegulatedPurePursuitController detected collision ahead!
[controller_server-15] [WARN] [1790432390.233427007] [controller_server]: RegulatedPurePursuitController detected collision ahead!
[controller_server-15] [WARN] [1790432390.383381682] [controller_server]: RegulatedPurePursuitController detected collision ahead!
[controller_server-15] [WARN] [1790432390.433401688] [controller_server]: RegulatedPurePursuitController detected collision ahead!
[collision_monitor-23] [INFO] [1790432390.765821240] [collision_monitor]: Robot to approach for 1.200000 seconds away from collision
[collision_monitor-23] [INFO] [1790432390.805744830] [collision_monitor]: Robot to continue normal operation
[collision_monitor-23] [INFO] [1790432390.865832142] [collision_monitor]: Robot to approach for 1.200000 seconds away from collision
[collision_monitor-23] [INFO] [1790432390.905793290] [collision_monitor]: Robot to continue normal operation
[collision_monitor-23] [INFO] [1790432390.965820914] [collision_monitor]: Robot to approach for 1.200000 seconds away from collision
[controller_server-15] [WARN] [1790432390.983393060] [controller_server]: RegulatedPurePursuitController detected collision ahead!
[collision_monitor-23] [INFO] [1790432391.005798955] [collision_monitor]: Robot to continue normal operation
[controller_server-15] [WARN] [1790432391.033379970] [controller_server]: RegulatedPurePursuitController detected collision ahead!
[collision_monitor-23] [INFO] [1790432391.165870889] [collision_monitor]: Robot to approach for 1.200000 seconds away from collision
[controller_server-15] [INFO] [1790432391.183040783] [controller_server]: Passing new path to controller.
[controller_server-15] [WARN] [1790432391.183531481] [controller_server]: RegulatedPurePursuitController detected collision ahead!
[collision_monitor-23] [INFO] [1790432391.205750630] [collision_monitor]: Robot to continue normal operation
[controller_server-15] [WARN] [1790432391.233448926] [controller_server]: RegulatedPurePursuitController detected collision ahead!
[collision_monitor-23] [INFO] [1790432391.565830436] [collision_monitor]: Robot to approach for 1.200000 seconds away from collision
[collision_monitor-23] [INFO] [1790432391.605789412] [collision_monitor]: Robot to continue normal operation
[collision_monitor-23] [INFO] [1790432391.665834756] [collision_monitor]: Robot to approach for 1.200000 seconds away from collision
[collision_monitor-23] [INFO] [1790432391.705902637] [collision_monitor]: Robot to continue normal operation
[collision_monitor-23] [INFO] [1790432391.765817784] [collision_monitor]: Robot to approach for 1.200000 seconds away from collision
[controller_server-15] [WARN] [1790432391.783454501] [controller_server]: RegulatedPurePursuitController detected collision ahead!
[collision_monitor-23] [INFO] [1790432391.805736828] [collision_monitor]: Robot to continue normal operation
[controller_server-15] [WARN] [1790432391.833411040] [controller_server]: RegulatedPurePursuitController detected collision ahead!
[collision_monitor-23] [INFO] [1790432391.966360335] [collision_monitor]: Robot to approach for 1.200000 seconds away from collision
[collision_monitor-23] [INFO] [1790432392.005808437] [collision_monitor]: Robot to continue normal operation
[controller_server-15] [WARN] [1790432392.033430006] [controller_server]: RegulatedPurePursuitController detected collision ahead!
[collision_monitor-23] [INFO] [1790432392.165856815] [collision_monitor]: Robot to approach for 1.200000 seconds away from collision
[controller_server-15] [INFO] [1790432392.183041087] [controller_server]: Passing new path to controller.
[collision_monitor-23] [INFO] [1790432392.205773548] [collision_monitor]: Robot to continue normal operation
[controller_server-15] [WARN] [1790432392.233424927] [controller_server]: RegulatedPurePursuitController detected collision ahead!
[collision_monitor-23] [INFO] [1790432392.365824858] [collision_monitor]: Robot to approach for 1.200000 seconds away from collision
[controller_server-15] [WARN] [1790432392.383380802] [controller_server]: RegulatedPurePursuitController detected collision ahead!
[collision_monitor-23] [INFO] [1790432392.405753669] [collision_monitor]: Robot to continue normal operation
[controller_server-15] [WARN] [1790432392.433385431] [controller_server]: RegulatedPurePursuitController detected collision ahead!
[collision_monitor-23] [INFO] [1790432392.565807213] [collision_monitor]: Robot to approach for 1.200000 seconds away from collision
[controller_server-15] [WARN] [1790432392.583404624] [controller_server]: RegulatedPurePursuitController detected collision ahead!
[collision_monitor-23] [INFO] [1790432392.605770720] [collision_monitor]: Robot to continue normal operation
[controller_server-15] [WARN] [1790432392.633475363] [controller_server]: RegulatedPurePursuitController detected collision ahead!
[collision_monitor-23] [INFO] [1790432392.765818749] [collision_monitor]: Robot to approach for 1.200000 seconds away from collision
[controller_server-15] [WARN] [1790432392.783352283] [controller_server]: RegulatedPurePursuitController detected collision ahead!
[collision_monitor-23] [INFO] [1790432392.805770806] [collision_monitor]: Robot to continue normal operation
[controller_server-15] [WARN] [1790432392.833528646] [controller_server]: RegulatedPurePursuitController detected collision ahead!
[collision_monitor-23] [INFO] [1790432392.965806618] [collision_monitor]: Robot to approach for 1.200000 seconds away from collision
[collision_monitor-23] [INFO] [1790432393.005721396] [collision_monitor]: Robot to continue normal operation
[collision_monitor-23] [INFO] [1790432393.065870666] [collision_monitor]: Robot to approach for 1.200000 seconds away from collision
[controller_server-15] [WARN] [1790432393.133366792] [controller_server]: RegulatedPurePursuitController detected collision ahead!
[collision_monitor-23] [INFO] [1790432393.165828178] [collision_monitor]: Robot to continue normal operation
[controller_server-15] [WARN] [1790432393.183394171] [controller_server]: RegulatedPurePursuitController detected collision ahead!
[controller_server-15] [INFO] [1790432393.233038639] [controller_server]: Passing new path to controller.
[controller_server-15] [WARN] [1790432393.233462389] [controller_server]: RegulatedPurePursuitController detected collision ahead!
[controller_server-15] [WARN] [1790432393.383361202] [controller_server]: RegulatedPurePursuitController detected collision ahead!
[controller_server-15] [WARN] [1790432393.433436052] [controller_server]: RegulatedPurePursuitController detected collision ahead!
[collision_monitor-23] [INFO] [1790432393.665826702] [collision_monitor]: Robot to approach for 1.200000 seconds away from collision
[collision_monitor-23] [INFO] [1790432393.765809764] [collision_monitor]: Robot to continue normal operation
[controller_server-15] [WARN] [1790432393.933356459] [controller_server]: RegulatedPurePursuitController detected collision ahead!
[controller_server-15] [WARN] [1790432393.983372319] [controller_server]: RegulatedPurePursuitController detected collision ahead!
[controller_server-15] [WARN] [1790432394.033449956] [controller_server]: RegulatedPurePursuitController detected collision ahead!
[controller_server-15] [WARN] [1790432394.083347828] [controller_server]: RegulatedPurePursuitController detected collision ahead!
[controller_server-15] [WARN] [1790432394.133356140] [controller_server]: RegulatedPurePursuitController detected collision ahead!
[controller_server-15] [WARN] [1790432394.183406339] [controller_server]: RegulatedPurePursuitController detected collision ahead!
[controller_server-15] [INFO] [1790432394.233043190] [controller_server]: Passing new path to controller.
[controller_server-15] [WARN] [1790432394.233670437] [controller_server]: RegulatedPurePursuitController detected collision ahead!
[controller_server-15] [ERROR] [1790432394.233736687] [controller_server]: Controller patience exceeded
[controller_server-15] [WARN] [1790432394.233831559] [controller_server]: [follow_path] [ActionServer] Aborting handle.
[controller_server-15] [INFO] [1790432394.262623841] [local_costmap.local_costmap]: Received request to clear entirely the local_costmap
[controller_server-15] [INFO] [1790432394.263254509] [controller_server]: Received a goal, begin computing control effort.
[controller_server-15] [WARN] [1790432394.453896505] [controller_server]: Control loop missed its desired rate of 20.0000 Hz. Current loop rate is 5.2632 Hz.
[collision_monitor-23] [INFO] [1790432394.905763002] [collision_monitor]: Robot to approach for 1.200000 seconds away from collision
[collision_monitor-23] [INFO] [1790432395.105711136] [collision_monitor]: Robot to continue normal operation
[controller_server-15] [INFO] [1790432395.254038330] [controller_server]: Passing new path to controller.
[controller_server-15] [WARN] [1790432395.654349314] [controller_server]: RegulatedPurePursuitController detected collision ahead!
[controller_server-15] [INFO] [1790432396.304038929] [controller_server]: Passing new path to controller.
[controller_server-15] [WARN] [1790432396.804400031] [controller_server]: RegulatedPurePursuitController detected collision ahead!
[controller_server-15] [WARN] [1790432397.004307353] [controller_server]: RegulatedPurePursuitController detected collision ahead!
[controller_server-15] [INFO] [1790432397.304036180] [controller_server]: Passing new path to controller.
[collision_monitor-23] [INFO] [1790432397.465822786] [collision_monitor]: Robot to approach for 1.200000 seconds away from collision
[collision_monitor-23] [INFO] [1790432397.505751706] [collision_monitor]: Robot to continue normal operation
[collision_monitor-23] [INFO] [1790432397.565816191] [collision_monitor]: Robot to approach for 1.200000 seconds away from collision
[controller_server-15] [WARN] [1790432397.604300803] [controller_server]: RegulatedPurePursuitController detected collision ahead!
[collision_monitor-23] [INFO] [1790432397.605759143] [collision_monitor]: Robot to continue normal operation
[collision_monitor-23] [INFO] [1790432397.765824712] [collision_monitor]: Robot to approach for 1.200000 seconds away from collision
[controller_server-15] [WARN] [1790432397.804369710] [controller_server]: RegulatedPurePursuitController detected collision ahead!
[collision_monitor-23] [INFO] [1790432397.865808623] [collision_monitor]: Robot to continue normal operation
[collision_monitor-23] [INFO] [1790432397.965815292] [collision_monitor]: Robot to approach for 1.200000 seconds away from collision
[controller_server-15] [WARN] [1790432398.004746550] [controller_server]: RegulatedPurePursuitController detected collision ahead!
[collision_monitor-23] [INFO] [1790432398.065869703] [collision_monitor]: Robot to continue normal operation
[collision_monitor-23] [INFO] [1790432398.105742770] [collision_monitor]: Robot to approach for 1.200000 seconds away from collision
[controller_server-15] [WARN] [1790432398.204329272] [controller_server]: RegulatedPurePursuitController detected collision ahead!
[collision_monitor-23] [INFO] [1790432398.265821583] [collision_monitor]: Robot to continue normal operation
[controller_server-15] [INFO] [1790432398.354055268] [controller_server]: Passing new path to controller.
[collision_monitor-23] [INFO] [1790432398.365880318] [collision_monitor]: Robot to approach for 1.200000 seconds away from collision
[controller_server-15] [WARN] [1790432398.404354034] [controller_server]: RegulatedPurePursuitController detected collision ahead!
[collision_monitor-23] [INFO] [1790432398.405953880] [collision_monitor]: Robot to continue normal operation
[collision_monitor-23] [INFO] [1790432398.565827381] [collision_monitor]: Robot to approach for 1.200000 seconds away from collision
[controller_server-15] [WARN] [1790432398.604313384] [controller_server]: RegulatedPurePursuitController detected collision ahead!
[collision_monitor-23] [INFO] [1790432398.605778705] [collision_monitor]: Robot to continue normal operation
[controller_server-15] [WARN] [1790432398.754279597] [controller_server]: RegulatedPurePursuitController detected collision ahead!
[collision_monitor-23] [INFO] [1790432398.765836575] [collision_monitor]: Robot to approach for 1.200000 seconds away from collision
[controller_server-15] [WARN] [1790432398.804314410] [controller_server]: RegulatedPurePursuitController detected collision ahead!
[collision_monitor-23] [INFO] [1790432398.805727862] [collision_monitor]: Robot to continue normal operation
[controller_server-15] [WARN] [1790432398.954320485] [controller_server]: RegulatedPurePursuitController detected collision ahead!
[collision_monitor-23] [INFO] [1790432398.965818613] [collision_monitor]: Robot to approach for 1.200000 seconds away from collision
[controller_server-15] [WARN] [1790432399.004343290] [controller_server]: RegulatedPurePursuitController detected collision ahead!
[collision_monitor-23] [INFO] [1790432399.005828856] [collision_monitor]: Robot to continue normal operation
[controller_server-15] [WARN] [1790432399.204284535] [controller_server]: RegulatedPurePursuitController detected collision ahead!
[controller_server-15] [INFO] [1790432399.354039066] [controller_server]: Passing new path to controller.
[collision_monitor-23] [INFO] [1790432399.365822647] [collision_monitor]: Robot to approach for 1.200000 seconds away from collision
[controller_server-15] [WARN] [1790432399.404244141] [controller_server]: RegulatedPurePursuitController detected collision ahead!
[collision_monitor-23] [INFO] [1790432399.405797981] [collision_monitor]: Robot to continue normal operation
[collision_monitor-23] [INFO] [1790432399.555838176] [collision_monitor]: Robot to approach for 1.200000 seconds away from collision
[controller_server-15] [WARN] [1790432399.604306995] [controller_server]: RegulatedPurePursuitController detected collision ahead!
[collision_monitor-23] [INFO] [1790432399.615883100] [collision_monitor]: Robot to continue normal operation
[collision_monitor-23] [INFO] [1790432399.755748635] [collision_monitor]: Robot to approach for 1.200000 seconds away from collision
[controller_server-15] [WARN] [1790432399.804297457] [controller_server]: RegulatedPurePursuitController detected collision ahead!
[collision_monitor-23] [INFO] [1790432399.815909723] [collision_monitor]: Robot to continue normal operation
[collision_monitor-23] [INFO] [1790432399.955723249] [collision_monitor]: Robot to approach for 1.200000 seconds away from collision
[controller_server-15] [WARN] [1790432400.004303625] [controller_server]: RegulatedPurePursuitController detected collision ahead!
[collision_monitor-23] [INFO] [1790432400.015967899] [collision_monitor]: Robot to continue normal operation
[controller_server-15] [WARN] [1790432400.154326212] [controller_server]: RegulatedPurePursuitController detected collision ahead!
[controller_server-15] [WARN] [1790432400.204298533] [controller_server]: RegulatedPurePursuitController detected collision ahead!
[controller_server-15] [WARN] [1790432400.354275882] [controller_server]: RegulatedPurePursuitController detected collision ahead!
[controller_server-15] [INFO] [1790432400.404037445] [controller_server]: Passing new path to controller.
[controller_server-15] [INFO] [1790432401.404041052] [controller_server]: Passing new path to controller.
[controller_server-15] [INFO] [1790432402.454042140] [controller_server]: Passing new path to controller.
[controller_server-15] [INFO] [1790432403.454040382] [controller_server]: Passing new path to controller.
[controller_server-15] [INFO] [1790432404.504047348] [controller_server]: Passing new path to controller.
[controller_server-15] [INFO] [1790432405.504043879] [controller_server]: Passing new path to controller.
[controller_server-15] [INFO] [1790432406.554053049] [controller_server]: Passing new path to controller.
[controller_server-15] [INFO] [1790432407.554041818] [controller_server]: Passing new path to controller.
[controller_server-15] [INFO] [1790432408.604094050] [controller_server]: Passing new path to controller.
[controller_server-15] [INFO] [1790432409.604072074] [controller_server]: Passing new path to controller.
[controller_server-15] [INFO] [1790432410.654057645] [controller_server]: Passing new path to controller.
[controller_server-15] [INFO] [1790432411.654053703] [controller_server]: Passing new path to controller.
[controller_server-15] [INFO] [1790432412.704096473] [controller_server]: Passing new path to controller.
[controller_server-15] [INFO] [1790432413.704037697] [controller_server]: Passing new path to controller.
[controller_server-15] [INFO] [1790432414.754069336] [controller_server]: Passing new path to controller.
[controller_server-15] [INFO] [1790432415.754134035] [controller_server]: Passing new path to controller.
[controller_server-15] [INFO] [1790432416.804090539] [controller_server]: Passing new path to controller.
[controller_server-15] [INFO] [1790432417.804159138] [controller_server]: Passing new path to controller.
[controller_server-15] [INFO] [1790432418.854040868] [controller_server]: Passing new path to controller.
[controller_server-15] [INFO] [1790432419.854097111] [controller_server]: Passing new path to controller.
[controller_server-15] [INFO] [1790432420.904060591] [controller_server]: Passing new path to controller.
[controller_server-15] [INFO] [1790432421.904036562] [controller_server]: Passing new path to controller.
[controller_server-15] [INFO] [1790432422.954037610] [controller_server]: Passing new path to controller.
[controller_server-15] [INFO] [1790432423.954032167] [controller_server]: Passing new path to controller.
[controller_server-15] [INFO] [1790432425.004031488] [controller_server]: Passing new path to controller.
[controller_server-15] [INFO] [1790432426.004031373] [controller_server]: Passing new path to controller.
[controller_server-15] [INFO] [1790432427.054029252] [controller_server]: Passing new path to controller.
[controller_server-15] [INFO] [1790432428.054031051] [controller_server]: Passing new path to controller.
[controller_server-15] [INFO] [1790432429.104032310] [controller_server]: Passing new path to controller.
[controller_server-15] [INFO] [1790432430.104032957] [controller_server]: Passing new path to controller.
[controller_server-15] [INFO] [1790432431.154037393] [controller_server]: Passing new path to controller.
[controller_server-15] [INFO] [1790432432.154028375] [controller_server]: Passing new path to controller.
[controller_server-15] [INFO] [1790432432.304105547] [controller_server]: Reached the goal!
[bt_navigator-20] [INFO] [1790432432.332314290] [bt_navigator]: Goal succeeded
[nav_benchmark_runner.py-9] [INFO] [1790432433.339872764] [nav_benchmark_runner]: Saved trial 2 (east_detour): SUCCEEDED, error=0.038 m
[bt_navigator-20] [INFO] [1790432433.340653592] [bt_navigator]: Begin navigating from current location (0.38, 0.02) to (-3.00, -2.40)
[nav_benchmark_runner.py-9] [INFO] [1790432433.341517216] [nav_benchmark_runner]: Goal 'south_west_corridor' accepted: x=-3.00, y=-2.40, yaw=3.1416
[controller_server-15] [INFO] [1790432433.361471168] [controller_server]: Received a goal, begin computing control effort.
[controller_server-15] [INFO] [1790432434.411777486] [controller_server]: Passing new path to controller.
[controller_server-15] [INFO] [1790432435.461698020] [controller_server]: Passing new path to controller.
[controller_server-15] [INFO] [1790432436.461673520] [controller_server]: Passing new path to controller.
[controller_server-15] [INFO] [1790432437.511663492] [controller_server]: Passing new path to controller.
[collision_monitor-23] [INFO] [1790432438.455927899] [collision_monitor]: Robot to approach for 1.200000 seconds away from collision
[controller_server-15] [INFO] [1790432438.511813777] [controller_server]: Passing new path to controller.
[collision_monitor-23] [INFO] [1790432438.515834013] [collision_monitor]: Robot to continue normal operation
[collision_monitor-23] [INFO] [1790432438.655851579] [collision_monitor]: Robot to approach for 1.200000 seconds away from collision
[collision_monitor-23] [INFO] [1790432438.715943527] [collision_monitor]: Robot to continue normal operation
[collision_monitor-23] [INFO] [1790432438.755719139] [collision_monitor]: Robot to approach for 1.200000 seconds away from collision
[controller_server-15] [WARN] [1790432438.812037422] [controller_server]: RegulatedPurePursuitController detected collision ahead!
[collision_monitor-23] [INFO] [1790432438.815803199] [collision_monitor]: Robot to continue normal operation
[collision_monitor-23] [INFO] [1790432438.955888202] [collision_monitor]: Robot to approach for 1.200000 seconds away from collision
[controller_server-15] [WARN] [1790432439.012188892] [controller_server]: RegulatedPurePursuitController detected collision ahead!
[collision_monitor-23] [INFO] [1790432439.015994461] [collision_monitor]: Robot to continue normal operation
[collision_monitor-23] [INFO] [1790432439.355947291] [collision_monitor]: Robot to approach for 1.200000 seconds away from collision
[collision_monitor-23] [INFO] [1790432439.416001402] [collision_monitor]: Robot to continue normal operation
[controller_server-15] [INFO] [1790432439.511670919] [controller_server]: Passing new path to controller.
[collision_monitor-23] [INFO] [1790432439.555840252] [collision_monitor]: Robot to approach for 1.200000 seconds away from collision
[controller_server-15] [WARN] [1790432439.612441545] [controller_server]: RegulatedPurePursuitController detected collision ahead!
[collision_monitor-23] [INFO] [1790432439.615825879] [collision_monitor]: Robot to continue normal operation
[controller_server-15] [WARN] [1790432440.012044563] [controller_server]: RegulatedPurePursuitController detected collision ahead!
[controller_server-15] [WARN] [1790432440.162076066] [controller_server]: RegulatedPurePursuitController detected collision ahead!
[controller_server-15] [WARN] [1790432440.212049428] [controller_server]: RegulatedPurePursuitController detected collision ahead!
[controller_server-15] [INFO] [1790432440.561708751] [controller_server]: Passing new path to controller.
[controller_server-15] [WARN] [1790432440.612048268] [controller_server]: RegulatedPurePursuitController detected collision ahead!
[collision_monitor-23] [INFO] [1790432440.755829863] [collision_monitor]: Robot to approach for 1.200000 seconds away from collision
[controller_server-15] [WARN] [1790432440.762005912] [controller_server]: RegulatedPurePursuitController detected collision ahead!
[controller_server-15] [WARN] [1790432440.812053761] [controller_server]: RegulatedPurePursuitController detected collision ahead!
[collision_monitor-23] [INFO] [1790432440.815907430] [collision_monitor]: Robot to continue normal operation
[controller_server-15] [WARN] [1790432441.412087691] [controller_server]: RegulatedPurePursuitController detected collision ahead!
[controller_server-15] [INFO] [1790432441.611658893] [controller_server]: Passing new path to controller.
[collision_monitor-23] [INFO] [1790432441.655836323] [collision_monitor]: Robot to approach for 1.200000 seconds away from collision
[collision_monitor-23] [INFO] [1790432441.715897623] [collision_monitor]: Robot to continue normal operation
[collision_monitor-23] [INFO] [1790432441.755811180] [collision_monitor]: Robot to approach for 1.200000 seconds away from collision
[collision_monitor-23] [INFO] [1790432441.815911015] [collision_monitor]: Robot to continue normal operation
[collision_monitor-23] [INFO] [1790432442.155870890] [collision_monitor]: Robot to approach for 1.200000 seconds away from collision
[collision_monitor-23] [INFO] [1790432442.215835502] [collision_monitor]: Robot to continue normal operation
[collision_monitor-23] [INFO] [1790432442.255842255] [collision_monitor]: Robot to approach for 1.200000 seconds away from collision
[collision_monitor-23] [INFO] [1790432442.315811056] [collision_monitor]: Robot to continue normal operation
[collision_monitor-23] [INFO] [1790432442.355840777] [collision_monitor]: Robot to approach for 1.200000 seconds away from collision
[controller_server-15] [WARN] [1790432442.412138673] [controller_server]: RegulatedPurePursuitController detected collision ahead!
[collision_monitor-23] [INFO] [1790432442.415826891] [collision_monitor]: Robot to continue normal operation
[controller_server-15] [INFO] [1790432442.611834205] [controller_server]: Passing new path to controller.
[controller_server-15] [WARN] [1790432442.612260327] [controller_server]: RegulatedPurePursuitController detected collision ahead!
[collision_monitor-23] [INFO] [1790432442.755803030] [collision_monitor]: Robot to approach for 1.200000 seconds away from collision
[collision_monitor-23] [INFO] [1790432442.815790052] [collision_monitor]: Robot to continue normal operation
[collision_monitor-23] [INFO] [1790432442.855890769] [collision_monitor]: Robot to approach for 1.200000 seconds away from collision
[collision_monitor-23] [INFO] [1790432442.915832205] [collision_monitor]: Robot to continue normal operation
[collision_monitor-23] [INFO] [1790432442.955893898] [collision_monitor]: Robot to approach for 1.200000 seconds away from collision
[controller_server-15] [WARN] [1790432442.961996366] [controller_server]: RegulatedPurePursuitController detected collision ahead!
[controller_server-15] [WARN] [1790432443.012050847] [controller_server]: RegulatedPurePursuitController detected collision ahead!
[collision_monitor-23] [INFO] [1790432443.015802174] [collision_monitor]: Robot to continue normal operation
[controller_server-15] [WARN] [1790432443.212387167] [controller_server]: RegulatedPurePursuitController detected collision ahead!
[controller_server-15] [WARN] [1790432443.562000477] [controller_server]: RegulatedPurePursuitController detected collision ahead!
[controller_server-15] [WARN] [1790432443.612020890] [controller_server]: RegulatedPurePursuitController detected collision ahead!
[controller_server-15] [INFO] [1790432443.661653367] [controller_server]: Passing new path to controller.
[controller_server-15] [WARN] [1790432443.762127785] [controller_server]: RegulatedPurePursuitController detected collision ahead!
[controller_server-15] [WARN] [1790432443.812149664] [controller_server]: RegulatedPurePursuitController detected collision ahead!
[controller_server-15] [WARN] [1790432444.012017906] [controller_server]: RegulatedPurePursuitController detected collision ahead!
[collision_monitor-23] [INFO] [1790432444.255878160] [collision_monitor]: Robot to approach for 1.200000 seconds away from collision
[collision_monitor-23] [INFO] [1790432444.315844307] [collision_monitor]: Robot to continue normal operation
[collision_monitor-23] [INFO] [1790432444.355842752] [collision_monitor]: Robot to approach for 1.200000 seconds away from collision
[collision_monitor-23] [INFO] [1790432444.415827120] [collision_monitor]: Robot to continue normal operation
[collision_monitor-23] [INFO] [1790432444.555948697] [collision_monitor]: Robot to approach for 1.200000 seconds away from collision
[controller_server-15] [WARN] [1790432444.612129311] [controller_server]: RegulatedPurePursuitController detected collision ahead!
[collision_monitor-23] [INFO] [1790432444.616346691] [collision_monitor]: Robot to continue normal operation
[controller_server-15] [INFO] [1790432444.661784197] [controller_server]: Passing new path to controller.
[collision_monitor-23] [INFO] [1790432444.855840938] [collision_monitor]: Robot to approach for 1.200000 seconds away from collision
[collision_monitor-23] [INFO] [1790432444.915839269] [collision_monitor]: Robot to continue normal operation
[controller_server-15] [WARN] [1790432445.011978954] [controller_server]: RegulatedPurePursuitController detected collision ahead!
[controller_server-15] [WARN] [1790432445.162130596] [controller_server]: RegulatedPurePursuitController detected collision ahead!
[controller_server-15] [WARN] [1790432445.212109541] [controller_server]: RegulatedPurePursuitController detected collision ahead!
[collision_monitor-23] [INFO] [1790432445.355842125] [collision_monitor]: Robot to approach for 1.200000 seconds away from collision
[collision_monitor-23] [INFO] [1790432445.415817836] [collision_monitor]: Robot to continue normal operation
[controller_server-15] [INFO] [1790432445.711715111] [controller_server]: Passing new path to controller.
[controller_server-15] [WARN] [1790432445.812145059] [controller_server]: RegulatedPurePursuitController detected collision ahead!
[collision_monitor-23] [INFO] [1790432445.955871499] [collision_monitor]: Robot to approach for 1.200000 seconds away from collision
[collision_monitor-23] [INFO] [1790432446.015907526] [collision_monitor]: Robot to continue normal operation
[controller_server-15] [WARN] [1790432446.212142976] [controller_server]: RegulatedPurePursuitController detected collision ahead!
[collision_monitor-23] [INFO] [1790432446.455880291] [collision_monitor]: Robot to approach for 1.200000 seconds away from collision
[collision_monitor-23] [INFO] [1790432446.515813906] [collision_monitor]: Robot to continue normal operation
[collision_monitor-23] [INFO] [1790432446.655983301] [collision_monitor]: Robot to approach for 1.200000 seconds away from collision
[controller_server-15] [INFO] [1790432446.711740445] [controller_server]: Passing new path to controller.
[collision_monitor-23] [INFO] [1790432446.715867700] [collision_monitor]: Robot to continue normal operation
[controller_server-15] [WARN] [1790432446.762252531] [controller_server]: RegulatedPurePursuitController detected collision ahead!
[controller_server-15] [WARN] [1790432446.812500246] [controller_server]: RegulatedPurePursuitController detected collision ahead!
[controller_server-15] [WARN] [1790432447.012081005] [controller_server]: RegulatedPurePursuitController detected collision ahead!
[collision_monitor-23] [INFO] [1790432447.155830411] [collision_monitor]: Robot to approach for 1.200000 seconds away from collision
[collision_monitor-23] [INFO] [1790432447.215832720] [collision_monitor]: Robot to continue normal operation
[collision_monitor-23] [INFO] [1790432447.355912128] [collision_monitor]: Robot to approach for 1.200000 seconds away from collision
[collision_monitor-23] [INFO] [1790432447.415957719] [collision_monitor]: Robot to continue normal operation
[collision_monitor-23] [INFO] [1790432447.555849827] [collision_monitor]: Robot to approach for 1.200000 seconds away from collision
[collision_monitor-23] [INFO] [1790432447.615813810] [collision_monitor]: Robot to continue normal operation
[controller_server-15] [INFO] [1790432447.761707579] [controller_server]: Passing new path to controller.
[collision_monitor-23] [INFO] [1790432447.955827217] [collision_monitor]: Robot to approach for 1.200000 seconds away from collision
[collision_monitor-23] [INFO] [1790432448.015744147] [collision_monitor]: Robot to continue normal operation
[collision_monitor-23] [INFO] [1790432448.055866295] [collision_monitor]: Robot to approach for 1.200000 seconds away from collision
[collision_monitor-23] [INFO] [1790432448.115930525] [collision_monitor]: Robot to continue normal operation
[controller_server-15] [WARN] [1790432448.212310635] [controller_server]: RegulatedPurePursuitController detected collision ahead!
[collision_monitor-23] [INFO] [1790432448.355879092] [collision_monitor]: Robot to approach for 1.200000 seconds away from collision
[controller_server-15] [WARN] [1790432448.412315420] [controller_server]: RegulatedPurePursuitController detected collision ahead!
[collision_monitor-23] [INFO] [1790432448.415926219] [collision_monitor]: Robot to continue normal operation
[collision_monitor-23] [INFO] [1790432448.555950127] [collision_monitor]: Robot to approach for 1.200000 seconds away from collision
[collision_monitor-23] [INFO] [1790432448.615842764] [collision_monitor]: Robot to continue normal operation
[collision_monitor-23] [INFO] [1790432448.655877160] [collision_monitor]: Robot to approach for 1.200000 seconds away from collision
[collision_monitor-23] [INFO] [1790432448.715973572] [collision_monitor]: Robot to continue normal operation
[collision_monitor-23] [INFO] [1790432448.755719163] [collision_monitor]: Robot to approach for 1.200000 seconds away from collision
[controller_server-15] [INFO] [1790432448.761784702] [controller_server]: Passing new path to controller.
[controller_server-15] [WARN] [1790432448.762281751] [controller_server]: RegulatedPurePursuitController detected collision ahead!
[controller_server-15] [WARN] [1790432448.812085820] [controller_server]: RegulatedPurePursuitController detected collision ahead!
[collision_monitor-23] [INFO] [1790432448.815958338] [collision_monitor]: Robot to continue normal operation
[collision_monitor-23] [INFO] [1790432448.957193735] [collision_monitor]: Robot to approach for 1.200000 seconds away from collision
[controller_server-15] [WARN] [1790432449.112040396] [controller_server]: RegulatedPurePursuitController detected collision ahead!
[collision_monitor-23] [INFO] [1790432449.115891062] [collision_monitor]: Robot to continue normal operation
[controller_server-15] [WARN] [1790432449.162074560] [controller_server]: RegulatedPurePursuitController detected collision ahead!
[controller_server-15] [WARN] [1790432449.212536800] [controller_server]: RegulatedPurePursuitController detected collision ahead!
[controller_server-15] [WARN] [1790432449.262007037] [controller_server]: RegulatedPurePursuitController detected collision ahead!
[controller_server-15] [WARN] [1790432449.312195761] [controller_server]: RegulatedPurePursuitController detected collision ahead!
[controller_server-15] [WARN] [1790432449.362042275] [controller_server]: RegulatedPurePursuitController detected collision ahead!
[controller_server-15] [WARN] [1790432449.412028549] [controller_server]: RegulatedPurePursuitController detected collision ahead!
[controller_server-15] [ERROR] [1790432449.412083769] [controller_server]: Controller patience exceeded
[controller_server-15] [WARN] [1790432449.412183248] [controller_server]: [follow_path] [ActionServer] Aborting handle.
[controller_server-15] [INFO] [1790432449.431200483] [local_costmap.local_costmap]: Received request to clear entirely the local_costmap
[controller_server-15] [INFO] [1790432449.431691110] [controller_server]: Received a goal, begin computing control effort.
[controller_server-15] [INFO] [1790432449.781845927] [controller_server]: Passing new path to controller.
[collision_monitor-23] [INFO] [1790432449.815810317] [collision_monitor]: Robot to approach for 1.200000 seconds away from collision
[controller_server-15] [WARN] [1790432449.982054278] [controller_server]: RegulatedPurePursuitController detected collision ahead!
[collision_monitor-23] [INFO] [1790432450.015895034] [collision_monitor]: Robot to continue normal operation
[controller_server-15] [WARN] [1790432450.032053677] [controller_server]: RegulatedPurePursuitController detected collision ahead!
[controller_server-15] [WARN] [1790432450.182066392] [controller_server]: RegulatedPurePursuitController detected collision ahead!
[controller_server-15] [WARN] [1790432450.232279549] [controller_server]: RegulatedPurePursuitController detected collision ahead!
[controller_server-15] [WARN] [1790432450.282052972] [controller_server]: RegulatedPurePursuitController detected collision ahead!
[controller_server-15] [WARN] [1790432450.332041270] [controller_server]: RegulatedPurePursuitController detected collision ahead!
[controller_server-15] [WARN] [1790432450.382191319] [controller_server]: RegulatedPurePursuitController detected collision ahead!
[controller_server-15] [WARN] [1790432450.432044395] [controller_server]: RegulatedPurePursuitController detected collision ahead!
[collision_monitor-23] [INFO] [1790432450.816184473] [collision_monitor]: Robot to approach for 1.200000 seconds away from collision
[controller_server-15] [INFO] [1790432450.831830638] [controller_server]: Passing new path to controller.
[collision_monitor-23] [INFO] [1790432450.916117438] [collision_monitor]: Robot to continue normal operation
[collision_monitor-23] [INFO] [1790432450.955818350] [collision_monitor]: Robot to approach for 1.200000 seconds away from collision
[collision_monitor-23] [INFO] [1790432451.016021642] [collision_monitor]: Robot to continue normal operation
[controller_server-15] [INFO] [1790432451.831820833] [controller_server]: Passing new path to controller.
[controller_server-15] [WARN] [1790432452.032021853] [controller_server]: RegulatedPurePursuitController detected collision ahead!
[controller_server-15] [WARN] [1790432452.382026992] [controller_server]: RegulatedPurePursuitController detected collision ahead!
[controller_server-15] [WARN] [1790432452.432016407] [controller_server]: RegulatedPurePursuitController detected collision ahead!
[collision_monitor-23] [INFO] [1790432452.616111979] [collision_monitor]: Robot to approach for 1.200000 seconds away from collision
[controller_server-15] [WARN] [1790432452.632008134] [controller_server]: RegulatedPurePursuitController detected collision ahead!
[collision_monitor-23] [INFO] [1790432452.655822943] [collision_monitor]: Robot to continue normal operation
[collision_monitor-23] [INFO] [1790432452.755851338] [collision_monitor]: Robot to approach for 1.200000 seconds away from collision
[collision_monitor-23] [INFO] [1790432452.815890784] [collision_monitor]: Robot to continue normal operation
[collision_monitor-23] [INFO] [1790432452.855846504] [collision_monitor]: Robot to approach for 1.200000 seconds away from collision
[controller_server-15] [INFO] [1790432452.881831645] [controller_server]: Passing new path to controller.
[collision_monitor-23] [INFO] [1790432452.915972654] [collision_monitor]: Robot to continue normal operation
[collision_monitor-23] [INFO] [1790432452.955847743] [collision_monitor]: Robot to approach for 1.200000 seconds away from collision
[collision_monitor-23] [INFO] [1790432453.015862825] [collision_monitor]: Robot to continue normal operation
[collision_monitor-23] [INFO] [1790432453.055980783] [collision_monitor]: Robot to approach for 1.200000 seconds away from collision
[collision_monitor-23] [INFO] [1790432453.115951745] [collision_monitor]: Robot to continue normal operation
[collision_monitor-23] [INFO] [1790432453.155859156] [collision_monitor]: Robot to approach for 1.200000 seconds away from collision
[collision_monitor-23] [INFO] [1790432453.215950052] [collision_monitor]: Robot to continue normal operation
[collision_monitor-23] [INFO] [1790432453.255819276] [collision_monitor]: Robot to approach for 1.200000 seconds away from collision
[collision_monitor-23] [INFO] [1790432453.315944659] [collision_monitor]: Robot to continue normal operation
[collision_monitor-23] [INFO] [1790432453.355824075] [collision_monitor]: Robot to approach for 1.200000 seconds away from collision
[collision_monitor-23] [INFO] [1790432453.416042515] [collision_monitor]: Robot to continue normal operation
[collision_monitor-23] [INFO] [1790432453.555872907] [collision_monitor]: Robot to approach for 1.200000 seconds away from collision
[collision_monitor-23] [INFO] [1790432453.615906070] [collision_monitor]: Robot to continue normal operation
[controller_server-15] [INFO] [1790432453.881832443] [controller_server]: Passing new path to controller.
[controller_server-15] [INFO] [1790432454.931831449] [controller_server]: Passing new path to controller.
[controller_server-15] [INFO] [1790432455.931836220] [controller_server]: Passing new path to controller.
[controller_server-15] [INFO] [1790432456.981838571] [controller_server]: Passing new path to controller.
[controller_server-15] [INFO] [1790432457.981833213] [controller_server]: Passing new path to controller.
[controller_server-15] [INFO] [1790432459.031840793] [controller_server]: Passing new path to controller.
[controller_server-15] [INFO] [1790432459.931857511] [controller_server]: Reached the goal!
[bt_navigator-20] [INFO] [1790432459.961056299] [bt_navigator]: Goal succeeded
[bt_navigator-20] [INFO] [1790432460.962115192] [bt_navigator]: Begin navigating from current location (-2.92, -2.42) to (0.30, 0.00)
[nav_benchmark_runner.py-9] [INFO] [1790432460.962559256] [nav_benchmark_runner]: Goal 'return_to_start' accepted: x=0.30, y=0.00, yaw=0.0000
[controller_server-15] [INFO] [1790432460.982951125] [controller_server]: Received a goal, begin computing control effort.
[controller_server-15] [INFO] [1790432462.033096643] [controller_server]: Passing new path to controller.
[controller_server-15] [INFO] [1790432463.033113404] [controller_server]: Passing new path to controller.
[controller_server-15] [INFO] [1790432464.083096679] [controller_server]: Passing new path to controller.
[controller_server-15] [INFO] [1790432465.133101662] [controller_server]: Passing new path to controller.
[controller_server-15] [INFO] [1790432466.133101245] [controller_server]: Passing new path to controller.
[collision_monitor-23] [INFO] [1790432467.155775072] [collision_monitor]: Robot to approach for 1.200000 seconds away from collision
[controller_server-15] [INFO] [1790432467.183097359] [controller_server]: Passing new path to controller.
[collision_monitor-23] [INFO] [1790432467.215884047] [collision_monitor]: Robot to continue normal operation
[collision_monitor-23] [INFO] [1790432467.255736027] [collision_monitor]: Robot to approach for 1.200000 seconds away from collision
[collision_monitor-23] [INFO] [1790432467.315878441] [collision_monitor]: Robot to continue normal operation
[collision_monitor-23] [INFO] [1790432467.355797439] [collision_monitor]: Robot to approach for 1.200000 seconds away from collision
[collision_monitor-23] [INFO] [1790432467.415847913] [collision_monitor]: Robot to continue normal operation
[collision_monitor-23] [INFO] [1790432467.455825970] [collision_monitor]: Robot to approach for 1.200000 seconds away from collision
[collision_monitor-23] [INFO] [1790432467.515872605] [collision_monitor]: Robot to continue normal operation
[collision_monitor-23] [INFO] [1790432467.555795791] [collision_monitor]: Robot to approach for 1.200000 seconds away from collision
[collision_monitor-23] [INFO] [1790432467.615887802] [collision_monitor]: Robot to continue normal operation
[collision_monitor-23] [INFO] [1790432467.655746414] [collision_monitor]: Robot to approach for 1.200000 seconds away from collision
[collision_monitor-23] [INFO] [1790432467.716002340] [collision_monitor]: Robot to continue normal operation
[controller_server-15] [WARN] [1790432468.033338828] [controller_server]: RegulatedPurePursuitController detected collision ahead!
[collision_monitor-23] [INFO] [1790432468.165883742] [collision_monitor]: Robot to approach for 1.200000 seconds away from collision
[controller_server-15] [INFO] [1790432468.183094565] [controller_server]: Passing new path to controller.
[controller_server-15] [WARN] [1790432468.183474123] [controller_server]: RegulatedPurePursuitController detected collision ahead!
[collision_monitor-23] [INFO] [1790432468.226057571] [collision_monitor]: Robot to continue normal operation
[controller_server-15] [WARN] [1790432468.233332293] [controller_server]: RegulatedPurePursuitController detected collision ahead!
[collision_monitor-23] [INFO] [1790432468.366034420] [collision_monitor]: Robot to approach for 1.200000 seconds away from collision
[controller_server-15] [WARN] [1790432468.383357637] [controller_server]: RegulatedPurePursuitController detected collision ahead!
[collision_monitor-23] [INFO] [1790432468.425911066] [collision_monitor]: Robot to continue normal operation
[controller_server-15] [WARN] [1790432468.433382025] [controller_server]: RegulatedPurePursuitController detected collision ahead!
[collision_monitor-23] [INFO] [1790432468.565950675] [collision_monitor]: Robot to approach for 1.200000 seconds away from collision
[collision_monitor-23] [INFO] [1790432468.625989141] [collision_monitor]: Robot to continue normal operation
[controller_server-15] [WARN] [1790432468.633504709] [controller_server]: RegulatedPurePursuitController detected collision ahead!
[collision_monitor-23] [INFO] [1790432468.725991843] [collision_monitor]: Robot to approach for 1.200000 seconds away from collision
[controller_server-15] [WARN] [1790432468.783410748] [controller_server]: RegulatedPurePursuitController detected collision ahead!
[collision_monitor-23] [INFO] [1790432468.826068403] [collision_monitor]: Robot to continue normal operation
[controller_server-15] [WARN] [1790432468.833378450] [controller_server]: RegulatedPurePursuitController detected collision ahead!
[collision_monitor-23] [INFO] [1790432468.965924830] [collision_monitor]: Robot to approach for 1.200000 seconds away from collision
[controller_server-15] [WARN] [1790432468.983382222] [controller_server]: RegulatedPurePursuitController detected collision ahead!
[collision_monitor-23] [INFO] [1790432469.025920642] [collision_monitor]: Robot to continue normal operation
[controller_server-15] [WARN] [1790432469.033353485] [controller_server]: RegulatedPurePursuitController detected collision ahead!
[collision_monitor-23] [INFO] [1790432469.166027268] [collision_monitor]: Robot to approach for 1.200000 seconds away from collision
[controller_server-15] [INFO] [1790432469.233106732] [controller_server]: Passing new path to controller.
[controller_server-15] [WARN] [1790432469.233548422] [controller_server]: RegulatedPurePursuitController detected collision ahead!
[collision_monitor-23] [INFO] [1790432469.265920018] [collision_monitor]: Robot to continue normal operation
[controller_server-15] [WARN] [1790432469.333345602] [controller_server]: RegulatedPurePursuitController detected collision ahead!
[controller_server-15] [WARN] [1790432469.383349536] [controller_server]: RegulatedPurePursuitController detected collision ahead!
[controller_server-15] [WARN] [1790432469.433353539] [controller_server]: RegulatedPurePursuitController detected collision ahead!
[collision_monitor-23] [INFO] [1790432469.765889684] [collision_monitor]: Robot to approach for 1.200000 seconds away from collision
[collision_monitor-23] [INFO] [1790432469.825898760] [collision_monitor]: Robot to continue normal operation
[collision_monitor-23] [INFO] [1790432469.865869278] [collision_monitor]: Robot to approach for 1.200000 seconds away from collision
[collision_monitor-23] [INFO] [1790432469.965819621] [collision_monitor]: Robot to continue normal operation
[controller_server-15] [INFO] [1790432470.233140376] [controller_server]: Passing new path to controller.
[collision_monitor-23] [INFO] [1790432470.365855069] [collision_monitor]: Robot to approach for 1.200000 seconds away from collision
[collision_monitor-23] [INFO] [1790432470.405927230] [collision_monitor]: Robot to continue normal operation
[controller_server-15] [WARN] [1790432470.633669732] [controller_server]: RegulatedPurePursuitController detected collision ahead!
[collision_monitor-23] [INFO] [1790432470.965828831] [collision_monitor]: Robot to approach for 1.200000 seconds away from collision
[collision_monitor-23] [INFO] [1790432471.065822177] [collision_monitor]: Robot to continue normal operation
[controller_server-15] [INFO] [1790432471.283147445] [controller_server]: Passing new path to controller.
[controller_server-15] [WARN] [1790432471.433418801] [controller_server]: RegulatedPurePursuitController detected collision ahead!
[collision_monitor-23] [INFO] [1790432471.865811183] [collision_monitor]: Robot to approach for 1.200000 seconds away from collision
[collision_monitor-23] [INFO] [1790432471.905758454] [collision_monitor]: Robot to continue normal operation
[controller_server-15] [WARN] [1790432472.133388980] [controller_server]: RegulatedPurePursuitController detected collision ahead!
[controller_server-15] [WARN] [1790432472.183495255] [controller_server]: RegulatedPurePursuitController detected collision ahead!
[controller_server-15] [WARN] [1790432472.233565857] [controller_server]: RegulatedPurePursuitController detected collision ahead!
[controller_server-15] [INFO] [1790432472.283155257] [controller_server]: Passing new path to controller.
[collision_monitor-23] [INFO] [1790432472.665945604] [collision_monitor]: Robot to approach for 1.200000 seconds away from collision
[collision_monitor-23] [INFO] [1790432472.805765519] [collision_monitor]: Robot to continue normal operation
[collision_monitor-23] [INFO] [1790432473.165878198] [collision_monitor]: Robot to approach for 1.200000 seconds away from collision
[controller_server-15] [WARN] [1790432473.183438072] [controller_server]: RegulatedPurePursuitController detected collision ahead!
[collision_monitor-23] [INFO] [1790432473.206376481] [collision_monitor]: Robot to continue normal operation
[controller_server-15] [WARN] [1790432473.233445008] [controller_server]: RegulatedPurePursuitController detected collision ahead!
[controller_server-15] [INFO] [1790432473.333198625] [controller_server]: Passing new path to controller.
[collision_monitor-23] [INFO] [1790432473.365983079] [collision_monitor]: Robot to approach for 1.200000 seconds away from collision
[controller_server-15] [WARN] [1790432473.583416484] [controller_server]: RegulatedPurePursuitController detected collision ahead!
[collision_monitor-23] [INFO] [1790432473.605771907] [collision_monitor]: Robot to continue normal operation
[controller_server-15] [WARN] [1790432473.633426770] [controller_server]: RegulatedPurePursuitController detected collision ahead!
[collision_monitor-23] [INFO] [1790432473.765872482] [collision_monitor]: Robot to approach for 1.200000 seconds away from collision
[controller_server-15] [WARN] [1790432473.783446668] [controller_server]: RegulatedPurePursuitController detected collision ahead!
[collision_monitor-23] [INFO] [1790432473.805756505] [collision_monitor]: Robot to continue normal operation
[controller_server-15] [WARN] [1790432473.833392449] [controller_server]: RegulatedPurePursuitController detected collision ahead!
[collision_monitor-23] [INFO] [1790432473.965816451] [collision_monitor]: Robot to approach for 1.200000 seconds away from collision
[collision_monitor-23] [INFO] [1790432474.105745200] [collision_monitor]: Robot to continue normal operation
[collision_monitor-23] [INFO] [1790432474.165878818] [collision_monitor]: Robot to approach for 1.200000 seconds away from collision
[controller_server-15] [WARN] [1790432474.183527560] [controller_server]: RegulatedPurePursuitController detected collision ahead!
[collision_monitor-23] [INFO] [1790432474.205724235] [collision_monitor]: Robot to continue normal operation
[controller_server-15] [WARN] [1790432474.233433829] [controller_server]: RegulatedPurePursuitController detected collision ahead!
[controller_server-15] [INFO] [1790432474.333194497] [controller_server]: Passing new path to controller.
[collision_monitor-23] [INFO] [1790432474.365868651] [collision_monitor]: Robot to approach for 1.200000 seconds away from collision
[collision_monitor-23] [INFO] [1790432474.405745832] [collision_monitor]: Robot to continue normal operation
[controller_server-15] [WARN] [1790432474.433479022] [controller_server]: RegulatedPurePursuitController detected collision ahead!
[collision_monitor-23] [INFO] [1790432474.565867560] [collision_monitor]: Robot to approach for 1.200000 seconds away from collision
[collision_monitor-23] [INFO] [1790432474.605786558] [collision_monitor]: Robot to continue normal operation
[controller_server-15] [WARN] [1790432474.833571084] [controller_server]: RegulatedPurePursuitController detected collision ahead!
[controller_server-15] [WARN] [1790432474.983710846] [controller_server]: RegulatedPurePursuitController detected collision ahead!
[controller_server-15] [WARN] [1790432475.033540045] [controller_server]: RegulatedPurePursuitController detected collision ahead!
[collision_monitor-23] [INFO] [1790432475.365838204] [collision_monitor]: Robot to approach for 1.200000 seconds away from collision
[controller_server-15] [INFO] [1790432475.383258388] [controller_server]: Passing new path to controller.
[collision_monitor-23] [INFO] [1790432475.405982200] [collision_monitor]: Robot to continue normal operation
[collision_monitor-23] [INFO] [1790432475.465836576] [collision_monitor]: Robot to approach for 1.200000 seconds away from collision
[collision_monitor-23] [INFO] [1790432475.505778681] [collision_monitor]: Robot to continue normal operation
[controller_server-15] [WARN] [1790432475.633443644] [controller_server]: RegulatedPurePursuitController detected collision ahead!
[controller_server-15] [WARN] [1790432475.783605606] [controller_server]: RegulatedPurePursuitController detected collision ahead!
[controller_server-15] [WARN] [1790432475.833389846] [controller_server]: RegulatedPurePursuitController detected collision ahead!
[controller_server-15] [WARN] [1790432476.183523421] [controller_server]: RegulatedPurePursuitController detected collision ahead!
[controller_server-15] [WARN] [1790432476.233406582] [controller_server]: RegulatedPurePursuitController detected collision ahead!
[controller_server-15] [INFO] [1790432476.383158967] [controller_server]: Passing new path to controller.
[controller_server-15] [WARN] [1790432476.433511044] [controller_server]: RegulatedPurePursuitController detected collision ahead!
[controller_server-15] [WARN] [1790432476.633647270] [controller_server]: RegulatedPurePursuitController detected collision ahead!
[controller_server-15] [WARN] [1790432476.783550794] [controller_server]: RegulatedPurePursuitController detected collision ahead!
[controller_server-15] [WARN] [1790432476.833570993] [controller_server]: RegulatedPurePursuitController detected collision ahead!
[controller_server-15] [WARN] [1790432477.033479148] [controller_server]: RegulatedPurePursuitController detected collision ahead!
[controller_server-15] [INFO] [1790432477.433113533] [controller_server]: Passing new path to controller.
[controller_server-15] [WARN] [1790432477.433565135] [controller_server]: RegulatedPurePursuitController detected collision ahead!
[collision_monitor-23] [INFO] [1790432477.565870599] [collision_monitor]: Robot to approach for 1.200000 seconds away from collision
[controller_server-15] [WARN] [1790432477.583459584] [controller_server]: RegulatedPurePursuitController detected collision ahead!
[collision_monitor-23] [INFO] [1790432477.605870018] [collision_monitor]: Robot to continue normal operation
[controller_server-15] [WARN] [1790432477.633531443] [controller_server]: RegulatedPurePursuitController detected collision ahead!
[controller_server-15] [WARN] [1790432477.833415932] [controller_server]: RegulatedPurePursuitController detected collision ahead!
[controller_server-15] [WARN] [1790432477.983482114] [controller_server]: RegulatedPurePursuitController detected collision ahead!
[controller_server-15] [WARN] [1790432478.033726823] [controller_server]: RegulatedPurePursuitController detected collision ahead!
[controller_server-15] [WARN] [1790432478.383491449] [controller_server]: RegulatedPurePursuitController detected collision ahead!
[controller_server-15] [INFO] [1790432478.433158897] [controller_server]: Passing new path to controller.
[controller_server-15] [WARN] [1790432478.433747188] [controller_server]: RegulatedPurePursuitController detected collision ahead!
[controller_server-15] [WARN] [1790432478.833432115] [controller_server]: RegulatedPurePursuitController detected collision ahead!
[collision_monitor-23] [INFO] [1790432479.365908106] [collision_monitor]: Robot to approach for 1.200000 seconds away from collision
[controller_server-15] [WARN] [1790432479.383643483] [controller_server]: RegulatedPurePursuitController detected collision ahead!
[collision_monitor-23] [INFO] [1790432479.405960580] [collision_monitor]: Robot to continue normal operation
[controller_server-15] [WARN] [1790432479.433548635] [controller_server]: RegulatedPurePursuitController detected collision ahead!
[controller_server-15] [INFO] [1790432479.483231650] [controller_server]: Passing new path to controller.
[collision_monitor-23] [INFO] [1790432479.565825336] [collision_monitor]: Robot to approach for 1.200000 seconds away from collision
[collision_monitor-23] [INFO] [1790432479.606080400] [collision_monitor]: Robot to continue normal operation
[controller_server-15] [WARN] [1790432479.783482830] [controller_server]: RegulatedPurePursuitController detected collision ahead!
[controller_server-15] [WARN] [1790432479.833490882] [controller_server]: RegulatedPurePursuitController detected collision ahead!
[collision_monitor-23] [INFO] [1790432479.965861827] [collision_monitor]: Robot to approach for 1.200000 seconds away from collision
[collision_monitor-23] [INFO] [1790432480.005700752] [collision_monitor]: Robot to continue normal operation
[controller_server-15] [WARN] [1790432480.333430594] [controller_server]: RegulatedPurePursuitController detected collision ahead!
[controller_server-15] [WARN] [1790432480.383566329] [controller_server]: RegulatedPurePursuitController detected collision ahead!
[controller_server-15] [WARN] [1790432480.433732362] [controller_server]: RegulatedPurePursuitController detected collision ahead!
[controller_server-15] [INFO] [1790432480.483106815] [controller_server]: Passing new path to controller.
[collision_monitor-23] [INFO] [1790432481.166010115] [collision_monitor]: Robot to approach for 1.200000 seconds away from collision
[collision_monitor-23] [INFO] [1790432481.205746977] [collision_monitor]: Robot to continue normal operation
[controller_server-15] [WARN] [1790432481.383431441] [controller_server]: RegulatedPurePursuitController detected collision ahead!
[controller_server-15] [WARN] [1790432481.433451500] [controller_server]: RegulatedPurePursuitController detected collision ahead!
[controller_server-15] [INFO] [1790432481.533111990] [controller_server]: Passing new path to controller.
[controller_server-15] [WARN] [1790432481.633408941] [controller_server]: RegulatedPurePursuitController detected collision ahead!
[collision_monitor-23] [INFO] [1790432481.765819091] [collision_monitor]: Robot to approach for 1.200000 seconds away from collision
[collision_monitor-23] [INFO] [1790432481.805717004] [collision_monitor]: Robot to continue normal operation
[collision_monitor-23] [INFO] [1790432481.865879364] [collision_monitor]: Robot to approach for 1.200000 seconds away from collision
[collision_monitor-23] [INFO] [1790432481.905740801] [collision_monitor]: Robot to continue normal operation
[controller_server-15] [WARN] [1790432481.983327282] [controller_server]: RegulatedPurePursuitController detected collision ahead!
[controller_server-15] [WARN] [1790432482.033407097] [controller_server]: RegulatedPurePursuitController detected collision ahead!
[controller_server-15] [WARN] [1790432482.233341730] [controller_server]: RegulatedPurePursuitController detected collision ahead!
[controller_server-15] [INFO] [1790432482.533107909] [controller_server]: Passing new path to controller.
[collision_monitor-23] [INFO] [1790432482.565889100] [collision_monitor]: Robot to approach for 1.200000 seconds away from collision
[controller_server-15] [WARN] [1790432482.583375613] [controller_server]: RegulatedPurePursuitController detected collision ahead!
[collision_monitor-23] [INFO] [1790432482.605855080] [collision_monitor]: Robot to continue normal operation
[controller_server-15] [WARN] [1790432482.633354109] [controller_server]: RegulatedPurePursuitController detected collision ahead!
[controller_server-15] [WARN] [1790432482.783366867] [controller_server]: RegulatedPurePursuitController detected collision ahead!
[controller_server-15] [WARN] [1790432482.833382543] [controller_server]: RegulatedPurePursuitController detected collision ahead!
[controller_server-15] [WARN] [1790432483.233386412] [controller_server]: RegulatedPurePursuitController detected collision ahead!
[controller_server-15] [WARN] [1790432483.383331634] [controller_server]: RegulatedPurePursuitController detected collision ahead!
[controller_server-15] [WARN] [1790432483.433339672] [controller_server]: RegulatedPurePursuitController detected collision ahead!
[controller_server-15] [INFO] [1790432483.583103739] [controller_server]: Passing new path to controller.
[controller_server-15] [INFO] [1790432484.583111976] [controller_server]: Passing new path to controller.
[controller_server-15] [INFO] [1790432485.633127351] [controller_server]: Passing new path to controller.
[controller_server-15] [INFO] [1790432486.633100824] [controller_server]: Passing new path to controller.
[controller_server-15] [INFO] [1790432487.683103513] [controller_server]: Passing new path to controller.
[controller_server-15] [INFO] [1790432488.683101274] [controller_server]: Passing new path to controller.
[controller_server-15] [INFO] [1790432488.933128481] [controller_server]: Reached the goal!
[bt_navigator-20] [INFO] [1790432488.962488595] [bt_navigator]: Goal succeeded
[nav_benchmark_runner.py-9] [INFO] [1790432489.970224432] [nav_benchmark_runner]: Saved trial 3 (south_west_corridor): SUCCEEDED, error=0.079 m
[bt_navigator-20] [INFO] [1790432489.971329819] [bt_navigator]: Begin navigating from current location (0.26, -0.10) to (-2.50, 2.00)
[nav_benchmark_runner.py-9] [INFO] [1790432489.972438371] [nav_benchmark_runner]: Goal 'north_west_turn' accepted: x=-2.50, y=2.00, yaw=1.5708
[controller_server-15] [INFO] [1790432489.992168812] [controller_server]: Received a goal, begin computing control effort.
[controller_server-15] [INFO] [1790432491.042312180] [controller_server]: Passing new path to controller.
[controller_server-15] [INFO] [1790432492.092313913] [controller_server]: Passing new path to controller.
[controller_server-15] [INFO] [1790432493.092325595] [controller_server]: Passing new path to controller.
[collision_monitor-23] [INFO] [1790432494.066053548] [collision_monitor]: Robot to approach for 1.200000 seconds away from collision
[controller_server-15] [WARN] [1790432494.092670904] [controller_server]: RegulatedPurePursuitController detected collision ahead!
[collision_monitor-23] [INFO] [1790432494.116114578] [collision_monitor]: Robot to continue normal operation
[controller_server-15] [INFO] [1790432494.142317753] [controller_server]: Passing new path to controller.
[controller_server-15] [WARN] [1790432494.392594303] [controller_server]: RegulatedPurePursuitController detected collision ahead!
[controller_server-15] [WARN] [1790432494.442599818] [controller_server]: RegulatedPurePursuitController detected collision ahead!
[controller_server-15] [WARN] [1790432494.992627688] [controller_server]: RegulatedPurePursuitController detected collision ahead!
[controller_server-15] [WARN] [1790432495.042644272] [controller_server]: RegulatedPurePursuitController detected collision ahead!
[controller_server-15] [INFO] [1790432495.142311171] [controller_server]: Passing new path to controller.
[collision_monitor-23] [INFO] [1790432495.176039115] [collision_monitor]: Robot to approach for 1.200000 seconds away from collision
[controller_server-15] [WARN] [1790432495.192644087] [controller_server]: RegulatedPurePursuitController detected collision ahead!
[collision_monitor-23] [INFO] [1790432495.215960834] [collision_monitor]: Robot to continue normal operation
[controller_server-15] [WARN] [1790432495.242751110] [controller_server]: RegulatedPurePursuitController detected collision ahead!
[collision_monitor-23] [INFO] [1790432495.376022636] [collision_monitor]: Robot to approach for 1.200000 seconds away from collision
[collision_monitor-23] [INFO] [1790432495.415968808] [collision_monitor]: Robot to continue normal operation
[collision_monitor-23] [INFO] [1790432495.575966009] [collision_monitor]: Robot to approach for 1.200000 seconds away from collision
[collision_monitor-23] [INFO] [1790432495.615909729] [collision_monitor]: Robot to continue normal operation
[controller_server-15] [WARN] [1790432495.642625455] [controller_server]: RegulatedPurePursuitController detected collision ahead!
[controller_server-15] [WARN] [1790432495.792730018] [controller_server]: RegulatedPurePursuitController detected collision ahead!
[controller_server-15] [WARN] [1790432495.842738248] [controller_server]: RegulatedPurePursuitController detected collision ahead!
[controller_server-15] [WARN] [1790432495.992715431] [controller_server]: RegulatedPurePursuitController detected collision ahead!
[controller_server-15] [WARN] [1790432496.042698822] [controller_server]: RegulatedPurePursuitController detected collision ahead!
[collision_monitor-23] [INFO] [1790432496.175992851] [collision_monitor]: Robot to approach for 1.200000 seconds away from collision
[controller_server-15] [INFO] [1790432496.192314899] [controller_server]: Passing new path to controller.
[controller_server-15] [WARN] [1790432496.192861510] [controller_server]: RegulatedPurePursuitController detected collision ahead!
[collision_monitor-23] [INFO] [1790432496.215884794] [collision_monitor]: Robot to continue normal operation
[controller_server-15] [WARN] [1790432496.242640216] [controller_server]: RegulatedPurePursuitController detected collision ahead!
[controller_server-15] [WARN] [1790432496.542715891] [controller_server]: RegulatedPurePursuitController detected collision ahead!
[controller_server-15] [WARN] [1790432496.592627607] [controller_server]: RegulatedPurePursuitController detected collision ahead!
[controller_server-15] [WARN] [1790432496.642674926] [controller_server]: RegulatedPurePursuitController detected collision ahead!
[controller_server-15] [INFO] [1790432497.192313464] [controller_server]: Passing new path to controller.
[controller_server-15] [WARN] [1790432497.192884070] [controller_server]: RegulatedPurePursuitController detected collision ahead!
[controller_server-15] [WARN] [1790432497.242597317] [controller_server]: RegulatedPurePursuitController detected collision ahead!
[collision_monitor-23] [INFO] [1790432497.375949632] [collision_monitor]: Robot to approach for 1.200000 seconds away from collision
[controller_server-15] [WARN] [1790432497.392650978] [controller_server]: RegulatedPurePursuitController detected collision ahead!
[collision_monitor-23] [INFO] [1790432497.416104928] [collision_monitor]: Robot to continue normal operation
[controller_server-15] [WARN] [1790432497.442653274] [controller_server]: RegulatedPurePursuitController detected collision ahead!
[collision_monitor-23] [INFO] [1790432497.565916876] [collision_monitor]: Robot to approach for 1.200000 seconds away from collision
[collision_monitor-23] [INFO] [1790432497.615907898] [collision_monitor]: Robot to continue normal operation
[controller_server-15] [WARN] [1790432497.642601328] [controller_server]: RegulatedPurePursuitController detected collision ahead!
[collision_monitor-23] [INFO] [1790432497.765953577] [collision_monitor]: Robot to approach for 1.200000 seconds away from collision
[collision_monitor-23] [INFO] [1790432497.815875768] [collision_monitor]: Robot to continue normal operation
[controller_server-15] [WARN] [1790432497.842709942] [controller_server]: RegulatedPurePursuitController detected collision ahead!
[controller_server-15] [WARN] [1790432498.042547521] [controller_server]: RegulatedPurePursuitController detected collision ahead!
[controller_server-15] [WARN] [1790432498.192601502] [controller_server]: RegulatedPurePursuitController detected collision ahead!
[controller_server-15] [INFO] [1790432498.242314374] [controller_server]: Passing new path to controller.
[controller_server-15] [WARN] [1790432498.242988998] [controller_server]: RegulatedPurePursuitController detected collision ahead!
[controller_server-15] [WARN] [1790432498.442581192] [controller_server]: RegulatedPurePursuitController detected collision ahead!
[controller_server-15] [WARN] [1790432498.842541709] [controller_server]: RegulatedPurePursuitController detected collision ahead!
[controller_server-15] [WARN] [1790432499.192647853] [controller_server]: RegulatedPurePursuitController detected collision ahead!
[controller_server-15] [INFO] [1790432499.242310237] [controller_server]: Passing new path to controller.
[controller_server-15] [WARN] [1790432499.242730582] [controller_server]: RegulatedPurePursuitController detected collision ahead!
[collision_monitor-23] [INFO] [1790432499.555816946] [collision_monitor]: Robot to approach for 1.200000 seconds away from collision
[controller_server-15] [WARN] [1790432499.592623670] [controller_server]: RegulatedPurePursuitController detected collision ahead!
[collision_monitor-23] [INFO] [1790432499.615915871] [collision_monitor]: Robot to continue normal operation
[controller_server-15] [WARN] [1790432499.642573073] [controller_server]: RegulatedPurePursuitController detected collision ahead!
[collision_monitor-23] [INFO] [1790432499.755766851] [collision_monitor]: Robot to approach for 1.200000 seconds away from collision
[collision_monitor-23] [INFO] [1790432499.815841070] [collision_monitor]: Robot to continue normal operation
[controller_server-15] [WARN] [1790432499.842522698] [controller_server]: RegulatedPurePursuitController detected collision ahead!
[collision_monitor-23] [INFO] [1790432499.955738312] [collision_monitor]: Robot to approach for 1.200000 seconds away from collision
[controller_server-15] [WARN] [1790432499.992608515] [controller_server]: RegulatedPurePursuitController detected collision ahead!
[collision_monitor-23] [INFO] [1790432500.015883825] [collision_monitor]: Robot to continue normal operation
[controller_server-15] [WARN] [1790432500.192609962] [controller_server]: RegulatedPurePursuitController detected collision ahead!
[controller_server-15] [WARN] [1790432500.242736892] [controller_server]: RegulatedPurePursuitController detected collision ahead!
[controller_server-15] [INFO] [1790432500.292313340] [controller_server]: Passing new path to controller.
[controller_server-15] [WARN] [1790432500.442622967] [controller_server]: RegulatedPurePursuitController detected collision ahead!
[controller_server-15] [WARN] [1790432500.892697540] [controller_server]: RegulatedPurePursuitController detected collision ahead!
[controller_server-15] [WARN] [1790432500.942549754] [controller_server]: RegulatedPurePursuitController detected collision ahead!
[controller_server-15] [INFO] [1790432501.292309134] [controller_server]: Passing new path to controller.
[controller_server-15] [WARN] [1790432501.642546526] [controller_server]: RegulatedPurePursuitController detected collision ahead!
[controller_server-15] [WARN] [1790432502.092605665] [controller_server]: RegulatedPurePursuitController detected collision ahead!
[controller_server-15] [WARN] [1790432502.292654558] [controller_server]: RegulatedPurePursuitController detected collision ahead!
[controller_server-15] [INFO] [1790432502.342311291] [controller_server]: Passing new path to controller.
[controller_server-15] [WARN] [1790432502.642533204] [controller_server]: RegulatedPurePursuitController detected collision ahead!
[controller_server-15] [WARN] [1790432502.792626744] [controller_server]: RegulatedPurePursuitController detected collision ahead!
[controller_server-15] [WARN] [1790432502.842698565] [controller_server]: RegulatedPurePursuitController detected collision ahead!
[controller_server-15] [INFO] [1790432503.342311895] [controller_server]: Passing new path to controller.
[collision_monitor-23] [INFO] [1790432503.555788834] [collision_monitor]: Robot to approach for 1.200000 seconds away from collision
[controller_server-15] [WARN] [1790432503.592596017] [controller_server]: RegulatedPurePursuitController detected collision ahead!
[collision_monitor-23] [INFO] [1790432503.615951710] [collision_monitor]: Robot to continue normal operation
[controller_server-15] [WARN] [1790432503.642538977] [controller_server]: RegulatedPurePursuitController detected collision ahead!
[controller_server-15] [WARN] [1790432503.842539035] [controller_server]: RegulatedPurePursuitController detected collision ahead!
[collision_monitor-23] [INFO] [1790432503.955782235] [collision_monitor]: Robot to approach for 1.200000 seconds away from collision
[collision_monitor-23] [INFO] [1790432504.015872110] [collision_monitor]: Robot to continue normal operation
[controller_server-15] [WARN] [1790432504.342527846] [controller_server]: RegulatedPurePursuitController detected collision ahead!
[controller_server-15] [INFO] [1790432504.392309309] [controller_server]: Passing new path to controller.
[controller_server-15] [WARN] [1790432504.842512506] [controller_server]: RegulatedPurePursuitController detected collision ahead!
[controller_server-15] [INFO] [1790432505.392316622] [controller_server]: Passing new path to controller.
[collision_monitor-23] [INFO] [1790432505.455836572] [collision_monitor]: Robot to approach for 1.200000 seconds away from collision
[collision_monitor-23] [INFO] [1790432505.515874549] [collision_monitor]: Robot to continue normal operation
[collision_monitor-23] [INFO] [1790432505.555845255] [collision_monitor]: Robot to approach for 1.200000 seconds away from collision
[collision_monitor-23] [INFO] [1790432505.615848688] [collision_monitor]: Robot to continue normal operation
[controller_server-15] [WARN] [1790432505.642551533] [controller_server]: RegulatedPurePursuitController detected collision ahead!
[collision_monitor-23] [INFO] [1790432505.755855067] [collision_monitor]: Robot to approach for 1.200000 seconds away from collision
[collision_monitor-23] [INFO] [1790432505.815828922] [collision_monitor]: Robot to continue normal operation
[collision_monitor-23] [INFO] [1790432505.855747742] [collision_monitor]: Robot to approach for 1.200000 seconds away from collision
[collision_monitor-23] [INFO] [1790432505.915824947] [collision_monitor]: Robot to continue normal operation
[collision_monitor-23] [INFO] [1790432505.955867467] [collision_monitor]: Robot to approach for 1.200000 seconds away from collision
[collision_monitor-23] [INFO] [1790432506.015830524] [collision_monitor]: Robot to continue normal operation
[collision_monitor-23] [INFO] [1790432506.076186658] [collision_monitor]: Robot to approach for 1.200000 seconds away from collision
[collision_monitor-23] [INFO] [1790432506.115942145] [collision_monitor]: Robot to continue normal operation
[controller_server-15] [WARN] [1790432506.192597312] [controller_server]: RegulatedPurePursuitController detected collision ahead!
[controller_server-15] [WARN] [1790432506.242495313] [controller_server]: RegulatedPurePursuitController detected collision ahead!
[controller_server-15] [INFO] [1790432506.442300225] [controller_server]: Passing new path to controller.
[controller_server-15] [INFO] [1790432507.442310182] [controller_server]: Passing new path to controller.
[controller_server-15] [WARN] [1790432507.992459549] [controller_server]: RegulatedPurePursuitController detected collision ahead!
[controller_server-15] [WARN] [1790432508.042449090] [controller_server]: RegulatedPurePursuitController detected collision ahead!
[controller_server-15] [WARN] [1790432508.242429974] [controller_server]: RegulatedPurePursuitController detected collision ahead!
[controller_server-15] [INFO] [1790432508.492313642] [controller_server]: Passing new path to controller.
[controller_server-15] [INFO] [1790432509.492310140] [controller_server]: Passing new path to controller.
[controller_server-15] [INFO] [1790432510.542298916] [controller_server]: Passing new path to controller.
[controller_server-15] [INFO] [1790432511.542309842] [controller_server]: Passing new path to controller.
[controller_server-15] [INFO] [1790432512.592307902] [controller_server]: Passing new path to controller.
[controller_server-15] [INFO] [1790432513.592309685] [controller_server]: Passing new path to controller.
[controller_server-15] [INFO] [1790432514.142344058] [controller_server]: Reached the goal!
[bt_navigator-20] [INFO] [1790432514.171767215] [bt_navigator]: Goal succeeded
[bt_navigator-20] [INFO] [1790432515.174154891] [bt_navigator]: Begin navigating from current location (-2.42, 2.02) to (0.30, 0.00)
[nav_benchmark_runner.py-9] [INFO] [1790432515.174593464] [nav_benchmark_runner]: Goal 'return_to_start' accepted: x=0.30, y=0.00, yaw=0.0000
[controller_server-15] [INFO] [1790432515.185052306] [controller_server]: Received a goal, begin computing control effort.
[controller_server-15] [INFO] [1790432516.235200801] [controller_server]: Passing new path to controller.
[controller_server-15] [INFO] [1790432517.285195177] [controller_server]: Passing new path to controller.
[controller_server-15] [INFO] [1790432518.285203439] [controller_server]: Passing new path to controller.
[controller_server-15] [WARN] [1790432518.785481964] [controller_server]: RegulatedPurePursuitController detected collision ahead!
[controller_server-15] [WARN] [1790432518.835421735] [controller_server]: RegulatedPurePursuitController detected collision ahead!
[controller_server-15] [WARN] [1790432518.985515556] [controller_server]: RegulatedPurePursuitController detected collision ahead!
[controller_server-15] [WARN] [1790432519.035442085] [controller_server]: RegulatedPurePursuitController detected collision ahead!
[controller_server-15] [WARN] [1790432519.235419203] [controller_server]: RegulatedPurePursuitController detected collision ahead!
[controller_server-15] [INFO] [1790432519.335199297] [controller_server]: Passing new path to controller.
[controller_server-15] [WARN] [1790432519.435410845] [controller_server]: RegulatedPurePursuitController detected collision ahead!
[controller_server-15] [WARN] [1790432519.635408115] [controller_server]: RegulatedPurePursuitController detected collision ahead!
[collision_monitor-23] [INFO] [1790432519.756219674] [collision_monitor]: Robot to approach for 1.200000 seconds away from collision
[collision_monitor-23] [INFO] [1790432519.816140389] [collision_monitor]: Robot to continue normal operation
[controller_server-15] [WARN] [1790432519.835455973] [controller_server]: RegulatedPurePursuitController detected collision ahead!
[collision_monitor-23] [INFO] [1790432519.955745117] [collision_monitor]: Robot to approach for 1.200000 seconds away from collision
[collision_monitor-23] [INFO] [1790432520.016058549] [collision_monitor]: Robot to continue normal operation
[controller_server-15] [WARN] [1790432520.035409780] [controller_server]: RegulatedPurePursuitController detected collision ahead!
[collision_monitor-23] [INFO] [1790432520.155747070] [collision_monitor]: Robot to approach for 1.200000 seconds away from collision
[collision_monitor-23] [INFO] [1790432520.215844413] [collision_monitor]: Robot to continue normal operation
[controller_server-15] [WARN] [1790432520.235428564] [controller_server]: RegulatedPurePursuitController detected collision ahead!
[controller_server-15] [INFO] [1790432520.335197527] [controller_server]: Passing new path to controller.
[controller_server-15] [WARN] [1790432520.435420371] [controller_server]: RegulatedPurePursuitController detected collision ahead!
[controller_server-15] [WARN] [1790432520.635424554] [controller_server]: RegulatedPurePursuitController detected collision ahead!
[controller_server-15] [WARN] [1790432521.035500275] [controller_server]: RegulatedPurePursuitController detected collision ahead!
[controller_server-15] [WARN] [1790432521.135424012] [controller_server]: RegulatedPurePursuitController detected collision ahead!
[controller_server-15] [WARN] [1790432521.185420001] [controller_server]: RegulatedPurePursuitController detected collision ahead!
[controller_server-15] [WARN] [1790432521.235417938] [controller_server]: RegulatedPurePursuitController detected collision ahead!
[controller_server-15] [INFO] [1790432521.385201876] [controller_server]: Passing new path to controller.
[controller_server-15] [WARN] [1790432521.435435911] [controller_server]: RegulatedPurePursuitController detected collision ahead!
[controller_server-15] [WARN] [1790432521.635424876] [controller_server]: RegulatedPurePursuitController detected collision ahead!
[controller_server-15] [WARN] [1790432521.835530916] [controller_server]: RegulatedPurePursuitController detected collision ahead!
[collision_monitor-23] [INFO] [1790432521.955761535] [collision_monitor]: Robot to approach for 1.200000 seconds away from collision
[collision_monitor-23] [INFO] [1790432522.015962165] [collision_monitor]: Robot to continue normal operation
[controller_server-15] [WARN] [1790432522.035477851] [controller_server]: RegulatedPurePursuitController detected collision ahead!
[collision_monitor-23] [INFO] [1790432522.155761742] [collision_monitor]: Robot to approach for 1.200000 seconds away from collision
[collision_monitor-23] [INFO] [1790432522.215803820] [collision_monitor]: Robot to continue normal operation
[controller_server-15] [INFO] [1790432522.385245010] [controller_server]: Passing new path to controller.
[collision_monitor-23] [INFO] [1790432522.555754815] [collision_monitor]: Robot to approach for 1.200000 seconds away from collision
[collision_monitor-23] [INFO] [1790432522.615897109] [collision_monitor]: Robot to continue normal operation
[controller_server-15] [WARN] [1790432522.635427410] [controller_server]: RegulatedPurePursuitController detected collision ahead!
[controller_server-15] [INFO] [1790432523.435243901] [controller_server]: Passing new path to controller.
[controller_server-15] [WARN] [1790432523.435620967] [controller_server]: RegulatedPurePursuitController detected collision ahead!
[collision_monitor-23] [INFO] [1790432523.755817105] [collision_monitor]: Robot to approach for 1.200000 seconds away from collision
[collision_monitor-23] [INFO] [1790432523.816041631] [collision_monitor]: Robot to continue normal operation
[controller_server-15] [WARN] [1790432523.835452383] [controller_server]: RegulatedPurePursuitController detected collision ahead!
[controller_server-15] [WARN] [1790432524.035442105] [controller_server]: RegulatedPurePursuitController detected collision ahead!
[collision_monitor-23] [INFO] [1790432524.155870028] [collision_monitor]: Robot to approach for 1.200000 seconds away from collision
[collision_monitor-23] [INFO] [1790432524.215917297] [collision_monitor]: Robot to continue normal operation
[controller_server-15] [WARN] [1790432524.235418777] [controller_server]: RegulatedPurePursuitController detected collision ahead!
[collision_monitor-23] [INFO] [1790432524.355843845] [collision_monitor]: Robot to approach for 1.200000 seconds away from collision
[collision_monitor-23] [INFO] [1790432524.415899819] [collision_monitor]: Robot to continue normal operation
[controller_server-15] [INFO] [1790432524.435199401] [controller_server]: Passing new path to controller.
[collision_monitor-23] [INFO] [1790432524.455851681] [collision_monitor]: Robot to approach for 1.200000 seconds away from collision
[collision_monitor-23] [INFO] [1790432524.516828142] [collision_monitor]: Robot to continue normal operation
[collision_monitor-23] [INFO] [1790432524.555865855] [collision_monitor]: Robot to approach for 1.200000 seconds away from collision
[controller_server-15] [WARN] [1790432524.585549522] [controller_server]: RegulatedPurePursuitController detected collision ahead!
[collision_monitor-23] [INFO] [1790432524.615926844] [collision_monitor]: Robot to continue normal operation
[controller_server-15] [WARN] [1790432524.635588575] [controller_server]: RegulatedPurePursuitController detected collision ahead!
[collision_monitor-23] [INFO] [1790432524.755837931] [collision_monitor]: Robot to approach for 1.200000 seconds away from collision
[controller_server-15] [WARN] [1790432524.785584277] [controller_server]: RegulatedPurePursuitController detected collision ahead!
[collision_monitor-23] [INFO] [1790432524.816037163] [collision_monitor]: Robot to continue normal operation
[controller_server-15] [WARN] [1790432524.835438077] [controller_server]: RegulatedPurePursuitController detected collision ahead!
[collision_monitor-23] [INFO] [1790432524.955855066] [collision_monitor]: Robot to approach for 1.200000 seconds away from collision
[controller_server-15] [WARN] [1790432524.985578151] [controller_server]: RegulatedPurePursuitController detected collision ahead!
[collision_monitor-23] [INFO] [1790432525.015967853] [collision_monitor]: Robot to continue normal operation
[controller_server-15] [WARN] [1790432525.385409392] [controller_server]: RegulatedPurePursuitController detected collision ahead!
[controller_server-15] [WARN] [1790432525.435424362] [controller_server]: RegulatedPurePursuitController detected collision ahead!
[controller_server-15] [INFO] [1790432525.485214525] [controller_server]: Passing new path to controller.
[collision_monitor-23] [INFO] [1790432525.667045605] [collision_monitor]: Robot to approach for 1.200000 seconds away from collision
[controller_server-15] [WARN] [1790432525.885445123] [controller_server]: RegulatedPurePursuitController detected collision ahead!
[collision_monitor-23] [INFO] [1790432525.905710082] [collision_monitor]: Robot to continue normal operation
[controller_server-15] [WARN] [1790432525.935427490] [controller_server]: RegulatedPurePursuitController detected collision ahead!
[controller_server-15] [WARN] [1790432525.985433752] [controller_server]: RegulatedPurePursuitController detected collision ahead!
[controller_server-15] [WARN] [1790432526.035451083] [controller_server]: RegulatedPurePursuitController detected collision ahead!
[controller_server-15] [WARN] [1790432526.135436035] [controller_server]: RegulatedPurePursuitController detected collision ahead!
[controller_server-15] [WARN] [1790432526.185506521] [controller_server]: RegulatedPurePursuitController detected collision ahead!
[controller_server-15] [WARN] [1790432526.235447049] [controller_server]: RegulatedPurePursuitController detected collision ahead!
[controller_server-15] [WARN] [1790432526.285446807] [controller_server]: RegulatedPurePursuitController detected collision ahead!
[controller_server-15] [WARN] [1790432526.335445380] [controller_server]: RegulatedPurePursuitController detected collision ahead!
[controller_server-15] [WARN] [1790432526.385443326] [controller_server]: RegulatedPurePursuitController detected collision ahead!
[controller_server-15] [WARN] [1790432526.435518690] [controller_server]: RegulatedPurePursuitController detected collision ahead!
[controller_server-15] [ERROR] [1790432526.435566980] [controller_server]: Controller patience exceeded
[controller_server-15] [WARN] [1790432526.435656870] [controller_server]: [follow_path] [ActionServer] Aborting handle.
[controller_server-15] [INFO] [1790432526.455090853] [local_costmap.local_costmap]: Received request to clear entirely the local_costmap
[controller_server-15] [INFO] [1790432526.455533268] [controller_server]: Received a goal, begin computing control effort.
[controller_server-15] [INFO] [1790432526.655657171] [controller_server]: Passing new path to controller.
[controller_server-15] [WARN] [1790432526.656221600] [controller_server]: Control loop missed its desired rate of 20.0000 Hz. Current loop rate is 4.9751 Hz.
[collision_monitor-23] [INFO] [1790432527.105860057] [collision_monitor]: Robot to approach for 1.200000 seconds away from collision
[controller_server-15] [WARN] [1790432527.406806352] [controller_server]: RegulatedPurePursuitController detected collision ahead!
[controller_server-15] [WARN] [1790432527.456756658] [controller_server]: RegulatedPurePursuitController detected collision ahead!
[collision_monitor-23] [INFO] [1790432527.465846426] [collision_monitor]: Robot to continue normal operation
[controller_server-15] [INFO] [1790432527.506351502] [controller_server]: Passing new path to controller.
[controller_server-15] [WARN] [1790432527.507024648] [controller_server]: RegulatedPurePursuitController detected collision ahead!
[controller_server-15] [WARN] [1790432527.556588267] [controller_server]: RegulatedPurePursuitController detected collision ahead!
[controller_server-15] [WARN] [1790432527.606908880] [controller_server]: RegulatedPurePursuitController detected collision ahead!
[controller_server-15] [WARN] [1790432527.656733868] [controller_server]: RegulatedPurePursuitController detected collision ahead!
[controller_server-15] [WARN] [1790432527.706709892] [controller_server]: RegulatedPurePursuitController detected collision ahead!
[controller_server-15] [ERROR] [1790432527.706785027] [controller_server]: Controller patience exceeded
[controller_server-15] [WARN] [1790432527.706917662] [controller_server]: [follow_path] [ActionServer] Aborting handle.
[controller_server-15] [INFO] [1790432527.724833880] [local_costmap.local_costmap]: Received request to clear entirely the local_costmap
[planner_server-17] [INFO] [1790432527.725284061] [global_costmap.global_costmap]: Received request to clear entirely the global_costmap
[controller_server-15] [INFO] [1790432527.834849590] [controller_server]: Received a goal, begin computing control effort.
[collision_monitor-23] [INFO] [1790432528.205806087] [collision_monitor]: Robot to approach for 1.200000 seconds away from collision
[collision_monitor-23] [INFO] [1790432528.265856202] [collision_monitor]: Robot to continue normal operation
[collision_monitor-23] [INFO] [1790432528.305746865] [collision_monitor]: Robot to approach for 1.200000 seconds away from collision
[collision_monitor-23] [INFO] [1790432528.365852959] [collision_monitor]: Robot to continue normal operation
[collision_monitor-23] [INFO] [1790432528.405914695] [collision_monitor]: Robot to approach for 1.200000 seconds away from collision
[collision_monitor-23] [INFO] [1790432528.465848252] [collision_monitor]: Robot to continue normal operation
[collision_monitor-23] [INFO] [1790432528.505925185] [collision_monitor]: Robot to approach for 1.200000 seconds away from collision
[collision_monitor-23] [INFO] [1790432528.565848703] [collision_monitor]: Robot to continue normal operation
[controller_server-15] [WARN] [1790432528.585350562] [controller_server]: RegulatedPurePursuitController detected collision ahead!
[controller_server-15] [WARN] [1790432528.635381601] [controller_server]: RegulatedPurePursuitController detected collision ahead!
[collision_monitor-23] [INFO] [1790432528.805834451] [collision_monitor]: Robot to approach for 1.200000 seconds away from collision
[controller_server-15] [WARN] [1790432528.835207875] [controller_server]: RegulatedPurePursuitController detected collision ahead!
[collision_monitor-23] [INFO] [1790432528.865848455] [collision_monitor]: Robot to continue normal operation
[controller_server-15] [INFO] [1790432528.885003706] [controller_server]: Passing new path to controller.
[collision_monitor-23] [INFO] [1790432528.905777948] [collision_monitor]: Robot to approach for 1.200000 seconds away from collision
[controller_server-15] [WARN] [1790432528.935208257] [controller_server]: RegulatedPurePursuitController detected collision ahead!
[collision_monitor-23] [INFO] [1790432528.965840611] [collision_monitor]: Robot to continue normal operation
[controller_server-15] [WARN] [1790432528.985232325] [controller_server]: RegulatedPurePursuitController detected collision ahead!
[controller_server-15] [WARN] [1790432529.035333266] [controller_server]: RegulatedPurePursuitController detected collision ahead!
[controller_server-15] [WARN] [1790432529.085199170] [controller_server]: RegulatedPurePursuitController detected collision ahead!
[controller_server-15] [WARN] [1790432529.135201944] [controller_server]: RegulatedPurePursuitController detected collision ahead!
[controller_server-15] [WARN] [1790432529.185201649] [controller_server]: RegulatedPurePursuitController detected collision ahead!
[controller_server-15] [WARN] [1790432529.235200657] [controller_server]: RegulatedPurePursuitController detected collision ahead!
[controller_server-15] [ERROR] [1790432529.235249324] [controller_server]: Controller patience exceeded
[controller_server-15] [WARN] [1790432529.235343591] [controller_server]: [follow_path] [ActionServer] Aborting handle.
[controller_server-15] [INFO] [1790432529.254787731] [local_costmap.local_costmap]: Received request to clear entirely the local_costmap
[controller_server-15] [INFO] [1790432529.255521437] [controller_server]: Received a goal, begin computing control effort.
[controller_server-15] [WARN] [1790432529.456147983] [controller_server]: Control loop missed its desired rate of 20.0000 Hz. Current loop rate is 4.9751 Hz.
[controller_server-15] [INFO] [1790432529.906269998] [controller_server]: Passing new path to controller.
[collision_monitor-23] [INFO] [1790432530.005763696] [collision_monitor]: Robot to approach for 1.200000 seconds away from collision
[collision_monitor-23] [INFO] [1790432530.065947780] [collision_monitor]: Robot to continue normal operation
[collision_monitor-23] [INFO] [1790432530.105938287] [collision_monitor]: Robot to approach for 1.200000 seconds away from collision
[controller_server-15] [WARN] [1790432530.156452707] [controller_server]: RegulatedPurePursuitController detected collision ahead!
[collision_monitor-23] [INFO] [1790432530.165850756] [collision_monitor]: Robot to continue normal operation
[controller_server-15] [WARN] [1790432530.206475568] [controller_server]: RegulatedPurePursuitController detected collision ahead!
[collision_monitor-23] [INFO] [1790432530.405759138] [collision_monitor]: Robot to approach for 1.200000 seconds away from collision
[controller_server-15] [WARN] [1790432530.406662898] [controller_server]: RegulatedPurePursuitController detected collision ahead!
[collision_monitor-23] [INFO] [1790432530.465840923] [collision_monitor]: Robot to continue normal operation
[collision_monitor-23] [INFO] [1790432530.505956742] [collision_monitor]: Robot to approach for 1.200000 seconds away from collision
[controller_server-15] [WARN] [1790432530.506640141] [controller_server]: RegulatedPurePursuitController detected collision ahead!
[controller_server-15] [WARN] [1790432530.556470046] [controller_server]: RegulatedPurePursuitController detected collision ahead!
[collision_monitor-23] [INFO] [1790432530.565936505] [collision_monitor]: Robot to continue normal operation
[controller_server-15] [WARN] [1790432530.606462503] [controller_server]: RegulatedPurePursuitController detected collision ahead!
[controller_server-15] [INFO] [1790432530.906254275] [controller_server]: Passing new path to controller.
[collision_monitor-23] [INFO] [1790432531.005721872] [collision_monitor]: Robot to approach for 1.200000 seconds away from collision
[controller_server-15] [WARN] [1790432531.006485775] [controller_server]: RegulatedPurePursuitController detected collision ahead!
[collision_monitor-23] [INFO] [1790432531.065837523] [collision_monitor]: Robot to continue normal operation
[collision_monitor-23] [INFO] [1790432531.105733569] [collision_monitor]: Robot to approach for 1.200000 seconds away from collision
[collision_monitor-23] [INFO] [1790432531.165831505] [collision_monitor]: Robot to continue normal operation
[collision_monitor-23] [INFO] [1790432531.205735502] [collision_monitor]: Robot to approach for 1.200000 seconds away from collision
[controller_server-15] [WARN] [1790432531.206578633] [controller_server]: RegulatedPurePursuitController detected collision ahead!
[collision_monitor-23] [INFO] [1790432531.265830369] [collision_monitor]: Robot to continue normal operation
[collision_monitor-23] [INFO] [1790432531.305822033] [collision_monitor]: Robot to approach for 1.200000 seconds away from collision
[controller_server-15] [WARN] [1790432531.306478252] [controller_server]: RegulatedPurePursuitController detected collision ahead!
[controller_server-15] [WARN] [1790432531.356444451] [controller_server]: RegulatedPurePursuitController detected collision ahead!
[collision_monitor-23] [INFO] [1790432531.365825536] [collision_monitor]: Robot to continue normal operation
[controller_server-15] [WARN] [1790432531.406444615] [controller_server]: RegulatedPurePursuitController detected collision ahead!
[collision_monitor-23] [INFO] [1790432531.605825111] [collision_monitor]: Robot to approach for 1.200000 seconds away from collision
[collision_monitor-23] [INFO] [1790432531.665841587] [collision_monitor]: Robot to continue normal operation
[collision_monitor-23] [INFO] [1790432531.705709665] [collision_monitor]: Robot to approach for 1.200000 seconds away from collision
[controller_server-15] [WARN] [1790432531.756428748] [controller_server]: RegulatedPurePursuitController detected collision ahead!
[collision_monitor-23] [INFO] [1790432531.765865070] [collision_monitor]: Robot to continue normal operation
[controller_server-15] [WARN] [1790432531.806425285] [controller_server]: RegulatedPurePursuitController detected collision ahead!
[controller_server-15] [INFO] [1790432531.956269901] [controller_server]: Passing new path to controller.
[collision_monitor-23] [INFO] [1790432532.005751926] [collision_monitor]: Robot to approach for 1.200000 seconds away from collision
[controller_server-15] [WARN] [1790432532.006457396] [controller_server]: RegulatedPurePursuitController detected collision ahead!
[collision_monitor-23] [INFO] [1790432532.065803435] [collision_monitor]: Robot to continue normal operation
[collision_monitor-23] [INFO] [1790432532.105739028] [collision_monitor]: Robot to approach for 1.200000 seconds away from collision
[collision_monitor-23] [INFO] [1790432532.165835178] [collision_monitor]: Robot to continue normal operation
[collision_monitor-23] [INFO] [1790432532.205752217] [collision_monitor]: Robot to approach for 1.200000 seconds away from collision
[collision_monitor-23] [INFO] [1790432532.265879895] [collision_monitor]: Robot to continue normal operation
[collision_monitor-23] [INFO] [1790432532.305755851] [collision_monitor]: Robot to approach for 1.200000 seconds away from collision
[controller_server-15] [WARN] [1790432532.356470251] [controller_server]: RegulatedPurePursuitController detected collision ahead!
[collision_monitor-23] [INFO] [1790432532.365824099] [collision_monitor]: Robot to continue normal operation
[controller_server-15] [WARN] [1790432532.406509036] [controller_server]: RegulatedPurePursuitController detected collision ahead!
[controller_server-15] [WARN] [1790432532.556420809] [controller_server]: RegulatedPurePursuitController detected collision ahead!
[controller_server-15] [WARN] [1790432532.606437831] [controller_server]: RegulatedPurePursuitController detected collision ahead!
[controller_server-15] [WARN] [1790432532.706418656] [controller_server]: RegulatedPurePursuitController detected collision ahead!
[controller_server-15] [WARN] [1790432532.756412311] [controller_server]: RegulatedPurePursuitController detected collision ahead!
[controller_server-15] [WARN] [1790432532.806417825] [controller_server]: RegulatedPurePursuitController detected collision ahead!
[controller_server-15] [INFO] [1790432532.956271774] [controller_server]: Passing new path to controller.
[controller_server-15] [INFO] [1790432534.006268350] [controller_server]: Passing new path to controller.
[controller_server-15] [INFO] [1790432535.006322735] [controller_server]: Passing new path to controller.
[controller_server-15] [INFO] [1790432536.056270854] [controller_server]: Passing new path to controller.
[controller_server-15] [INFO] [1790432537.056259645] [controller_server]: Passing new path to controller.
[controller_server-15] [INFO] [1790432538.106279314] [controller_server]: Passing new path to controller.
[controller_server-15] [INFO] [1790432538.906307476] [controller_server]: Reached the goal!
[bt_navigator-20] [INFO] [1790432538.934489603] [bt_navigator]: Goal succeeded
[nav_benchmark_runner.py-9] [INFO] [1790432539.942033117] [nav_benchmark_runner]: Saved trial 4 (north_west_turn): SUCCEEDED, error=0.085 m
[bt_navigator-20] [INFO] [1790432539.942825537] [bt_navigator]: Begin navigating from current location (0.26, 0.06) to (3.40, 2.20)
[nav_benchmark_runner.py-9] [INFO] [1790432539.943679437] [nav_benchmark_runner]: Goal 'north_east_corridor' accepted: x=3.40, y=2.20, yaw=0.0000
[controller_server-15] [INFO] [1790432539.963692790] [controller_server]: Received a goal, begin computing control effort.
[collision_monitor-23] [INFO] [1790432540.805896891] [collision_monitor]: Robot to approach for 1.200000 seconds away from collision
[controller_server-15] [WARN] [1790432540.814305314] [controller_server]: RegulatedPurePursuitController detected collision ahead!
[collision_monitor-23] [INFO] [1790432540.865872819] [collision_monitor]: Robot to continue normal operation
[collision_monitor-23] [INFO] [1790432540.905706260] [collision_monitor]: Robot to approach for 1.200000 seconds away from collision
[controller_server-15] [INFO] [1790432541.013913765] [controller_server]: Passing new path to controller.
[controller_server-15] [WARN] [1790432541.064345532] [controller_server]: RegulatedPurePursuitController detected collision ahead!
[collision_monitor-23] [INFO] [1790432541.105698869] [collision_monitor]: Robot to continue normal operation
[controller_server-15] [WARN] [1790432541.114354295] [controller_server]: RegulatedPurePursuitController detected collision ahead!
[controller_server-15] [WARN] [1790432541.164231920] [controller_server]: RegulatedPurePursuitController detected collision ahead!
[controller_server-15] [WARN] [1790432541.214303495] [controller_server]: RegulatedPurePursuitController detected collision ahead!
[controller_server-15] [WARN] [1790432541.264228229] [controller_server]: RegulatedPurePursuitController detected collision ahead!
[controller_server-15] [WARN] [1790432541.314314460] [controller_server]: RegulatedPurePursuitController detected collision ahead!
[controller_server-15] [WARN] [1790432541.364374310] [controller_server]: RegulatedPurePursuitController detected collision ahead!
[controller_server-15] [ERROR] [1790432541.364433842] [controller_server]: Controller patience exceeded
[controller_server-15] [WARN] [1790432541.364530572] [controller_server]: [follow_path] [ActionServer] Aborting handle.
[controller_server-15] [INFO] [1790432541.383470558] [local_costmap.local_costmap]: Received request to clear entirely the local_costmap
[controller_server-15] [INFO] [1790432541.384362629] [controller_server]: Received a goal, begin computing control effort.
[controller_server-15] [WARN] [1790432541.454947630] [controller_server]: Control loop missed its desired rate of 20.0000 Hz. Current loop rate is 14.0845 Hz.
[controller_server-15] [WARN] [1790432541.805335104] [controller_server]: RegulatedPurePursuitController detected collision ahead!
[collision_monitor-23] [INFO] [1790432541.905724198] [collision_monitor]: Robot to approach for 1.200000 seconds away from collision
[controller_server-15] [INFO] [1790432542.055086819] [controller_server]: Passing new path to controller.
[collision_monitor-23] [INFO] [1790432542.105700531] [collision_monitor]: Robot to continue normal operation
[controller_server-15] [INFO] [1790432543.055085798] [controller_server]: Passing new path to controller.
[controller_server-15] [INFO] [1790432544.105083533] [controller_server]: Passing new path to controller.
[collision_monitor-23] [INFO] [1790432544.905709525] [collision_monitor]: Robot to approach for 1.200000 seconds away from collision
[collision_monitor-23] [INFO] [1790432544.965834511] [collision_monitor]: Robot to continue normal operation
[collision_monitor-23] [INFO] [1790432545.005777741] [collision_monitor]: Robot to approach for 1.200000 seconds away from collision
[controller_server-15] [WARN] [1790432545.055330089] [controller_server]: RegulatedPurePursuitController detected collision ahead!
[controller_server-15] [INFO] [1790432545.105084223] [controller_server]: Passing new path to controller.
[controller_server-15] [WARN] [1790432545.105564155] [controller_server]: RegulatedPurePursuitController detected collision ahead!
[collision_monitor-23] [INFO] [1790432545.105798188] [collision_monitor]: Robot to continue normal operation
[controller_server-15] [WARN] [1790432545.155307541] [controller_server]: RegulatedPurePursuitController detected collision ahead!
[controller_server-15] [WARN] [1790432545.205447379] [controller_server]: RegulatedPurePursuitController detected collision ahead!
[controller_server-15] [WARN] [1790432545.305319017] [controller_server]: RegulatedPurePursuitController detected collision ahead!
[controller_server-15] [WARN] [1790432545.355307743] [controller_server]: RegulatedPurePursuitController detected collision ahead!
[controller_server-15] [WARN] [1790432545.405306450] [controller_server]: RegulatedPurePursuitController detected collision ahead!
[controller_server-15] [WARN] [1790432545.755319735] [controller_server]: RegulatedPurePursuitController detected collision ahead!
[collision_monitor-23] [INFO] [1790432545.765859533] [collision_monitor]: Robot to approach for 1.200000 seconds away from collision
[controller_server-15] [WARN] [1790432545.805345454] [controller_server]: RegulatedPurePursuitController detected collision ahead!
[collision_monitor-23] [INFO] [1790432545.805719433] [collision_monitor]: Robot to continue normal operation
[collision_monitor-23] [INFO] [1790432545.965827000] [collision_monitor]: Robot to approach for 1.200000 seconds away from collision
[controller_server-15] [WARN] [1790432546.055310856] [controller_server]: RegulatedPurePursuitController detected collision ahead!
[controller_server-15] [WARN] [1790432546.105386184] [controller_server]: RegulatedPurePursuitController detected collision ahead!
[collision_monitor-23] [INFO] [1790432546.105718708] [collision_monitor]: Robot to continue normal operation
[controller_server-15] [INFO] [1790432546.155079430] [controller_server]: Passing new path to controller.
[controller_server-15] [WARN] [1790432546.155435267] [controller_server]: RegulatedPurePursuitController detected collision ahead!
[controller_server-15] [WARN] [1790432546.205303571] [controller_server]: RegulatedPurePursuitController detected collision ahead!
[controller_server-15] [WARN] [1790432546.305511811] [controller_server]: RegulatedPurePursuitController detected collision ahead!
[controller_server-15] [WARN] [1790432546.355413758] [controller_server]: RegulatedPurePursuitController detected collision ahead!
[controller_server-15] [WARN] [1790432546.405356397] [controller_server]: RegulatedPurePursuitController detected collision ahead!
[collision_monitor-23] [INFO] [1790432546.765851882] [collision_monitor]: Robot to approach for 1.200000 seconds away from collision
[controller_server-15] [WARN] [1790432546.805300395] [controller_server]: RegulatedPurePursuitController detected collision ahead!
[collision_monitor-23] [INFO] [1790432546.865816593] [collision_monitor]: Robot to continue normal operation
[collision_monitor-23] [INFO] [1790432546.905697792] [collision_monitor]: Robot to approach for 1.200000 seconds away from collision
[collision_monitor-23] [INFO] [1790432546.965818926] [collision_monitor]: Robot to continue normal operation
[collision_monitor-23] [INFO] [1790432547.005732992] [collision_monitor]: Robot to approach for 1.200000 seconds away from collision
[collision_monitor-23] [INFO] [1790432547.065876471] [collision_monitor]: Robot to continue normal operation
[controller_server-15] [WARN] [1790432547.105464059] [controller_server]: RegulatedPurePursuitController detected collision ahead!
[collision_monitor-23] [INFO] [1790432547.105742066] [collision_monitor]: Robot to approach for 1.200000 seconds away from collision
[controller_server-15] [INFO] [1790432547.155106529] [controller_server]: Passing new path to controller.
[collision_monitor-23] [INFO] [1790432547.165843514] [collision_monitor]: Robot to continue normal operation
[controller_server-15] [WARN] [1790432547.506053043] [controller_server]: RegulatedPurePursuitController detected collision ahead!
[controller_server-15] [WARN] [1790432547.555813749] [controller_server]: RegulatedPurePursuitController detected collision ahead!
[controller_server-15] [WARN] [1790432547.605557898] [controller_server]: RegulatedPurePursuitController detected collision ahead!
[collision_monitor-23] [INFO] [1790432548.105825259] [collision_monitor]: Robot to approach for 1.200000 seconds away from collision
[controller_server-15] [INFO] [1790432548.205085720] [controller_server]: Passing new path to controller.
[controller_server-15] [WARN] [1790432548.405381590] [controller_server]: RegulatedPurePursuitController detected collision ahead!
[collision_monitor-23] [INFO] [1790432548.465879598] [collision_monitor]: Robot to continue normal operation
[collision_monitor-23] [INFO] [1790432548.505780536] [collision_monitor]: Robot to approach for 1.200000 seconds away from collision
[controller_server-15] [WARN] [1790432548.555528112] [controller_server]: RegulatedPurePursuitController detected collision ahead!
[controller_server-15] [WARN] [1790432548.605551001] [controller_server]: RegulatedPurePursuitController detected collision ahead!
[collision_monitor-23] [INFO] [1790432548.605847720] [collision_monitor]: Robot to continue normal operation
[controller_server-15] [WARN] [1790432548.755620729] [controller_server]: RegulatedPurePursuitController detected collision ahead!
[controller_server-15] [WARN] [1790432548.806012822] [controller_server]: RegulatedPurePursuitController detected collision ahead!
[controller_server-15] [WARN] [1790432549.155332465] [controller_server]: RegulatedPurePursuitController detected collision ahead!
[controller_server-15] [INFO] [1790432549.205089615] [controller_server]: Passing new path to controller.
[controller_server-15] [WARN] [1790432549.205479974] [controller_server]: RegulatedPurePursuitController detected collision ahead!
[collision_monitor-23] [INFO] [1790432549.605775475] [collision_monitor]: Robot to approach for 1.200000 seconds away from collision
[collision_monitor-23] [INFO] [1790432549.865884110] [collision_monitor]: Robot to continue normal operation
[collision_monitor-23] [INFO] [1790432549.905729465] [collision_monitor]: Robot to approach for 1.200000 seconds away from collision
[controller_server-15] [WARN] [1790432549.955349252] [controller_server]: RegulatedPurePursuitController detected collision ahead!
[collision_monitor-23] [INFO] [1790432549.965852829] [collision_monitor]: Robot to continue normal operation
[controller_server-15] [WARN] [1790432550.005366012] [controller_server]: RegulatedPurePursuitController detected collision ahead!
[controller_server-15] [WARN] [1790432550.155370384] [controller_server]: RegulatedPurePursuitController detected collision ahead!
[controller_server-15] [WARN] [1790432550.205351594] [controller_server]: RegulatedPurePursuitController detected collision ahead!
[controller_server-15] [INFO] [1790432550.255095120] [controller_server]: Passing new path to controller.
[controller_server-15] [WARN] [1790432550.355374429] [controller_server]: RegulatedPurePursuitController detected collision ahead!
[controller_server-15] [WARN] [1790432550.405669921] [controller_server]: RegulatedPurePursuitController detected collision ahead!
[controller_server-15] [WARN] [1790432550.605508087] [controller_server]: RegulatedPurePursuitController detected collision ahead!
[controller_server-15] [WARN] [1790432550.805523759] [controller_server]: RegulatedPurePursuitController detected collision ahead!
[collision_monitor-23] [INFO] [1790432550.806249566] [collision_monitor]: Robot to approach for 1.200000 seconds away from collision
[collision_monitor-23] [INFO] [1790432550.865814464] [collision_monitor]: Robot to continue normal operation
[collision_monitor-23] [INFO] [1790432550.905737322] [collision_monitor]: Robot to approach for 1.200000 seconds away from collision
[collision_monitor-23] [INFO] [1790432550.965901046] [collision_monitor]: Robot to continue normal operation
[controller_server-15] [WARN] [1790432551.005306145] [controller_server]: RegulatedPurePursuitController detected collision ahead!
[collision_monitor-23] [INFO] [1790432551.005748635] [collision_monitor]: Robot to approach for 1.200000 seconds away from collision
[collision_monitor-23] [INFO] [1790432551.065966258] [collision_monitor]: Robot to continue normal operation
[collision_monitor-23] [INFO] [1790432551.105722278] [collision_monitor]: Robot to approach for 1.200000 seconds away from collision
[collision_monitor-23] [INFO] [1790432551.165930326] [collision_monitor]: Robot to continue normal operation
[controller_server-15] [WARN] [1790432551.205506985] [controller_server]: RegulatedPurePursuitController detected collision ahead!
[collision_monitor-23] [INFO] [1790432551.205823190] [collision_monitor]: Robot to approach for 1.200000 seconds away from collision
[controller_server-15] [INFO] [1790432551.255113227] [controller_server]: Passing new path to controller.
[collision_monitor-23] [INFO] [1790432551.265952399] [collision_monitor]: Robot to continue normal operation
[collision_monitor-23] [INFO] [1790432551.305734816] [collision_monitor]: Robot to approach for 1.200000 seconds away from collision
[collision_monitor-23] [INFO] [1790432551.366435404] [collision_monitor]: Robot to continue normal operation
[collision_monitor-23] [INFO] [1790432551.405762239] [collision_monitor]: Robot to approach for 1.200000 seconds away from collision
[controller_server-15] [WARN] [1790432551.406626101] [controller_server]: RegulatedPurePursuitController detected collision ahead!
[collision_monitor-23] [INFO] [1790432551.465855054] [collision_monitor]: Robot to continue normal operation
[collision_monitor-23] [INFO] [1790432551.505937275] [collision_monitor]: Robot to approach for 1.200000 seconds away from collision
[collision_monitor-23] [INFO] [1790432551.565855516] [collision_monitor]: Robot to continue normal operation
[controller_server-15] [WARN] [1790432551.605617379] [controller_server]: RegulatedPurePursuitController detected collision ahead!
[collision_monitor-23] [INFO] [1790432551.605744368] [collision_monitor]: Robot to approach for 1.200000 seconds away from collision
[collision_monitor-23] [INFO] [1790432551.665882164] [collision_monitor]: Robot to continue normal operation
[collision_monitor-23] [INFO] [1790432551.705722093] [collision_monitor]: Robot to approach for 1.200000 seconds away from collision
[collision_monitor-23] [INFO] [1790432551.765896353] [collision_monitor]: Robot to continue normal operation
[controller_server-15] [WARN] [1790432551.805362988] [controller_server]: RegulatedPurePursuitController detected collision ahead!
[collision_monitor-23] [INFO] [1790432551.805738463] [collision_monitor]: Robot to approach for 1.200000 seconds away from collision
[collision_monitor-23] [INFO] [1790432551.865840078] [collision_monitor]: Robot to continue normal operation
[collision_monitor-23] [INFO] [1790432551.905766871] [collision_monitor]: Robot to approach for 1.200000 seconds away from collision
[controller_server-15] [WARN] [1790432551.956482646] [controller_server]: RegulatedPurePursuitController detected collision ahead!
[collision_monitor-23] [INFO] [1790432551.966007090] [collision_monitor]: Robot to continue normal operation
[controller_server-15] [WARN] [1790432552.005572320] [controller_server]: RegulatedPurePursuitController detected collision ahead!
[controller_server-15] [WARN] [1790432552.155430455] [controller_server]: RegulatedPurePursuitController detected collision ahead!
[controller_server-15] [WARN] [1790432552.205473421] [controller_server]: RegulatedPurePursuitController detected collision ahead!
[controller_server-15] [INFO] [1790432552.305088928] [controller_server]: Passing new path to controller.
[controller_server-15] [WARN] [1790432552.405533254] [controller_server]: RegulatedPurePursuitController detected collision ahead!
[collision_monitor-23] [INFO] [1790432552.415853514] [collision_monitor]: Robot to approach for 1.200000 seconds away from collision
[collision_monitor-23] [INFO] [1790432552.455762661] [collision_monitor]: Robot to continue normal operation
[collision_monitor-23] [INFO] [1790432552.516423024] [collision_monitor]: Robot to approach for 1.200000 seconds away from collision
[collision_monitor-23] [INFO] [1790432552.555747391] [collision_monitor]: Robot to continue normal operation
[collision_monitor-23] [INFO] [1790432552.615892107] [collision_monitor]: Robot to approach for 1.200000 seconds away from collision
[collision_monitor-23] [INFO] [1790432552.655745272] [collision_monitor]: Robot to continue normal operation
[collision_monitor-23] [INFO] [1790432552.715871774] [collision_monitor]: Robot to approach for 1.200000 seconds away from collision
[collision_monitor-23] [INFO] [1790432552.755727963] [collision_monitor]: Robot to continue normal operation
[controller_server-15] [WARN] [1790432552.805464017] [controller_server]: RegulatedPurePursuitController detected collision ahead!
[collision_monitor-23] [INFO] [1790432552.815981478] [collision_monitor]: Robot to approach for 1.200000 seconds away from collision
[controller_server-15] [WARN] [1790432552.855487643] [controller_server]: RegulatedPurePursuitController detected collision ahead!
[collision_monitor-23] [INFO] [1790432552.855721625] [collision_monitor]: Robot to continue normal operation
[controller_server-15] [WARN] [1790432552.905573439] [controller_server]: RegulatedPurePursuitController detected collision ahead!
[controller_server-15] [WARN] [1790432552.955579413] [controller_server]: RegulatedPurePursuitController detected collision ahead!
[controller_server-15] [WARN] [1790432553.005486476] [controller_server]: RegulatedPurePursuitController detected collision ahead!
[controller_server-15] [INFO] [1790432553.305085641] [controller_server]: Passing new path to controller.
[controller_server-15] [WARN] [1790432553.405544749] [controller_server]: RegulatedPurePursuitController detected collision ahead!
[collision_monitor-23] [INFO] [1790432553.416106462] [collision_monitor]: Robot to approach for 1.200000 seconds away from collision
[collision_monitor-23] [INFO] [1790432553.455929076] [collision_monitor]: Robot to continue normal operation
[collision_monitor-23] [INFO] [1790432553.516577726] [collision_monitor]: Robot to approach for 1.200000 seconds away from collision
[controller_server-15] [WARN] [1790432553.555510770] [controller_server]: RegulatedPurePursuitController detected collision ahead!
[collision_monitor-23] [INFO] [1790432553.555866064] [collision_monitor]: Robot to continue normal operation
[controller_server-15] [WARN] [1790432553.605491948] [controller_server]: RegulatedPurePursuitController detected collision ahead!
[controller_server-15] [WARN] [1790432553.755466121] [controller_server]: RegulatedPurePursuitController detected collision ahead!
[controller_server-15] [WARN] [1790432553.805476673] [controller_server]: RegulatedPurePursuitController detected collision ahead!
[controller_server-15] [WARN] [1790432553.855511117] [controller_server]: RegulatedPurePursuitController detected collision ahead!
[controller_server-15] [WARN] [1790432553.905501782] [controller_server]: RegulatedPurePursuitController detected collision ahead!
[controller_server-15] [WARN] [1790432553.955499334] [controller_server]: RegulatedPurePursuitController detected collision ahead!
[controller_server-15] [WARN] [1790432554.005536514] [controller_server]: RegulatedPurePursuitController detected collision ahead!
[controller_server-15] [INFO] [1790432554.355087276] [controller_server]: Passing new path to controller.
[collision_monitor-23] [INFO] [1790432554.515846976] [collision_monitor]: Robot to approach for 1.200000 seconds away from collision
[controller_server-15] [WARN] [1790432554.555506389] [controller_server]: RegulatedPurePursuitController detected collision ahead!
[collision_monitor-23] [INFO] [1790432554.555751114] [collision_monitor]: Robot to continue normal operation
[controller_server-15] [WARN] [1790432554.605526830] [controller_server]: RegulatedPurePursuitController detected collision ahead!
[controller_server-15] [WARN] [1790432554.805533457] [controller_server]: RegulatedPurePursuitController detected collision ahead!
[controller_server-15] [WARN] [1790432555.005514396] [controller_server]: RegulatedPurePursuitController detected collision ahead!
[collision_monitor-23] [INFO] [1790432555.015836407] [collision_monitor]: Robot to approach for 1.200000 seconds away from collision
[collision_monitor-23] [INFO] [1790432555.055733782] [collision_monitor]: Robot to continue normal operation
[collision_monitor-23] [INFO] [1790432555.115828137] [collision_monitor]: Robot to approach for 1.200000 seconds away from collision
[collision_monitor-23] [INFO] [1790432555.155811481] [collision_monitor]: Robot to continue normal operation
[controller_server-15] [WARN] [1790432555.205554140] [controller_server]: RegulatedPurePursuitController detected collision ahead!
[collision_monitor-23] [INFO] [1790432555.215839798] [collision_monitor]: Robot to approach for 1.200000 seconds away from collision
[collision_monitor-23] [INFO] [1790432555.255742156] [collision_monitor]: Robot to continue normal operation
[collision_monitor-23] [INFO] [1790432555.315823668] [collision_monitor]: Robot to approach for 1.200000 seconds away from collision
[controller_server-15] [INFO] [1790432555.355084168] [controller_server]: Passing new path to controller.
[collision_monitor-23] [INFO] [1790432555.355755712] [collision_monitor]: Robot to continue normal operation
[controller_server-15] [WARN] [1790432555.405582726] [controller_server]: RegulatedPurePursuitController detected collision ahead!
[collision_monitor-23] [INFO] [1790432555.415830487] [collision_monitor]: Robot to approach for 1.200000 seconds away from collision
[collision_monitor-23] [INFO] [1790432555.456044159] [collision_monitor]: Robot to continue normal operation
[collision_monitor-23] [INFO] [1790432555.515839973] [collision_monitor]: Robot to approach for 1.200000 seconds away from collision
[controller_server-15] [WARN] [1790432555.555541969] [controller_server]: RegulatedPurePursuitController detected collision ahead!
[controller_server-15] [WARN] [1790432555.605506113] [controller_server]: RegulatedPurePursuitController detected collision ahead!
[collision_monitor-23] [INFO] [1790432555.615949323] [collision_monitor]: Robot to continue normal operation
[controller_server-15] [WARN] [1790432555.755506762] [controller_server]: RegulatedPurePursuitController detected collision ahead!
[collision_monitor-23] [INFO] [1790432555.755721931] [collision_monitor]: Robot to approach for 1.200000 seconds away from collision
[controller_server-15] [WARN] [1790432555.805449782] [controller_server]: RegulatedPurePursuitController detected collision ahead!
[collision_monitor-23] [INFO] [1790432555.815941486] [collision_monitor]: Robot to continue normal operation
[controller_server-15] [WARN] [1790432555.955435763] [controller_server]: RegulatedPurePursuitController detected collision ahead!
[collision_monitor-23] [INFO] [1790432555.955718655] [collision_monitor]: Robot to approach for 1.200000 seconds away from collision
[controller_server-15] [WARN] [1790432556.005437529] [controller_server]: RegulatedPurePursuitController detected collision ahead!
[collision_monitor-23] [INFO] [1790432556.015926518] [collision_monitor]: Robot to continue normal operation
[controller_server-15] [WARN] [1790432556.155449278] [controller_server]: RegulatedPurePursuitController detected collision ahead!
[controller_server-15] [WARN] [1790432556.205457660] [controller_server]: RegulatedPurePursuitController detected collision ahead!
[controller_server-15] [WARN] [1790432556.255416101] [controller_server]: RegulatedPurePursuitController detected collision ahead!
[controller_server-15] [WARN] [1790432556.305445526] [controller_server]: RegulatedPurePursuitController detected collision ahead!
[controller_server-15] [WARN] [1790432556.355534360] [controller_server]: RegulatedPurePursuitController detected collision ahead!
[controller_server-15] [INFO] [1790432556.405086543] [controller_server]: Passing new path to controller.
[controller_server-15] [WARN] [1790432556.405625017] [controller_server]: RegulatedPurePursuitController detected collision ahead!
[controller_server-15] [WARN] [1790432556.655497396] [controller_server]: RegulatedPurePursuitController detected collision ahead!
[controller_server-15] [WARN] [1790432556.705481369] [controller_server]: RegulatedPurePursuitController detected collision ahead!
[controller_server-15] [WARN] [1790432556.755415892] [controller_server]: RegulatedPurePursuitController detected collision ahead!
[controller_server-15] [WARN] [1790432556.805497572] [controller_server]: RegulatedPurePursuitController detected collision ahead!
[controller_server-15] [INFO] [1790432557.405091329] [controller_server]: Passing new path to controller.
[collision_monitor-23] [INFO] [1790432557.555728679] [collision_monitor]: Robot to approach for 1.200000 seconds away from collision
[collision_monitor-23] [INFO] [1790432557.655732206] [collision_monitor]: Robot to continue normal operation
[collision_monitor-23] [INFO] [1790432557.715822701] [collision_monitor]: Robot to approach for 1.200000 seconds away from collision
[collision_monitor-23] [INFO] [1790432557.815825176] [collision_monitor]: Robot to continue normal operation
[controller_server-15] [WARN] [1790432557.955381030] [controller_server]: RegulatedPurePursuitController detected collision ahead!
[controller_server-15] [WARN] [1790432558.005481640] [controller_server]: RegulatedPurePursuitController detected collision ahead!
[controller_server-15] [WARN] [1790432558.055579306] [controller_server]: RegulatedPurePursuitController detected collision ahead!
[controller_server-15] [WARN] [1790432558.105506889] [controller_server]: RegulatedPurePursuitController detected collision ahead!
[controller_server-15] [WARN] [1790432558.155541835] [controller_server]: RegulatedPurePursuitController detected collision ahead!
[controller_server-15] [WARN] [1790432558.205467316] [controller_server]: RegulatedPurePursuitController detected collision ahead!
[controller_server-15] [INFO] [1790432558.455085683] [controller_server]: Passing new path to controller.
[collision_monitor-23] [INFO] [1790432558.716041450] [collision_monitor]: Robot to approach for 1.200000 seconds away from collision
[controller_server-15] [WARN] [1790432558.755438736] [controller_server]: RegulatedPurePursuitController detected collision ahead!
[collision_monitor-23] [INFO] [1790432558.815834808] [collision_monitor]: Robot to continue normal operation
[controller_server-15] [WARN] [1790432559.105339207] [controller_server]: RegulatedPurePursuitController detected collision ahead!
[controller_server-15] [INFO] [1790432559.455083039] [controller_server]: Passing new path to controller.
[collision_monitor-23] [INFO] [1790432559.915906338] [collision_monitor]: Robot to approach for 1.200000 seconds away from collision
[collision_monitor-23] [INFO] [1790432560.115923239] [collision_monitor]: Robot to continue normal operation
[controller_server-15] [WARN] [1790432560.355474368] [controller_server]: RegulatedPurePursuitController detected collision ahead!
[controller_server-15] [WARN] [1790432560.405389989] [controller_server]: RegulatedPurePursuitController detected collision ahead!
[controller_server-15] [INFO] [1790432560.455080039] [controller_server]: Passing new path to controller.
[controller_server-15] [WARN] [1790432560.855403100] [controller_server]: RegulatedPurePursuitController detected collision ahead!
[controller_server-15] [WARN] [1790432560.905358499] [controller_server]: RegulatedPurePursuitController detected collision ahead!
[controller_server-15] [WARN] [1790432560.955416635] [controller_server]: RegulatedPurePursuitController detected collision ahead!
[controller_server-15] [WARN] [1790432561.005339915] [controller_server]: RegulatedPurePursuitController detected collision ahead!
[collision_monitor-23] [INFO] [1790432561.315921381] [collision_monitor]: Robot to approach for 1.200000 seconds away from collision
[collision_monitor-23] [INFO] [1790432561.355788461] [collision_monitor]: Robot to continue normal operation
[collision_monitor-23] [INFO] [1790432561.415916354] [collision_monitor]: Robot to approach for 1.200000 seconds away from collision
[collision_monitor-23] [INFO] [1790432561.455801078] [collision_monitor]: Robot to continue normal operation
[controller_server-15] [INFO] [1790432561.505084090] [controller_server]: Passing new path to controller.
[controller_server-15] [WARN] [1790432561.955301471] [controller_server]: RegulatedPurePursuitController detected collision ahead!
[controller_server-15] [WARN] [1790432562.005314447] [controller_server]: RegulatedPurePursuitController detected collision ahead!
[collision_monitor-23] [INFO] [1790432562.415905961] [collision_monitor]: Robot to approach for 1.200000 seconds away from collision
[controller_server-15] [INFO] [1790432562.505080474] [controller_server]: Passing new path to controller.
[collision_monitor-23] [INFO] [1790432562.615897626] [collision_monitor]: Robot to continue normal operation
[collision_monitor-23] [INFO] [1790432563.215841387] [collision_monitor]: Robot to approach for 1.200000 seconds away from collision
[controller_server-15] [WARN] [1790432563.305352878] [controller_server]: RegulatedPurePursuitController detected collision ahead!
[controller_server-15] [WARN] [1790432563.355396333] [controller_server]: RegulatedPurePursuitController detected collision ahead!
[collision_monitor-23] [INFO] [1790432563.355752812] [collision_monitor]: Robot to continue normal operation
[controller_server-15] [WARN] [1790432563.405453924] [controller_server]: RegulatedPurePursuitController detected collision ahead!
[controller_server-15] [WARN] [1790432563.505343700] [controller_server]: RegulatedPurePursuitController detected collision ahead!
[controller_server-15] [INFO] [1790432563.555093098] [controller_server]: Passing new path to controller.
[controller_server-15] [WARN] [1790432563.555649791] [controller_server]: RegulatedPurePursuitController detected collision ahead!
[controller_server-15] [WARN] [1790432563.605317942] [controller_server]: RegulatedPurePursuitController detected collision ahead!
[controller_server-15] [WARN] [1790432563.705380289] [controller_server]: RegulatedPurePursuitController detected collision ahead!
[controller_server-15] [WARN] [1790432563.755489106] [controller_server]: RegulatedPurePursuitController detected collision ahead!
[controller_server-15] [WARN] [1790432563.805317301] [controller_server]: RegulatedPurePursuitController detected collision ahead!
[collision_monitor-23] [INFO] [1790432564.215824065] [collision_monitor]: Robot to approach for 1.200000 seconds away from collision
[collision_monitor-23] [INFO] [1790432564.255766209] [collision_monitor]: Robot to continue normal operation
[controller_server-15] [WARN] [1790432564.305298555] [controller_server]: RegulatedPurePursuitController detected collision ahead!
[collision_monitor-23] [INFO] [1790432564.315976960] [collision_monitor]: Robot to approach for 1.200000 seconds away from collision
[controller_server-15] [WARN] [1790432564.355409811] [controller_server]: RegulatedPurePursuitController detected collision ahead!
[collision_monitor-23] [INFO] [1790432564.355828495] [collision_monitor]: Robot to continue normal operation
[controller_server-15] [WARN] [1790432564.405405271] [controller_server]: RegulatedPurePursuitController detected collision ahead!
[controller_server-15] [INFO] [1790432564.555079387] [controller_server]: Passing new path to controller.
[controller_server-15] [WARN] [1790432564.555376329] [controller_server]: RegulatedPurePursuitController detected collision ahead!
[controller_server-15] [WARN] [1790432564.605333447] [controller_server]: RegulatedPurePursuitController detected collision ahead!
[controller_server-15] [WARN] [1790432564.805268968] [controller_server]: RegulatedPurePursuitController detected collision ahead!
[collision_monitor-23] [INFO] [1790432564.816023497] [collision_monitor]: Robot to approach for 1.200000 seconds away from collision
[collision_monitor-23] [INFO] [1790432564.855804716] [collision_monitor]: Robot to continue normal operation
[collision_monitor-23] [INFO] [1790432564.915876511] [collision_monitor]: Robot to approach for 1.200000 seconds away from collision
[collision_monitor-23] [INFO] [1790432564.955891841] [collision_monitor]: Robot to continue normal operation
[collision_monitor-23] [INFO] [1790432565.015842869] [collision_monitor]: Robot to approach for 1.200000 seconds away from collision
[collision_monitor-23] [INFO] [1790432565.055906813] [collision_monitor]: Robot to continue normal operation
[collision_monitor-23] [INFO] [1790432565.115914200] [collision_monitor]: Robot to approach for 1.200000 seconds away from collision
[collision_monitor-23] [INFO] [1790432565.155834875] [collision_monitor]: Robot to continue normal operation
[collision_monitor-23] [INFO] [1790432565.215896757] [collision_monitor]: Robot to approach for 1.200000 seconds away from collision
[controller_server-15] [WARN] [1790432565.255268978] [controller_server]: RegulatedPurePursuitController detected collision ahead!
[collision_monitor-23] [INFO] [1790432565.255826456] [collision_monitor]: Robot to continue normal operation
[controller_server-15] [WARN] [1790432565.305253645] [controller_server]: RegulatedPurePursuitController detected collision ahead!
[controller_server-15] [WARN] [1790432565.355260419] [controller_server]: RegulatedPurePursuitController detected collision ahead!
[controller_server-15] [WARN] [1790432565.405277896] [controller_server]: RegulatedPurePursuitController detected collision ahead!
[controller_server-15] [WARN] [1790432565.455265992] [controller_server]: RegulatedPurePursuitController detected collision ahead!
[controller_server-15] [WARN] [1790432565.505284588] [controller_server]: RegulatedPurePursuitController detected collision ahead!
[controller_server-15] [WARN] [1790432565.555252746] [controller_server]: RegulatedPurePursuitController detected collision ahead!
[controller_server-15] [ERROR] [1790432565.555297588] [controller_server]: Controller patience exceeded
[controller_server-15] [WARN] [1790432565.555379156] [controller_server]: [follow_path] [ActionServer] Aborting handle.
[controller_server-15] [INFO] [1790432565.573467369] [local_costmap.local_costmap]: Received request to clear entirely the local_costmap
[planner_server-17] [INFO] [1790432565.573890532] [global_costmap.global_costmap]: Received request to clear entirely the global_costmap
[controller_server-15] [INFO] [1790432565.833669675] [controller_server]: Received a goal, begin computing control effort.
[controller_server-15] [INFO] [1790432565.883826365] [controller_server]: Passing new path to controller.
[controller_server-15] [WARN] [1790432566.434092461] [controller_server]: RegulatedPurePursuitController detected collision ahead!
[collision_monitor-23] [INFO] [1790432566.616086016] [collision_monitor]: Robot to approach for 1.200000 seconds away from collision
[controller_server-15] [WARN] [1790432566.633995180] [controller_server]: RegulatedPurePursuitController detected collision ahead!
[collision_monitor-23] [INFO] [1790432566.655860415] [collision_monitor]: Robot to continue normal operation
[collision_monitor-23] [INFO] [1790432566.715858349] [collision_monitor]: Robot to approach for 1.200000 seconds away from collision
[collision_monitor-23] [INFO] [1790432566.755833213] [collision_monitor]: Robot to continue normal operation
[collision_monitor-23] [INFO] [1790432566.815867449] [collision_monitor]: Robot to approach for 1.200000 seconds away from collision
[controller_server-15] [WARN] [1790432566.833992955] [controller_server]: RegulatedPurePursuitController detected collision ahead!
[collision_monitor-23] [INFO] [1790432566.855846160] [collision_monitor]: Robot to continue normal operation
[controller_server-15] [INFO] [1790432566.883845443] [controller_server]: Passing new path to controller.
[collision_monitor-23] [INFO] [1790432567.016006193] [collision_monitor]: Robot to approach for 1.200000 seconds away from collision
[controller_server-15] [WARN] [1790432567.033975719] [controller_server]: RegulatedPurePursuitController detected collision ahead!
[collision_monitor-23] [INFO] [1790432567.055815081] [collision_monitor]: Robot to continue normal operation
[collision_monitor-23] [INFO] [1790432567.115930727] [collision_monitor]: Robot to approach for 1.200000 seconds away from collision
[collision_monitor-23] [INFO] [1790432567.155870117] [collision_monitor]: Robot to continue normal operation
[controller_server-15] [WARN] [1790432567.234009980] [controller_server]: RegulatedPurePursuitController detected collision ahead!
[controller_server-15] [WARN] [1790432567.433969477] [controller_server]: RegulatedPurePursuitController detected collision ahead!
[controller_server-15] [INFO] [1790432567.884008692] [controller_server]: Passing new path to controller.
[controller_server-15] [INFO] [1790432568.934188407] [controller_server]: Passing new path to controller.
[controller_server-15] [INFO] [1790432569.933835095] [controller_server]: Passing new path to controller.
[controller_server-15] [INFO] [1790432570.983829934] [controller_server]: Passing new path to controller.
[controller_server-15] [INFO] [1790432571.983823125] [controller_server]: Passing new path to controller.
[controller_server-15] [INFO] [1790432573.033825638] [controller_server]: Passing new path to controller.
[controller_server-15] [INFO] [1790432574.033823849] [controller_server]: Passing new path to controller.
[controller_server-15] [INFO] [1790432574.433847140] [controller_server]: Reached the goal!
[bt_navigator-20] [INFO] [1790432574.463222751] [bt_navigator]: Goal succeeded
[bt_navigator-20] [INFO] [1790432575.464290150] [bt_navigator]: Begin navigating from current location (3.42, 2.13) to (0.30, 0.00)
[nav_benchmark_runner.py-9] [INFO] [1790432575.464864565] [nav_benchmark_runner]: Goal 'return_to_start' accepted: x=0.30, y=0.00, yaw=0.0000
[controller_server-15] [INFO] [1790432575.485047510] [controller_server]: Received a goal, begin computing control effort.
[controller_server-15] [INFO] [1790432576.535194592] [controller_server]: Passing new path to controller.
[controller_server-15] [INFO] [1790432577.535191820] [controller_server]: Passing new path to controller.
[controller_server-15] [INFO] [1790432578.585193798] [controller_server]: Passing new path to controller.
[controller_server-15] [INFO] [1790432579.635194873] [controller_server]: Passing new path to controller.
[collision_monitor-23] [INFO] [1790432579.715886028] [collision_monitor]: Robot to approach for 1.200000 seconds away from collision
[collision_monitor-23] [INFO] [1790432579.755747378] [collision_monitor]: Robot to continue normal operation
[controller_server-15] [WARN] [1790432579.785434056] [controller_server]: RegulatedPurePursuitController detected collision ahead!
[controller_server-15] [WARN] [1790432579.835425673] [controller_server]: RegulatedPurePursuitController detected collision ahead!
[controller_server-15] [WARN] [1790432580.035446668] [controller_server]: RegulatedPurePursuitController detected collision ahead!
[controller_server-15] [WARN] [1790432580.235412493] [controller_server]: RegulatedPurePursuitController detected collision ahead!
[collision_monitor-23] [INFO] [1790432580.315836746] [collision_monitor]: Robot to approach for 1.200000 seconds away from collision
[collision_monitor-23] [INFO] [1790432580.355800324] [collision_monitor]: Robot to continue normal operation
[collision_monitor-23] [INFO] [1790432580.415979192] [collision_monitor]: Robot to approach for 1.200000 seconds away from collision
[controller_server-15] [WARN] [1790432580.435433205] [controller_server]: RegulatedPurePursuitController detected collision ahead!
[collision_monitor-23] [INFO] [1790432580.455746770] [collision_monitor]: Robot to continue normal operation
[collision_monitor-23] [INFO] [1790432580.616274692] [collision_monitor]: Robot to approach for 1.200000 seconds away from collision
[controller_server-15] [INFO] [1790432580.635184158] [controller_server]: Passing new path to controller.
[controller_server-15] [WARN] [1790432580.635591724] [controller_server]: RegulatedPurePursuitController detected collision ahead!
[collision_monitor-23] [INFO] [1790432580.655856806] [collision_monitor]: Robot to continue normal operation
[collision_monitor-23] [INFO] [1790432580.815858500] [collision_monitor]: Robot to approach for 1.200000 seconds away from collision
[controller_server-15] [WARN] [1790432580.835441917] [controller_server]: RegulatedPurePursuitController detected collision ahead!
[collision_monitor-23] [INFO] [1790432580.855774559] [collision_monitor]: Robot to continue normal operation
[collision_monitor-23] [INFO] [1790432580.915826364] [collision_monitor]: Robot to approach for 1.200000 seconds away from collision
[collision_monitor-23] [INFO] [1790432580.955751927] [collision_monitor]: Robot to continue normal operation
[collision_monitor-23] [INFO] [1790432581.016069278] [collision_monitor]: Robot to approach for 1.200000 seconds away from collision
[controller_server-15] [WARN] [1790432581.035643178] [controller_server]: RegulatedPurePursuitController detected collision ahead!
[collision_monitor-23] [INFO] [1790432581.055785177] [collision_monitor]: Robot to continue normal operation
[collision_monitor-23] [INFO] [1790432581.115870661] [collision_monitor]: Robot to approach for 1.200000 seconds away from collision
[collision_monitor-23] [INFO] [1790432581.155808074] [collision_monitor]: Robot to continue normal operation
[controller_server-15] [WARN] [1790432581.235502295] [controller_server]: RegulatedPurePursuitController detected collision ahead!
[collision_monitor-23] [INFO] [1790432581.315917834] [collision_monitor]: Robot to approach for 1.200000 seconds away from collision
[collision_monitor-23] [INFO] [1790432581.355747629] [collision_monitor]: Robot to continue normal operation
[controller_server-15] [WARN] [1790432581.435429019] [controller_server]: RegulatedPurePursuitController detected collision ahead!
[collision_monitor-23] [INFO] [1790432581.615808816] [collision_monitor]: Robot to approach for 1.200000 seconds away from collision
[collision_monitor-23] [INFO] [1790432581.655849157] [collision_monitor]: Robot to continue normal operation
[controller_server-15] [INFO] [1790432581.685185481] [controller_server]: Passing new path to controller.
[collision_monitor-23] [INFO] [1790432581.715844889] [collision_monitor]: Robot to approach for 1.200000 seconds away from collision
[collision_monitor-23] [INFO] [1790432581.755786994] [collision_monitor]: Robot to continue normal operation
[collision_monitor-23] [INFO] [1790432582.015882821] [collision_monitor]: Robot to approach for 1.200000 seconds away from collision
[collision_monitor-23] [INFO] [1790432582.055842563] [collision_monitor]: Robot to continue normal operation
[collision_monitor-23] [INFO] [1790432582.215807273] [collision_monitor]: Robot to approach for 1.200000 seconds away from collision
[controller_server-15] [WARN] [1790432582.235424498] [controller_server]: RegulatedPurePursuitController detected collision ahead!
[collision_monitor-23] [INFO] [1790432582.256028446] [collision_monitor]: Robot to continue normal operation
[controller_server-15] [WARN] [1790432582.435469095] [controller_server]: RegulatedPurePursuitController detected collision ahead!
[collision_monitor-23] [INFO] [1790432582.516321137] [collision_monitor]: Robot to approach for 1.200000 seconds away from collision
[collision_monitor-23] [INFO] [1790432582.555760158] [collision_monitor]: Robot to continue normal operation
[collision_monitor-23] [INFO] [1790432582.615918022] [collision_monitor]: Robot to approach for 1.200000 seconds away from collision
[controller_server-15] [WARN] [1790432582.635466711] [controller_server]: RegulatedPurePursuitController detected collision ahead!
[collision_monitor-23] [INFO] [1790432582.655964954] [collision_monitor]: Robot to continue normal operation
[controller_server-15] [INFO] [1790432582.685187430] [controller_server]: Passing new path to controller.
[collision_monitor-23] [INFO] [1790432582.715896415] [collision_monitor]: Robot to approach for 1.200000 seconds away from collision
[collision_monitor-23] [INFO] [1790432582.755806759] [collision_monitor]: Robot to continue normal operation
[collision_monitor-23] [INFO] [1790432582.815846896] [collision_monitor]: Robot to approach for 1.200000 seconds away from collision
[controller_server-15] [WARN] [1790432582.835453205] [controller_server]: RegulatedPurePursuitController detected collision ahead!
[collision_monitor-23] [INFO] [1790432582.855731470] [collision_monitor]: Robot to continue normal operation
[collision_monitor-23] [INFO] [1790432582.926875181] [collision_monitor]: Robot to approach for 1.200000 seconds away from collision
[collision_monitor-23] [INFO] [1790432582.966373688] [collision_monitor]: Robot to continue normal operation
[collision_monitor-23] [INFO] [1790432583.006053122] [collision_monitor]: Robot to approach for 1.200000 seconds away from collision
[controller_server-15] [WARN] [1790432583.035521219] [controller_server]: RegulatedPurePursuitController detected collision ahead!
[collision_monitor-23] [INFO] [1790432583.076571427] [collision_monitor]: Robot to continue normal operation
[collision_monitor-23] [INFO] [1790432583.116004247] [collision_monitor]: Robot to approach for 1.200000 seconds away from collision
[collision_monitor-23] [INFO] [1790432583.176035050] [collision_monitor]: Robot to continue normal operation
[collision_monitor-23] [INFO] [1790432583.215805459] [collision_monitor]: Robot to approach for 1.200000 seconds away from collision
[controller_server-15] [WARN] [1790432583.235457153] [controller_server]: RegulatedPurePursuitController detected collision ahead!
[collision_monitor-23] [INFO] [1790432583.276137326] [collision_monitor]: Robot to continue normal operation
[collision_monitor-23] [INFO] [1790432583.315962179] [collision_monitor]: Robot to approach for 1.200000 seconds away from collision
[controller_server-15] [WARN] [1790432583.385427314] [controller_server]: RegulatedPurePursuitController detected collision ahead!
[collision_monitor-23] [INFO] [1790432583.415804484] [collision_monitor]: Robot to continue normal operation
[controller_server-15] [WARN] [1790432583.435527362] [controller_server]: RegulatedPurePursuitController detected collision ahead!
[collision_monitor-23] [INFO] [1790432583.575930092] [collision_monitor]: Robot to approach for 1.200000 seconds away from collision
[controller_server-15] [WARN] [1790432583.585508730] [controller_server]: RegulatedPurePursuitController detected collision ahead!
[collision_monitor-23] [INFO] [1790432583.615841557] [collision_monitor]: Robot to continue normal operation
[controller_server-15] [WARN] [1790432583.635602759] [controller_server]: RegulatedPurePursuitController detected collision ahead!
[controller_server-15] [INFO] [1790432583.735190072] [controller_server]: Passing new path to controller.
[controller_server-15] [WARN] [1790432583.785426678] [controller_server]: RegulatedPurePursuitController detected collision ahead!
[controller_server-15] [WARN] [1790432583.835472144] [controller_server]: RegulatedPurePursuitController detected collision ahead!
[controller_server-15] [WARN] [1790432584.185441829] [controller_server]: RegulatedPurePursuitController detected collision ahead!
[controller_server-15] [WARN] [1790432584.235450659] [controller_server]: RegulatedPurePursuitController detected collision ahead!
[controller_server-15] [WARN] [1790432584.535474000] [controller_server]: RegulatedPurePursuitController detected collision ahead!
[controller_server-15] [WARN] [1790432584.585467733] [controller_server]: RegulatedPurePursuitController detected collision ahead!
[controller_server-15] [INFO] [1790432584.735190810] [controller_server]: Passing new path to controller.
[collision_monitor-23] [INFO] [1790432585.075997991] [collision_monitor]: Robot to approach for 1.200000 seconds away from collision
[collision_monitor-23] [INFO] [1790432585.215827699] [collision_monitor]: Robot to continue normal operation
[controller_server-15] [INFO] [1790432585.785190895] [controller_server]: Passing new path to controller.
[collision_monitor-23] [INFO] [1790432586.315869520] [collision_monitor]: Robot to approach for 1.200000 seconds away from collision
[collision_monitor-23] [INFO] [1790432586.355724553] [collision_monitor]: Robot to continue normal operation
[controller_server-15] [WARN] [1790432586.635467886] [controller_server]: RegulatedPurePursuitController detected collision ahead!
[controller_server-15] [WARN] [1790432586.685536551] [controller_server]: RegulatedPurePursuitController detected collision ahead!
[controller_server-15] [WARN] [1790432586.735619579] [controller_server]: RegulatedPurePursuitController detected collision ahead!
[controller_server-15] [INFO] [1790432586.785205875] [controller_server]: Passing new path to controller.
[controller_server-15] [WARN] [1790432586.785888699] [controller_server]: RegulatedPurePursuitController detected collision ahead!
[controller_server-15] [WARN] [1790432586.835720066] [controller_server]: RegulatedPurePursuitController detected collision ahead!
[controller_server-15] [WARN] [1790432586.885620957] [controller_server]: RegulatedPurePursuitController detected collision ahead!
[controller_server-15] [WARN] [1790432586.935619057] [controller_server]: RegulatedPurePursuitController detected collision ahead!
[controller_server-15] [ERROR] [1790432586.935706205] [controller_server]: Controller patience exceeded
[controller_server-15] [WARN] [1790432586.935818055] [controller_server]: [follow_path] [ActionServer] Aborting handle.
[controller_server-15] [INFO] [1790432586.954838527] [local_costmap.local_costmap]: Received request to clear entirely the local_costmap
[controller_server-15] [INFO] [1790432586.955394653] [controller_server]: Received a goal, begin computing control effort.
[controller_server-15] [WARN] [1790432587.055844336] [controller_server]: Control loop missed its desired rate of 20.0000 Hz. Current loop rate is 10.0000 Hz.
[collision_monitor-23] [INFO] [1790432587.415847245] [collision_monitor]: Robot to approach for 1.200000 seconds away from collision
[collision_monitor-23] [INFO] [1790432587.515821678] [collision_monitor]: Robot to continue normal operation
[controller_server-15] [INFO] [1790432587.806082511] [controller_server]: Passing new path to controller.
[controller_server-15] [WARN] [1790432587.906244289] [controller_server]: RegulatedPurePursuitController detected collision ahead!
[controller_server-15] [WARN] [1790432587.956200640] [controller_server]: RegulatedPurePursuitController detected collision ahead!
[controller_server-15] [WARN] [1790432588.006196994] [controller_server]: RegulatedPurePursuitController detected collision ahead!
[collision_monitor-23] [INFO] [1790432588.415923208] [collision_monitor]: Robot to approach for 1.200000 seconds away from collision
[collision_monitor-23] [INFO] [1790432588.615855471] [collision_monitor]: Robot to continue normal operation
[controller_server-15] [INFO] [1790432588.855974495] [controller_server]: Passing new path to controller.
[controller_server-15] [WARN] [1790432588.956274498] [controller_server]: RegulatedPurePursuitController detected collision ahead!
[controller_server-15] [WARN] [1790432589.006235656] [controller_server]: RegulatedPurePursuitController detected collision ahead!
[collision_monitor-23] [INFO] [1790432589.556203358] [collision_monitor]: Robot to approach for 1.200000 seconds away from collision
[collision_monitor-23] [INFO] [1790432589.756030670] [collision_monitor]: Robot to continue normal operation
[controller_server-15] [WARN] [1790432589.806250857] [controller_server]: RegulatedPurePursuitController detected collision ahead!
[collision_monitor-23] [INFO] [1790432589.816067299] [collision_monitor]: Robot to approach for 1.200000 seconds away from collision
[collision_monitor-23] [INFO] [1790432589.855875358] [collision_monitor]: Robot to continue normal operation
[controller_server-15] [INFO] [1790432589.855982495] [controller_server]: Passing new path to controller.
[collision_monitor-23] [INFO] [1790432589.915820006] [collision_monitor]: Robot to approach for 1.200000 seconds away from collision
[collision_monitor-23] [INFO] [1790432589.955817589] [collision_monitor]: Robot to continue normal operation
[controller_server-15] [WARN] [1790432590.006247735] [controller_server]: RegulatedPurePursuitController detected collision ahead!
[collision_monitor-23] [INFO] [1790432590.015852960] [collision_monitor]: Robot to approach for 1.200000 seconds away from collision
[collision_monitor-23] [INFO] [1790432590.055847648] [collision_monitor]: Robot to continue normal operation
[collision_monitor-23] [INFO] [1790432590.115944612] [collision_monitor]: Robot to approach for 1.200000 seconds away from collision
[controller_server-15] [WARN] [1790432590.206212692] [controller_server]: RegulatedPurePursuitController detected collision ahead!
[collision_monitor-23] [INFO] [1790432590.255770522] [collision_monitor]: Robot to continue normal operation
[collision_monitor-23] [INFO] [1790432590.315823315] [collision_monitor]: Robot to approach for 1.200000 seconds away from collision
[collision_monitor-23] [INFO] [1790432590.355811118] [collision_monitor]: Robot to continue normal operation
[controller_server-15] [WARN] [1790432590.406397458] [controller_server]: RegulatedPurePursuitController detected collision ahead!
[collision_monitor-23] [INFO] [1790432590.415930619] [collision_monitor]: Robot to approach for 1.200000 seconds away from collision
[collision_monitor-23] [INFO] [1790432590.455739653] [collision_monitor]: Robot to continue normal operation
[collision_monitor-23] [INFO] [1790432590.515950764] [collision_monitor]: Robot to approach for 1.200000 seconds away from collision
[collision_monitor-23] [INFO] [1790432590.555822332] [collision_monitor]: Robot to continue normal operation
[controller_server-15] [WARN] [1790432590.606292786] [controller_server]: RegulatedPurePursuitController detected collision ahead!
[collision_monitor-23] [INFO] [1790432590.615988925] [collision_monitor]: Robot to approach for 1.200000 seconds away from collision
[collision_monitor-23] [INFO] [1790432590.655916697] [collision_monitor]: Robot to continue normal operation
[collision_monitor-23] [INFO] [1790432590.715927755] [collision_monitor]: Robot to approach for 1.200000 seconds away from collision
[collision_monitor-23] [INFO] [1790432590.755847389] [collision_monitor]: Robot to continue normal operation
[controller_server-15] [WARN] [1790432590.806241813] [controller_server]: RegulatedPurePursuitController detected collision ahead!
[collision_monitor-23] [INFO] [1790432590.815845786] [collision_monitor]: Robot to approach for 1.200000 seconds away from collision
[collision_monitor-23] [INFO] [1790432590.855801939] [collision_monitor]: Robot to continue normal operation
[controller_server-15] [INFO] [1790432590.905975929] [controller_server]: Passing new path to controller.
[controller_server-15] [WARN] [1790432590.906353430] [controller_server]: RegulatedPurePursuitController detected collision ahead!
[collision_monitor-23] [INFO] [1790432590.915847359] [collision_monitor]: Robot to approach for 1.200000 seconds away from collision
[collision_monitor-23] [INFO] [1790432590.955818815] [collision_monitor]: Robot to continue normal operation
[controller_server-15] [WARN] [1790432590.956283613] [controller_server]: RegulatedPurePursuitController detected collision ahead!
[controller_server-15] [WARN] [1790432591.006218985] [controller_server]: RegulatedPurePursuitController detected collision ahead!
[controller_server-15] [WARN] [1790432591.056197254] [controller_server]: RegulatedPurePursuitController detected collision ahead!
[controller_server-15] [WARN] [1790432591.106201132] [controller_server]: RegulatedPurePursuitController detected collision ahead!
[controller_server-15] [WARN] [1790432591.156232151] [controller_server]: RegulatedPurePursuitController detected collision ahead!
[controller_server-15] [WARN] [1790432591.206219537] [controller_server]: RegulatedPurePursuitController detected collision ahead!
[controller_server-15] [ERROR] [1790432591.206265745] [controller_server]: Controller patience exceeded
[controller_server-15] [WARN] [1790432591.206357952] [controller_server]: [follow_path] [ActionServer] Aborting handle.
[controller_server-15] [INFO] [1790432591.224932577] [local_costmap.local_costmap]: Received request to clear entirely the local_costmap
[planner_server-17] [INFO] [1790432591.225235435] [global_costmap.global_costmap]: Received request to clear entirely the global_costmap
[controller_server-15] [INFO] [1790432591.835118186] [controller_server]: Received a goal, begin computing control effort.
[controller_server-15] [WARN] [1790432592.385678139] [controller_server]: RegulatedPurePursuitController detected collision ahead!
[controller_server-15] [WARN] [1790432592.435485447] [controller_server]: RegulatedPurePursuitController detected collision ahead!
[controller_server-15] [WARN] [1790432592.535756834] [controller_server]: RegulatedPurePursuitController detected collision ahead!
[controller_server-15] [WARN] [1790432592.585579805] [controller_server]: RegulatedPurePursuitController detected collision ahead!
[controller_server-15] [WARN] [1790432592.635530177] [controller_server]: RegulatedPurePursuitController detected collision ahead!
[controller_server-15] [WARN] [1790432592.835475702] [controller_server]: RegulatedPurePursuitController detected collision ahead!
[controller_server-15] [INFO] [1790432592.885249384] [controller_server]: Passing new path to controller.
[controller_server-15] [WARN] [1790432593.135467371] [controller_server]: RegulatedPurePursuitController detected collision ahead!
[controller_server-15] [WARN] [1790432593.185682531] [controller_server]: RegulatedPurePursuitController detected collision ahead!
[controller_server-15] [WARN] [1790432593.235597885] [controller_server]: RegulatedPurePursuitController detected collision ahead!
[controller_server-15] [WARN] [1790432593.335532011] [controller_server]: RegulatedPurePursuitController detected collision ahead!
[controller_server-15] [WARN] [1790432593.385506769] [controller_server]: RegulatedPurePursuitController detected collision ahead!
[controller_server-15] [WARN] [1790432593.435529371] [controller_server]: RegulatedPurePursuitController detected collision ahead!
[controller_server-15] [INFO] [1790432593.935252370] [controller_server]: Passing new path to controller.
[controller_server-15] [WARN] [1790432593.985477906] [controller_server]: RegulatedPurePursuitController detected collision ahead!
[controller_server-15] [WARN] [1790432594.035513339] [controller_server]: RegulatedPurePursuitController detected collision ahead!
[controller_server-15] [WARN] [1790432594.185484513] [controller_server]: RegulatedPurePursuitController detected collision ahead!
[controller_server-15] [WARN] [1790432594.235473534] [controller_server]: RegulatedPurePursuitController detected collision ahead!
[collision_monitor-23] [INFO] [1790432594.416001435] [collision_monitor]: Robot to approach for 1.200000 seconds away from collision
[controller_server-15] [WARN] [1790432594.435478941] [controller_server]: RegulatedPurePursuitController detected collision ahead!
[collision_monitor-23] [INFO] [1790432594.455889287] [collision_monitor]: Robot to continue normal operation
[controller_server-15] [WARN] [1790432594.585501804] [controller_server]: RegulatedPurePursuitController detected collision ahead!
[controller_server-15] [WARN] [1790432594.635503852] [controller_server]: RegulatedPurePursuitController detected collision ahead!
[controller_server-15] [WARN] [1790432594.835502640] [controller_server]: RegulatedPurePursuitController detected collision ahead!
[controller_server-15] [INFO] [1790432594.935254491] [controller_server]: Passing new path to controller.
[controller_server-15] [WARN] [1790432594.985615576] [controller_server]: RegulatedPurePursuitController detected collision ahead!
[controller_server-15] [WARN] [1790432595.035692757] [controller_server]: RegulatedPurePursuitController detected collision ahead!
[controller_server-15] [WARN] [1790432595.185507801] [controller_server]: RegulatedPurePursuitController detected collision ahead!
[controller_server-15] [WARN] [1790432595.235480594] [controller_server]: RegulatedPurePursuitController detected collision ahead!
[controller_server-15] [WARN] [1790432595.435472594] [controller_server]: RegulatedPurePursuitController detected collision ahead!
[controller_server-15] [WARN] [1790432595.535515175] [controller_server]: RegulatedPurePursuitController detected collision ahead!
[controller_server-15] [WARN] [1790432595.585475077] [controller_server]: RegulatedPurePursuitController detected collision ahead!
[controller_server-15] [WARN] [1790432595.635624091] [controller_server]: RegulatedPurePursuitController detected collision ahead!
[controller_server-15] [WARN] [1790432595.735509474] [controller_server]: RegulatedPurePursuitController detected collision ahead!
[controller_server-15] [WARN] [1790432595.785518500] [controller_server]: RegulatedPurePursuitController detected collision ahead!
[controller_server-15] [WARN] [1790432595.835516309] [controller_server]: RegulatedPurePursuitController detected collision ahead!
[controller_server-15] [INFO] [1790432595.935259196] [controller_server]: Passing new path to controller.
[controller_server-15] [WARN] [1790432596.335463798] [controller_server]: RegulatedPurePursuitController detected collision ahead!
[controller_server-15] [WARN] [1790432596.385640013] [controller_server]: RegulatedPurePursuitController detected collision ahead!
[controller_server-15] [WARN] [1790432596.435473673] [controller_server]: RegulatedPurePursuitController detected collision ahead!
[controller_server-15] [WARN] [1790432596.535491772] [controller_server]: RegulatedPurePursuitController detected collision ahead!
[controller_server-15] [WARN] [1790432596.585472839] [controller_server]: RegulatedPurePursuitController detected collision ahead!
[controller_server-15] [WARN] [1790432596.635471190] [controller_server]: RegulatedPurePursuitController detected collision ahead!
[controller_server-15] [INFO] [1790432596.985263247] [controller_server]: Passing new path to controller.
[collision_monitor-23] [INFO] [1790432597.016558870] [collision_monitor]: Robot to approach for 1.200000 seconds away from collision
[controller_server-15] [WARN] [1790432597.085602234] [controller_server]: RegulatedPurePursuitController detected collision ahead!
[collision_monitor-23] [INFO] [1790432597.115931795] [collision_monitor]: Robot to continue normal operation
[controller_server-15] [WARN] [1790432597.135496187] [controller_server]: RegulatedPurePursuitController detected collision ahead!
[controller_server-15] [WARN] [1790432597.185612304] [controller_server]: RegulatedPurePursuitController detected collision ahead!
[controller_server-15] [WARN] [1790432597.235596949] [controller_server]: RegulatedPurePursuitController detected collision ahead!
[controller_server-15] [WARN] [1790432597.335490675] [controller_server]: RegulatedPurePursuitController detected collision ahead!
[controller_server-15] [WARN] [1790432597.385471137] [controller_server]: RegulatedPurePursuitController detected collision ahead!
[controller_server-15] [WARN] [1790432597.435548496] [controller_server]: RegulatedPurePursuitController detected collision ahead!
[collision_monitor-23] [INFO] [1790432597.815839028] [collision_monitor]: Robot to approach for 1.200000 seconds away from collision
[collision_monitor-23] [INFO] [1790432597.855820568] [collision_monitor]: Robot to continue normal operation
[controller_server-15] [INFO] [1790432597.985262899] [controller_server]: Passing new path to controller.
[collision_monitor-23] [INFO] [1790432598.015864010] [collision_monitor]: Robot to approach for 1.200000 seconds away from collision
[controller_server-15] [WARN] [1790432598.035503334] [controller_server]: RegulatedPurePursuitController detected collision ahead!
[collision_monitor-23] [INFO] [1790432598.055915103] [collision_monitor]: Robot to continue normal operation
[controller_server-15] [WARN] [1790432598.085509000] [controller_server]: RegulatedPurePursuitController detected collision ahead!
[controller_server-15] [WARN] [1790432598.135499537] [controller_server]: RegulatedPurePursuitController detected collision ahead!
[controller_server-15] [WARN] [1790432598.185621151] [controller_server]: RegulatedPurePursuitController detected collision ahead!
[controller_server-15] [WARN] [1790432598.235496856] [controller_server]: RegulatedPurePursuitController detected collision ahead!
[controller_server-15] [WARN] [1790432598.285561716] [controller_server]: RegulatedPurePursuitController detected collision ahead!
[controller_server-15] [WARN] [1790432598.335485809] [controller_server]: RegulatedPurePursuitController detected collision ahead!
[controller_server-15] [ERROR] [1790432598.335547303] [controller_server]: Controller patience exceeded
[controller_server-15] [WARN] [1790432598.335691976] [controller_server]: [follow_path] [ActionServer] Aborting handle.
[controller_server-15] [INFO] [1790432598.354886545] [local_costmap.local_costmap]: Received request to clear entirely the local_costmap
[controller_server-15] [INFO] [1790432598.355371808] [controller_server]: Received a goal, begin computing control effort.
[controller_server-15] [WARN] [1790432598.455858851] [controller_server]: Control loop missed its desired rate of 20.0000 Hz. Current loop rate is 9.9010 Hz.
[collision_monitor-23] [INFO] [1790432598.815816835] [collision_monitor]: Robot to approach for 1.200000 seconds away from collision
[collision_monitor-23] [INFO] [1790432598.855791862] [collision_monitor]: Robot to continue normal operation
[collision_monitor-23] [INFO] [1790432598.915822660] [collision_monitor]: Robot to approach for 1.200000 seconds away from collision
[collision_monitor-23] [INFO] [1790432598.955725525] [collision_monitor]: Robot to continue normal operation
[controller_server-15] [INFO] [1790432599.005981538] [controller_server]: Passing new path to controller.
[collision_monitor-23] [INFO] [1790432599.015866497] [collision_monitor]: Robot to approach for 1.200000 seconds away from collision
[collision_monitor-23] [INFO] [1790432599.055788952] [collision_monitor]: Robot to continue normal operation
[controller_server-15] [WARN] [1790432599.156158075] [controller_server]: RegulatedPurePursuitController detected collision ahead!
[controller_server-15] [WARN] [1790432599.206188702] [controller_server]: RegulatedPurePursuitController detected collision ahead!
[controller_server-15] [WARN] [1790432599.306160002] [controller_server]: RegulatedPurePursuitController detected collision ahead!
[controller_server-15] [WARN] [1790432599.356155205] [controller_server]: RegulatedPurePursuitController detected collision ahead!
[controller_server-15] [WARN] [1790432599.406154523] [controller_server]: RegulatedPurePursuitController detected collision ahead!
[controller_server-15] [WARN] [1790432599.506158806] [controller_server]: RegulatedPurePursuitController detected collision ahead!
[controller_server-15] [WARN] [1790432599.606169156] [controller_server]: RegulatedPurePursuitController detected collision ahead!
[controller_server-15] [INFO] [1790432600.056009013] [controller_server]: Passing new path to controller.
[collision_monitor-23] [INFO] [1790432600.115831996] [collision_monitor]: Robot to approach for 1.200000 seconds away from collision
[collision_monitor-23] [INFO] [1790432600.155867021] [collision_monitor]: Robot to continue normal operation
[collision_monitor-23] [INFO] [1790432600.215904040] [collision_monitor]: Robot to approach for 1.200000 seconds away from collision
[collision_monitor-23] [INFO] [1790432600.255868626] [collision_monitor]: Robot to continue normal operation
[controller_server-15] [WARN] [1790432600.256165097] [controller_server]: RegulatedPurePursuitController detected collision ahead!
[controller_server-15] [WARN] [1790432600.306193587] [controller_server]: RegulatedPurePursuitController detected collision ahead!
[controller_server-15] [WARN] [1790432600.356165726] [controller_server]: RegulatedPurePursuitController detected collision ahead!
[controller_server-15] [WARN] [1790432600.406304267] [controller_server]: RegulatedPurePursuitController detected collision ahead!
[controller_server-15] [WARN] [1790432600.456305698] [controller_server]: RegulatedPurePursuitController detected collision ahead!
[controller_server-15] [WARN] [1790432600.506165832] [controller_server]: RegulatedPurePursuitController detected collision ahead!
[controller_server-15] [WARN] [1790432600.556238049] [controller_server]: RegulatedPurePursuitController detected collision ahead!
[controller_server-15] [ERROR] [1790432600.556296842] [controller_server]: Controller patience exceeded
[controller_server-15] [WARN] [1790432600.556408567] [controller_server]: [follow_path] [ActionServer] Aborting handle.
[behavior_server-19] [INFO] [1790432600.575983744] [behavior_server]: Running spin
[behavior_server-19] [INFO] [1790432600.576151403] [behavior_server]: Turning 1.57 for spin behavior.
[behavior_server-19] [INFO] [1790432602.476362796] [behavior_server]: spin completed successfully
[controller_server-15] [INFO] [1790432602.505015632] [controller_server]: Received a goal, begin computing control effort.
[controller_server-15] [INFO] [1790432603.555174976] [controller_server]: Passing new path to controller.
[controller_server-15] [INFO] [1790432604.555172108] [controller_server]: Passing new path to controller.
[controller_server-15] [INFO] [1790432605.605199316] [controller_server]: Passing new path to controller.
[controller_server-15] [INFO] [1790432606.655174145] [controller_server]: Passing new path to controller.
[collision_monitor-23] [INFO] [1790432607.015887332] [collision_monitor]: Robot to approach for 1.200000 seconds away from collision
[collision_monitor-23] [INFO] [1790432607.056331422] [collision_monitor]: Robot to continue normal operation
[collision_monitor-23] [INFO] [1790432607.116042013] [collision_monitor]: Robot to approach for 1.200000 seconds away from collision
[collision_monitor-23] [INFO] [1790432607.155973144] [collision_monitor]: Robot to continue normal operation
[controller_server-15] [WARN] [1790432607.205326717] [controller_server]: RegulatedPurePursuitController detected collision ahead!
[collision_monitor-23] [INFO] [1790432607.215919594] [collision_monitor]: Robot to approach for 1.200000 seconds away from collision
[collision_monitor-23] [INFO] [1790432607.255911853] [collision_monitor]: Robot to continue normal operation
[controller_server-15] [WARN] [1790432607.405438460] [controller_server]: RegulatedPurePursuitController detected collision ahead!
[controller_server-15] [WARN] [1790432607.605325927] [controller_server]: RegulatedPurePursuitController detected collision ahead!
[controller_server-15] [INFO] [1790432607.655179481] [controller_server]: Passing new path to controller.
[controller_server-15] [WARN] [1790432607.805333557] [controller_server]: RegulatedPurePursuitController detected collision ahead!
[controller_server-15] [WARN] [1790432607.955315345] [controller_server]: RegulatedPurePursuitController detected collision ahead!
[controller_server-15] [WARN] [1790432608.005398346] [controller_server]: RegulatedPurePursuitController detected collision ahead!
[controller_server-15] [WARN] [1790432608.155307704] [controller_server]: RegulatedPurePursuitController detected collision ahead!
[controller_server-15] [INFO] [1790432608.655172488] [controller_server]: Passing new path to controller.
[controller_server-15] [INFO] [1790432609.705176280] [controller_server]: Passing new path to controller.
[controller_server-15] [INFO] [1790432610.705182644] [controller_server]: Passing new path to controller.
[controller_server-15] [INFO] [1790432611.755172232] [controller_server]: Passing new path to controller.
[controller_server-15] [INFO] [1790432612.755183288] [controller_server]: Passing new path to controller.
[controller_server-15] [INFO] [1790432613.805177743] [controller_server]: Passing new path to controller.
[controller_server-15] [INFO] [1790432614.805177868] [controller_server]: Passing new path to controller.
[controller_server-15] [INFO] [1790432615.805178007] [controller_server]: Passing new path to controller.
[controller_server-15] [INFO] [1790432616.855195552] [controller_server]: Passing new path to controller.
[controller_server-15] [INFO] [1790432617.255221560] [controller_server]: Reached the goal!
[bt_navigator-20] [INFO] [1790432617.284653954] [bt_navigator]: Goal succeeded
[nav_benchmark_runner.py-9] [INFO] [1790432618.293085679] [nav_benchmark_runner]: Saved trial 5 (north_east_corridor): SUCCEEDED, error=0.072 m
[bt_navigator-20] [INFO] [1790432618.293999346] [bt_navigator]: Begin navigating from current location (0.32, 0.04) to (2.80, 0.00)
[nav_benchmark_runner.py-9] [INFO] [1790432618.295068123] [nav_benchmark_runner]: Goal 'straight_east' accepted: x=2.80, y=0.00, yaw=0.0000
[controller_server-15] [INFO] [1790432618.295653189] [controller_server]: Received a goal, begin computing control effort.
[controller_server-15] [WARN] [1790432618.896049451] [controller_server]: RegulatedPurePursuitController detected collision ahead!
[collision_monitor-23] [INFO] [1790432618.915938687] [collision_monitor]: Robot to approach for 1.200000 seconds away from collision
[controller_server-15] [WARN] [1790432618.946044278] [controller_server]: RegulatedPurePursuitController detected collision ahead!
[collision_monitor-23] [INFO] [1790432618.955928328] [collision_monitor]: Robot to continue normal operation
[controller_server-15] [WARN] [1790432618.996212039] [controller_server]: RegulatedPurePursuitController detected collision ahead!
[controller_server-15] [WARN] [1790432619.046252387] [controller_server]: RegulatedPurePursuitController detected collision ahead!
[controller_server-15] [WARN] [1790432619.096235173] [controller_server]: RegulatedPurePursuitController detected collision ahead!
[controller_server-15] [WARN] [1790432619.146174695] [controller_server]: RegulatedPurePursuitController detected collision ahead!
[controller_server-15] [WARN] [1790432619.196114636] [controller_server]: RegulatedPurePursuitController detected collision ahead!
[controller_server-15] [ERROR] [1790432619.196166848] [controller_server]: Controller patience exceeded
[controller_server-15] [WARN] [1790432619.196257152] [controller_server]: [follow_path] [ActionServer] Aborting handle.
[controller_server-15] [INFO] [1790432619.214529611] [local_costmap.local_costmap]: Received request to clear entirely the local_costmap
[controller_server-15] [INFO] [1790432619.215046138] [controller_server]: Received a goal, begin computing control effort.
[controller_server-15] [INFO] [1790432619.365187130] [controller_server]: Passing new path to controller.
[controller_server-15] [WARN] [1790432619.815413978] [controller_server]: RegulatedPurePursuitController detected collision ahead!
[collision_monitor-23] [INFO] [1790432619.916258835] [collision_monitor]: Robot to approach for 1.200000 seconds away from collision
[collision_monitor-23] [INFO] [1790432619.967830203] [collision_monitor]: Robot to continue normal operation
[controller_server-15] [INFO] [1790432620.365185103] [controller_server]: Passing new path to controller.
[controller_server-15] [WARN] [1790432620.815405950] [controller_server]: RegulatedPurePursuitController detected collision ahead!
[controller_server-15] [WARN] [1790432621.015543368] [controller_server]: RegulatedPurePursuitController detected collision ahead!
[collision_monitor-23] [INFO] [1790432621.105712551] [collision_monitor]: Robot to approach for 1.200000 seconds away from collision
[collision_monitor-23] [INFO] [1790432621.165821147] [collision_monitor]: Robot to continue normal operation
[controller_server-15] [INFO] [1790432621.415184338] [controller_server]: Passing new path to controller.
[controller_server-15] [WARN] [1790432621.415584366] [controller_server]: RegulatedPurePursuitController detected collision ahead!
[controller_server-15] [WARN] [1790432621.615400588] [controller_server]: RegulatedPurePursuitController detected collision ahead!
[controller_server-15] [WARN] [1790432621.815455402] [controller_server]: RegulatedPurePursuitController detected collision ahead!
[controller_server-15] [WARN] [1790432622.015398084] [controller_server]: RegulatedPurePursuitController detected collision ahead!
[collision_monitor-23] [INFO] [1790432622.105711560] [collision_monitor]: Robot to approach for 1.200000 seconds away from collision
[collision_monitor-23] [INFO] [1790432622.165842043] [collision_monitor]: Robot to continue normal operation
[controller_server-15] [WARN] [1790432622.215496498] [controller_server]: RegulatedPurePursuitController detected collision ahead!
[controller_server-15] [INFO] [1790432622.415181908] [controller_server]: Passing new path to controller.
[controller_server-15] [WARN] [1790432622.415515875] [controller_server]: RegulatedPurePursuitController detected collision ahead!
[controller_server-15] [WARN] [1790432622.615419946] [controller_server]: RegulatedPurePursuitController detected collision ahead!
[controller_server-15] [INFO] [1790432623.465194232] [controller_server]: Passing new path to controller.
[controller_server-15] [WARN] [1790432624.215402527] [controller_server]: RegulatedPurePursuitController detected collision ahead!
[controller_server-15] [WARN] [1790432624.415381507] [controller_server]: RegulatedPurePursuitController detected collision ahead!
[controller_server-15] [INFO] [1790432624.465190648] [controller_server]: Passing new path to controller.
[controller_server-15] [INFO] [1790432625.515193206] [controller_server]: Passing new path to controller.
[controller_server-15] [WARN] [1790432625.715346213] [controller_server]: RegulatedPurePursuitController detected collision ahead!
[controller_server-15] [WARN] [1790432625.765427662] [controller_server]: RegulatedPurePursuitController detected collision ahead!
[controller_server-15] [WARN] [1790432625.815361963] [controller_server]: RegulatedPurePursuitController detected collision ahead!
[collision_monitor-23] [INFO] [1790432626.105689106] [collision_monitor]: Robot to approach for 1.200000 seconds away from collision
[collision_monitor-23] [INFO] [1790432626.165839466] [collision_monitor]: Robot to continue normal operation
[collision_monitor-23] [INFO] [1790432626.305740333] [collision_monitor]: Robot to approach for 1.200000 seconds away from collision
[controller_server-15] [WARN] [1790432626.365439066] [controller_server]: RegulatedPurePursuitController detected collision ahead!
[collision_monitor-23] [INFO] [1790432626.365852895] [collision_monitor]: Robot to continue normal operation
[controller_server-15] [WARN] [1790432626.415483785] [controller_server]: RegulatedPurePursuitController detected collision ahead!
[controller_server-15] [INFO] [1790432626.515201875] [controller_server]: Passing new path to controller.
[controller_server-15] [WARN] [1790432626.565338610] [controller_server]: RegulatedPurePursuitController detected collision ahead!
[controller_server-15] [WARN] [1790432626.615338055] [controller_server]: RegulatedPurePursuitController detected collision ahead!
[controller_server-15] [WARN] [1790432626.765570725] [controller_server]: RegulatedPurePursuitController detected collision ahead!
[controller_server-15] [WARN] [1790432626.815378592] [controller_server]: RegulatedPurePursuitController detected collision ahead!
[controller_server-15] [INFO] [1790432627.565195816] [controller_server]: Passing new path to controller.
[controller_server-15] [INFO] [1790432628.565194696] [controller_server]: Passing new path to controller.
[controller_server-15] [INFO] [1790432629.615181230] [controller_server]: Passing new path to controller.
[controller_server-15] [INFO] [1790432630.615183385] [controller_server]: Passing new path to controller.
[controller_server-15] [INFO] [1790432631.615180027] [controller_server]: Passing new path to controller.
[controller_server-15] [INFO] [1790432631.615311494] [controller_server]: Reached the goal!
[bt_navigator-20] [INFO] [1790432631.654489576] [bt_navigator]: Goal succeeded
[bt_navigator-20] [INFO] [1790432632.656130653] [bt_navigator]: Begin navigating from current location (2.73, 0.01) to (0.30, 0.00)
[nav_benchmark_runner.py-9] [INFO] [1790432632.657092804] [nav_benchmark_runner]: Goal 'return_to_start' accepted: x=0.30, y=0.00, yaw=0.0000
[controller_server-15] [INFO] [1790432632.657568291] [controller_server]: Received a goal, begin computing control effort.
[controller_server-15] [INFO] [1790432633.707738519] [controller_server]: Passing new path to controller.
[controller_server-15] [INFO] [1790432634.707738843] [controller_server]: Passing new path to controller.
[controller_server-15] [INFO] [1790432635.757737377] [controller_server]: Passing new path to controller.
[controller_server-15] [INFO] [1790432636.757735996] [controller_server]: Passing new path to controller.
[controller_server-15] [INFO] [1790432637.807748328] [controller_server]: Passing new path to controller.
[collision_monitor-23] [INFO] [1790432638.805726142] [collision_monitor]: Robot to approach for 1.200000 seconds away from collision
[controller_server-15] [INFO] [1790432638.807744513] [controller_server]: Passing new path to controller.
[controller_server-15] [WARN] [1790432639.008144662] [controller_server]: RegulatedPurePursuitController detected collision ahead!
[collision_monitor-23] [INFO] [1790432639.065899074] [collision_monitor]: Robot to continue normal operation
[collision_monitor-23] [INFO] [1790432639.105759350] [collision_monitor]: Robot to approach for 1.200000 seconds away from collision
[controller_server-15] [WARN] [1790432639.208229515] [controller_server]: RegulatedPurePursuitController detected collision ahead!
[collision_monitor-23] [INFO] [1790432639.265955642] [collision_monitor]: Robot to continue normal operation
[collision_monitor-23] [INFO] [1790432639.305808654] [collision_monitor]: Robot to approach for 1.200000 seconds away from collision
[controller_server-15] [WARN] [1790432639.408144864] [controller_server]: RegulatedPurePursuitController detected collision ahead!
[collision_monitor-23] [INFO] [1790432639.465899975] [collision_monitor]: Robot to continue normal operation
[collision_monitor-23] [INFO] [1790432639.505770168] [collision_monitor]: Robot to approach for 1.200000 seconds away from collision
[controller_server-15] [WARN] [1790432639.608501119] [controller_server]: RegulatedPurePursuitController detected collision ahead!
[collision_monitor-23] [INFO] [1790432639.665847382] [collision_monitor]: Robot to continue normal operation
[collision_monitor-23] [INFO] [1790432639.705715829] [collision_monitor]: Robot to approach for 1.200000 seconds away from collision
[collision_monitor-23] [INFO] [1790432639.805832776] [collision_monitor]: Robot to continue normal operation
[controller_server-15] [WARN] [1790432639.808212533] [controller_server]: RegulatedPurePursuitController detected collision ahead!
[controller_server-15] [INFO] [1790432639.857740879] [controller_server]: Passing new path to controller.
[collision_monitor-23] [INFO] [1790432639.905716035] [collision_monitor]: Robot to approach for 1.200000 seconds away from collision
[collision_monitor-23] [INFO] [1790432640.005701517] [collision_monitor]: Robot to continue normal operation
[controller_server-15] [WARN] [1790432640.008150162] [controller_server]: RegulatedPurePursuitController detected collision ahead!
[collision_monitor-23] [INFO] [1790432640.105706824] [collision_monitor]: Robot to approach for 1.200000 seconds away from collision
[controller_server-15] [WARN] [1790432640.208165526] [controller_server]: RegulatedPurePursuitController detected collision ahead!
[collision_monitor-23] [INFO] [1790432640.266030683] [collision_monitor]: Robot to continue normal operation
[collision_monitor-23] [INFO] [1790432640.365901689] [collision_monitor]: Robot to approach for 1.200000 seconds away from collision
[collision_monitor-23] [INFO] [1790432640.405757107] [collision_monitor]: Robot to continue normal operation
[controller_server-15] [WARN] [1790432640.408070612] [controller_server]: RegulatedPurePursuitController detected collision ahead!
[collision_monitor-23] [INFO] [1790432640.565835340] [collision_monitor]: Robot to approach for 1.200000 seconds away from collision
[collision_monitor-23] [INFO] [1790432640.605716389] [collision_monitor]: Robot to continue normal operation
[controller_server-15] [WARN] [1790432640.608129206] [controller_server]: RegulatedPurePursuitController detected collision ahead!
[collision_monitor-23] [INFO] [1790432640.705712547] [collision_monitor]: Robot to approach for 1.200000 seconds away from collision
[collision_monitor-23] [INFO] [1790432640.805860187] [collision_monitor]: Robot to continue normal operation
[controller_server-15] [WARN] [1790432640.808379650] [controller_server]: RegulatedPurePursuitController detected collision ahead!
[controller_server-15] [INFO] [1790432640.857746100] [controller_server]: Passing new path to controller.
[collision_monitor-23] [INFO] [1790432640.965918376] [collision_monitor]: Robot to approach for 1.200000 seconds away from collision
[collision_monitor-23] [INFO] [1790432641.005702470] [collision_monitor]: Robot to continue normal operation
[controller_server-15] [WARN] [1790432641.008134940] [controller_server]: RegulatedPurePursuitController detected collision ahead!
[collision_monitor-23] [INFO] [1790432641.165889319] [collision_monitor]: Robot to approach for 1.200000 seconds away from collision
[collision_monitor-23] [INFO] [1790432641.205727285] [collision_monitor]: Robot to continue normal operation
[controller_server-15] [WARN] [1790432641.208176586] [controller_server]: RegulatedPurePursuitController detected collision ahead!
[collision_monitor-23] [INFO] [1790432641.365960227] [collision_monitor]: Robot to approach for 1.200000 seconds away from collision
[collision_monitor-23] [INFO] [1790432641.405746792] [collision_monitor]: Robot to continue normal operation
[controller_server-15] [WARN] [1790432641.408173256] [controller_server]: RegulatedPurePursuitController detected collision ahead!
[collision_monitor-23] [INFO] [1790432641.565946282] [collision_monitor]: Robot to approach for 1.200000 seconds away from collision
[collision_monitor-23] [INFO] [1790432641.605716853] [collision_monitor]: Robot to continue normal operation
[controller_server-15] [WARN] [1790432641.608104417] [controller_server]: RegulatedPurePursuitController detected collision ahead!
[collision_monitor-23] [INFO] [1790432641.765837356] [collision_monitor]: Robot to approach for 1.200000 seconds away from collision
[collision_monitor-23] [INFO] [1790432641.805757801] [collision_monitor]: Robot to continue normal operation
[controller_server-15] [WARN] [1790432641.808167923] [controller_server]: RegulatedPurePursuitController detected collision ahead!
[controller_server-15] [INFO] [1790432641.857738911] [controller_server]: Passing new path to controller.
[collision_monitor-23] [INFO] [1790432641.965899814] [collision_monitor]: Robot to approach for 1.200000 seconds away from collision
[collision_monitor-23] [INFO] [1790432642.005772755] [collision_monitor]: Robot to continue normal operation
[controller_server-15] [WARN] [1790432642.008153226] [controller_server]: RegulatedPurePursuitController detected collision ahead!
[collision_monitor-23] [INFO] [1790432642.165867818] [collision_monitor]: Robot to approach for 1.200000 seconds away from collision
[collision_monitor-23] [INFO] [1790432642.205703250] [collision_monitor]: Robot to continue normal operation
[controller_server-15] [WARN] [1790432642.208116964] [controller_server]: RegulatedPurePursuitController detected collision ahead!
[collision_monitor-23] [INFO] [1790432642.365903767] [collision_monitor]: Robot to approach for 1.200000 seconds away from collision
[collision_monitor-23] [INFO] [1790432642.405749465] [collision_monitor]: Robot to continue normal operation
[collision_monitor-23] [INFO] [1790432642.465916679] [collision_monitor]: Robot to approach for 1.200000 seconds away from collision
[collision_monitor-23] [INFO] [1790432642.505726131] [collision_monitor]: Robot to continue normal operation
[collision_monitor-23] [INFO] [1790432642.565883148] [collision_monitor]: Robot to approach for 1.200000 seconds away from collision
[collision_monitor-23] [INFO] [1790432642.605732129] [collision_monitor]: Robot to continue normal operation
[collision_monitor-23] [INFO] [1790432642.665914008] [collision_monitor]: Robot to approach for 1.200000 seconds away from collision
[collision_monitor-23] [INFO] [1790432642.705731911] [collision_monitor]: Robot to continue normal operation
[collision_monitor-23] [INFO] [1790432642.766017708] [collision_monitor]: Robot to approach for 1.200000 seconds away from collision
[collision_monitor-23] [INFO] [1790432642.805896509] [collision_monitor]: Robot to continue normal operation
[controller_server-15] [WARN] [1790432642.808763886] [controller_server]: RegulatedPurePursuitController detected collision ahead!
[controller_server-15] [INFO] [1790432642.907740552] [controller_server]: Passing new path to controller.
[controller_server-15] [WARN] [1790432642.958116587] [controller_server]: RegulatedPurePursuitController detected collision ahead!
[collision_monitor-23] [INFO] [1790432642.965927950] [collision_monitor]: Robot to approach for 1.200000 seconds away from collision
[collision_monitor-23] [INFO] [1790432643.005771126] [collision_monitor]: Robot to continue normal operation
[controller_server-15] [WARN] [1790432643.008147720] [controller_server]: RegulatedPurePursuitController detected collision ahead!
[controller_server-15] [WARN] [1790432643.210035608] [controller_server]: RegulatedPurePursuitController detected collision ahead!
[collision_monitor-23] [INFO] [1790432643.355721450] [collision_monitor]: Robot to approach for 1.200000 seconds away from collision
[controller_server-15] [WARN] [1790432643.407980896] [controller_server]: RegulatedPurePursuitController detected collision ahead!
[collision_monitor-23] [INFO] [1790432643.415908069] [collision_monitor]: Robot to continue normal operation
[collision_monitor-23] [INFO] [1790432643.555777187] [collision_monitor]: Robot to approach for 1.200000 seconds away from collision
[controller_server-15] [WARN] [1790432643.608134125] [controller_server]: RegulatedPurePursuitController detected collision ahead!
[collision_monitor-23] [INFO] [1790432643.615958568] [collision_monitor]: Robot to continue normal operation
[collision_monitor-23] [INFO] [1790432643.755804291] [collision_monitor]: Robot to approach for 1.200000 seconds away from collision
[controller_server-15] [WARN] [1790432643.808108782] [controller_server]: RegulatedPurePursuitController detected collision ahead!
[collision_monitor-23] [INFO] [1790432643.815977361] [collision_monitor]: Robot to continue normal operation
[controller_server-15] [INFO] [1790432643.907734184] [controller_server]: Passing new path to controller.
[collision_monitor-23] [INFO] [1790432643.955837122] [collision_monitor]: Robot to approach for 1.200000 seconds away from collision
[controller_server-15] [WARN] [1790432643.958072228] [controller_server]: RegulatedPurePursuitController detected collision ahead!
[controller_server-15] [WARN] [1790432644.008062591] [controller_server]: RegulatedPurePursuitController detected collision ahead!
[collision_monitor-23] [INFO] [1790432644.015833918] [collision_monitor]: Robot to continue normal operation
[collision_monitor-23] [INFO] [1790432644.155824785] [collision_monitor]: Robot to approach for 1.200000 seconds away from collision
[controller_server-15] [WARN] [1790432644.157938067] [controller_server]: RegulatedPurePursuitController detected collision ahead!
[controller_server-15] [WARN] [1790432644.208001917] [controller_server]: RegulatedPurePursuitController detected collision ahead!
[collision_monitor-23] [INFO] [1790432644.215956212] [collision_monitor]: Robot to continue normal operation
[collision_monitor-23] [INFO] [1790432644.355714249] [collision_monitor]: Robot to approach for 1.200000 seconds away from collision
[controller_server-15] [WARN] [1790432644.407938659] [controller_server]: RegulatedPurePursuitController detected collision ahead!
[collision_monitor-23] [INFO] [1790432644.415849377] [collision_monitor]: Robot to continue normal operation
[collision_monitor-23] [INFO] [1790432644.555719918] [collision_monitor]: Robot to approach for 1.200000 seconds away from collision
[controller_server-15] [WARN] [1790432644.607914928] [controller_server]: RegulatedPurePursuitController detected collision ahead!
[collision_monitor-23] [INFO] [1790432644.615817196] [collision_monitor]: Robot to continue normal operation
[collision_monitor-23] [INFO] [1790432644.755809320] [collision_monitor]: Robot to approach for 1.200000 seconds away from collision
[controller_server-15] [WARN] [1790432644.808020113] [controller_server]: RegulatedPurePursuitController detected collision ahead!
[collision_monitor-23] [INFO] [1790432644.815814694] [collision_monitor]: Robot to continue normal operation
[collision_monitor-23] [INFO] [1790432644.955778955] [collision_monitor]: Robot to approach for 1.200000 seconds away from collision
[controller_server-15] [INFO] [1790432644.957727565] [controller_server]: Passing new path to controller.
[controller_server-15] [WARN] [1790432645.007915498] [controller_server]: RegulatedPurePursuitController detected collision ahead!
[collision_monitor-23] [INFO] [1790432645.015806626] [collision_monitor]: Robot to continue normal operation
[collision_monitor-23] [INFO] [1790432645.155720477] [collision_monitor]: Robot to approach for 1.200000 seconds away from collision
[collision_monitor-23] [INFO] [1790432645.215822535] [collision_monitor]: Robot to continue normal operation
[collision_monitor-23] [INFO] [1790432645.255793342] [collision_monitor]: Robot to approach for 1.200000 seconds away from collision
[collision_monitor-23] [INFO] [1790432645.316360846] [collision_monitor]: Robot to continue normal operation
[collision_monitor-23] [INFO] [1790432645.355870677] [collision_monitor]: Robot to approach for 1.200000 seconds away from collision
[controller_server-15] [WARN] [1790432645.407970711] [controller_server]: RegulatedPurePursuitController detected collision ahead!
[collision_monitor-23] [INFO] [1790432645.415883837] [collision_monitor]: Robot to continue normal operation
[collision_monitor-23] [INFO] [1790432645.555716121] [collision_monitor]: Robot to approach for 1.200000 seconds away from collision
[collision_monitor-23] [INFO] [1790432645.615828166] [collision_monitor]: Robot to continue normal operation
[collision_monitor-23] [INFO] [1790432645.655721038] [collision_monitor]: Robot to approach for 1.200000 seconds away from collision
[collision_monitor-23] [INFO] [1790432645.716039932] [collision_monitor]: Robot to continue normal operation
[collision_monitor-23] [INFO] [1790432645.755814295] [collision_monitor]: Robot to approach for 1.200000 seconds away from collision
[collision_monitor-23] [INFO] [1790432645.815816980] [collision_monitor]: Robot to continue normal operation
[collision_monitor-23] [INFO] [1790432645.855809296] [collision_monitor]: Robot to approach for 1.200000 seconds away from collision
[collision_monitor-23] [INFO] [1790432645.915939288] [collision_monitor]: Robot to continue normal operation
[collision_monitor-23] [INFO] [1790432645.955792075] [collision_monitor]: Robot to approach for 1.200000 seconds away from collision
[controller_server-15] [INFO] [1790432645.957730464] [controller_server]: Passing new path to controller.
[collision_monitor-23] [INFO] [1790432646.016249477] [collision_monitor]: Robot to continue normal operation
[collision_monitor-23] [INFO] [1790432646.055846801] [collision_monitor]: Robot to approach for 1.200000 seconds away from collision
[collision_monitor-23] [INFO] [1790432646.115806763] [collision_monitor]: Robot to continue normal operation
[collision_monitor-23] [INFO] [1790432646.155723715] [collision_monitor]: Robot to approach for 1.200000 seconds away from collision
[collision_monitor-23] [INFO] [1790432646.215810354] [collision_monitor]: Robot to continue normal operation
[controller_server-15] [INFO] [1790432647.007725702] [controller_server]: Passing new path to controller.
[controller_server-15] [INFO] [1790432648.007728111] [controller_server]: Passing new path to controller.
[controller_server-15] [INFO] [1790432649.057724581] [controller_server]: Passing new path to controller.
[controller_server-15] [INFO] [1790432650.057722863] [controller_server]: Passing new path to controller.
[controller_server-15] [INFO] [1790432651.107724921] [controller_server]: Passing new path to controller.
[controller_server-15] [INFO] [1790432652.107727586] [controller_server]: Passing new path to controller.
[controller_server-15] [INFO] [1790432653.107724574] [controller_server]: Passing new path to controller.
[controller_server-15] [INFO] [1790432654.157727041] [controller_server]: Passing new path to controller.
[controller_server-15] [INFO] [1790432655.157725670] [controller_server]: Passing new path to controller.
[controller_server-15] [INFO] [1790432656.207729671] [controller_server]: Passing new path to controller.
[controller_server-15] [INFO] [1790432657.207728063] [controller_server]: Passing new path to controller.
[controller_server-15] [INFO] [1790432658.257723920] [controller_server]: Passing new path to controller.
[controller_server-15] [INFO] [1790432659.257732079] [controller_server]: Passing new path to controller.
[controller_server-15] [INFO] [1790432660.307728506] [controller_server]: Passing new path to controller.
[controller_server-15] [INFO] [1790432661.307724821] [controller_server]: Passing new path to controller.
[controller_server-15] [INFO] [1790432662.357728531] [controller_server]: Passing new path to controller.
[controller_server-15] [INFO] [1790432663.357736239] [controller_server]: Passing new path to controller.
[controller_server-15] [INFO] [1790432664.407738942] [controller_server]: Passing new path to controller.
[controller_server-15] [INFO] [1790432665.407728677] [controller_server]: Passing new path to controller.
[controller_server-15] [INFO] [1790432666.457727457] [controller_server]: Passing new path to controller.
[controller_server-15] [INFO] [1790432667.457730250] [controller_server]: Passing new path to controller.
[controller_server-15] [INFO] [1790432668.157781183] [controller_server]: Reached the goal!
[bt_navigator-20] [INFO] [1790432668.186587025] [bt_navigator]: Goal succeeded
[nav_benchmark_runner.py-9] [INFO] [1790432669.195050417] [nav_benchmark_runner]: Saved trial 6 (straight_east): SUCCEEDED, error=0.070 m
[bt_navigator-20] [INFO] [1790432669.195858621] [bt_navigator]: Begin navigating from current location (0.36, 0.03) to (2.80, -2.00)
[nav_benchmark_runner.py-9] [INFO] [1790432669.196999671] [nav_benchmark_runner]: Goal 'east_detour' accepted: x=2.80, y=-2.00, yaw=-1.5708
[controller_server-15] [INFO] [1790432669.206648536] [controller_server]: Received a goal, begin computing control effort.
[collision_monitor-23] [INFO] [1790432669.855750464] [collision_monitor]: Robot to approach for 1.200000 seconds away from collision
[collision_monitor-23] [INFO] [1790432669.915951237] [collision_monitor]: Robot to continue normal operation
[collision_monitor-23] [INFO] [1790432669.956018289] [collision_monitor]: Robot to approach for 1.200000 seconds away from collision
[collision_monitor-23] [INFO] [1790432670.015925906] [collision_monitor]: Robot to continue normal operation
[collision_monitor-23] [INFO] [1790432670.055763412] [collision_monitor]: Robot to approach for 1.200000 seconds away from collision
[collision_monitor-23] [INFO] [1790432670.115866971] [collision_monitor]: Robot to continue normal operation
[collision_monitor-23] [INFO] [1790432670.155931122] [collision_monitor]: Robot to approach for 1.200000 seconds away from collision
[collision_monitor-23] [INFO] [1790432670.215823047] [collision_monitor]: Robot to continue normal operation
[collision_monitor-23] [INFO] [1790432670.255762355] [collision_monitor]: Robot to approach for 1.200000 seconds away from collision
[controller_server-15] [INFO] [1790432670.256805651] [controller_server]: Passing new path to controller.
[collision_monitor-23] [INFO] [1790432670.315922401] [collision_monitor]: Robot to continue normal operation
[collision_monitor-23] [INFO] [1790432670.355769962] [collision_monitor]: Robot to approach for 1.200000 seconds away from collision
[collision_monitor-23] [INFO] [1790432670.415856274] [collision_monitor]: Robot to continue normal operation
[collision_monitor-23] [INFO] [1790432670.455742447] [collision_monitor]: Robot to approach for 1.200000 seconds away from collision
[collision_monitor-23] [INFO] [1790432670.515897604] [collision_monitor]: Robot to continue normal operation
[collision_monitor-23] [INFO] [1790432670.555836563] [collision_monitor]: Robot to approach for 1.200000 seconds away from collision
[collision_monitor-23] [INFO] [1790432670.626191812] [collision_monitor]: Robot to continue normal operation
[collision_monitor-23] [INFO] [1790432670.667007259] [collision_monitor]: Robot to approach for 1.200000 seconds away from collision
[collision_monitor-23] [INFO] [1790432670.707051651] [collision_monitor]: Robot to continue normal operation
[collision_monitor-23] [INFO] [1790432670.766120782] [collision_monitor]: Robot to approach for 1.200000 seconds away from collision
[collision_monitor-23] [INFO] [1790432670.816066353] [collision_monitor]: Robot to continue normal operation
[collision_monitor-23] [INFO] [1790432670.875971754] [collision_monitor]: Robot to approach for 1.200000 seconds away from collision
[collision_monitor-23] [INFO] [1790432670.915884389] [collision_monitor]: Robot to continue normal operation
[collision_monitor-23] [INFO] [1790432670.975929925] [collision_monitor]: Robot to approach for 1.200000 seconds away from collision
[collision_monitor-23] [INFO] [1790432671.015817666] [collision_monitor]: Robot to continue normal operation
[collision_monitor-23] [INFO] [1790432671.066110270] [collision_monitor]: Robot to approach for 1.200000 seconds away from collision
[collision_monitor-23] [INFO] [1790432671.115856023] [collision_monitor]: Robot to continue normal operation
[collision_monitor-23] [INFO] [1790432671.175979121] [collision_monitor]: Robot to approach for 1.200000 seconds away from collision
[collision_monitor-23] [INFO] [1790432671.216010216] [collision_monitor]: Robot to continue normal operation
[controller_server-15] [INFO] [1790432671.306974680] [controller_server]: Passing new path to controller.
[collision_monitor-23] [INFO] [1790432671.476223923] [collision_monitor]: Robot to approach for 1.200000 seconds away from collision
[collision_monitor-23] [INFO] [1790432671.515811574] [collision_monitor]: Robot to continue normal operation
[collision_monitor-23] [INFO] [1790432671.575947659] [collision_monitor]: Robot to approach for 1.200000 seconds away from collision
[collision_monitor-23] [INFO] [1790432671.615825702] [collision_monitor]: Robot to continue normal operation
[collision_monitor-23] [INFO] [1790432671.775912936] [collision_monitor]: Robot to approach for 1.200000 seconds away from collision
[collision_monitor-23] [INFO] [1790432671.815870158] [collision_monitor]: Robot to continue normal operation
[collision_monitor-23] [INFO] [1790432671.876010224] [collision_monitor]: Robot to approach for 1.200000 seconds away from collision
[collision_monitor-23] [INFO] [1790432671.915859989] [collision_monitor]: Robot to continue normal operation
[collision_monitor-23] [INFO] [1790432671.975962769] [collision_monitor]: Robot to approach for 1.200000 seconds away from collision
[controller_server-15] [WARN] [1790432672.007449700] [controller_server]: RegulatedPurePursuitController detected collision ahead!
[collision_monitor-23] [INFO] [1790432672.015836866] [collision_monitor]: Robot to continue normal operation
[collision_monitor-23] [INFO] [1790432672.176073005] [collision_monitor]: Robot to approach for 1.200000 seconds away from collision
[controller_server-15] [WARN] [1790432672.207281635] [controller_server]: RegulatedPurePursuitController detected collision ahead!
[collision_monitor-23] [INFO] [1790432672.215801744] [collision_monitor]: Robot to continue normal operation
[controller_server-15] [INFO] [1790432672.306983562] [controller_server]: Passing new path to controller.
[collision_monitor-23] [INFO] [1790432672.375932800] [collision_monitor]: Robot to approach for 1.200000 seconds away from collision
[controller_server-15] [WARN] [1790432672.407600095] [controller_server]: RegulatedPurePursuitController detected collision ahead!
[collision_monitor-23] [INFO] [1790432672.415781703] [collision_monitor]: Robot to continue normal operation
[collision_monitor-23] [INFO] [1790432672.576127464] [collision_monitor]: Robot to approach for 1.200000 seconds away from collision
[controller_server-15] [WARN] [1790432672.607829042] [controller_server]: RegulatedPurePursuitController detected collision ahead!
[collision_monitor-23] [INFO] [1790432672.615893767] [collision_monitor]: Robot to continue normal operation
[collision_monitor-23] [INFO] [1790432672.775984745] [collision_monitor]: Robot to approach for 1.200000 seconds away from collision
[controller_server-15] [WARN] [1790432672.807189256] [controller_server]: RegulatedPurePursuitController detected collision ahead!
[collision_monitor-23] [INFO] [1790432672.815870375] [collision_monitor]: Robot to continue normal operation
[collision_monitor-23] [INFO] [1790432672.915820801] [collision_monitor]: Robot to approach for 1.200000 seconds away from collision
[controller_server-15] [WARN] [1790432672.957068112] [controller_server]: RegulatedPurePursuitController detected collision ahead!
[controller_server-15] [WARN] [1790432673.007159428] [controller_server]: RegulatedPurePursuitController detected collision ahead!
[collision_monitor-23] [INFO] [1790432673.015956643] [collision_monitor]: Robot to continue normal operation
[controller_server-15] [WARN] [1790432673.157159865] [controller_server]: RegulatedPurePursuitController detected collision ahead!
[collision_monitor-23] [INFO] [1790432673.176205208] [collision_monitor]: Robot to approach for 1.200000 seconds away from collision
[controller_server-15] [WARN] [1790432673.207434855] [controller_server]: RegulatedPurePursuitController detected collision ahead!
[collision_monitor-23] [INFO] [1790432673.215888055] [collision_monitor]: Robot to continue normal operation
[controller_server-15] [INFO] [1790432673.356808915] [controller_server]: Passing new path to controller.
[controller_server-15] [WARN] [1790432673.357204389] [controller_server]: RegulatedPurePursuitController detected collision ahead!
[collision_monitor-23] [INFO] [1790432673.375936089] [collision_monitor]: Robot to approach for 1.200000 seconds away from collision
[controller_server-15] [WARN] [1790432673.407327725] [controller_server]: RegulatedPurePursuitController detected collision ahead!
[collision_monitor-23] [INFO] [1790432673.415831826] [collision_monitor]: Robot to continue normal operation
[controller_server-15] [WARN] [1790432673.607237353] [controller_server]: RegulatedPurePursuitController detected collision ahead!
[collision_monitor-23] [INFO] [1790432673.776059002] [collision_monitor]: Robot to approach for 1.200000 seconds away from collision
[controller_server-15] [WARN] [1790432673.857146940] [controller_server]: RegulatedPurePursuitController detected collision ahead!
[controller_server-15] [WARN] [1790432673.907420743] [controller_server]: RegulatedPurePursuitController detected collision ahead!
[collision_monitor-23] [INFO] [1790432673.916121883] [collision_monitor]: Robot to continue normal operation
[controller_server-15] [WARN] [1790432673.957109853] [controller_server]: RegulatedPurePursuitController detected collision ahead!
[controller_server-15] [WARN] [1790432674.007278001] [controller_server]: RegulatedPurePursuitController detected collision ahead!
[controller_server-15] [WARN] [1790432674.107183453] [controller_server]: RegulatedPurePursuitController detected collision ahead!
[collision_monitor-23] [INFO] [1790432674.355747956] [collision_monitor]: Robot to approach for 1.200000 seconds away from collision
[controller_server-15] [INFO] [1790432674.356802204] [controller_server]: Passing new path to controller.
[controller_server-15] [WARN] [1790432674.357334320] [controller_server]: RegulatedPurePursuitController detected collision ahead!
[controller_server-15] [WARN] [1790432674.407359452] [controller_server]: RegulatedPurePursuitController detected collision ahead!
[collision_monitor-23] [INFO] [1790432674.415827856] [collision_monitor]: Robot to continue normal operation
[collision_monitor-23] [INFO] [1790432675.215857820] [collision_monitor]: Robot to approach for 1.200000 seconds away from collision
[controller_server-15] [INFO] [1790432675.406913122] [controller_server]: Passing new path to controller.
[collision_monitor-23] [INFO] [1790432675.455779597] [collision_monitor]: Robot to continue normal operation
[controller_server-15] [WARN] [1790432675.757115670] [controller_server]: RegulatedPurePursuitController detected collision ahead!
[controller_server-15] [WARN] [1790432675.807182808] [controller_server]: RegulatedPurePursuitController detected collision ahead!
[controller_server-15] [INFO] [1790432676.407384466] [controller_server]: Passing new path to controller.
[collision_monitor-23] [INFO] [1790432676.455977010] [collision_monitor]: Robot to approach for 1.200000 seconds away from collision
[collision_monitor-23] [INFO] [1790432676.516130348] [collision_monitor]: Robot to continue normal operation
[collision_monitor-23] [INFO] [1790432676.955870660] [collision_monitor]: Robot to approach for 1.200000 seconds away from collision
[controller_server-15] [WARN] [1790432676.957258587] [controller_server]: RegulatedPurePursuitController detected collision ahead!
[controller_server-15] [WARN] [1790432677.007211633] [controller_server]: RegulatedPurePursuitController detected collision ahead!
[collision_monitor-23] [INFO] [1790432677.016200927] [collision_monitor]: Robot to continue normal operation
[controller_server-15] [WARN] [1790432677.207233309] [controller_server]: RegulatedPurePursuitController detected collision ahead!
[controller_server-15] [WARN] [1790432677.407381337] [controller_server]: RegulatedPurePursuitController detected collision ahead!
[controller_server-15] [INFO] [1790432677.456809944] [controller_server]: Passing new path to controller.
[controller_server-15] [WARN] [1790432677.707429191] [controller_server]: RegulatedPurePursuitController detected collision ahead!
[collision_monitor-23] [INFO] [1790432678.355769816] [collision_monitor]: Robot to approach for 1.200000 seconds away from collision
[controller_server-15] [WARN] [1790432678.407588621] [controller_server]: RegulatedPurePursuitController detected collision ahead!
[collision_monitor-23] [INFO] [1790432678.415844471] [collision_monitor]: Robot to continue normal operation
[controller_server-15] [INFO] [1790432678.456775209] [controller_server]: Passing new path to controller.
[collision_monitor-23] [INFO] [1790432678.555780828] [collision_monitor]: Robot to approach for 1.200000 seconds away from collision
[controller_server-15] [WARN] [1790432678.607401374] [controller_server]: RegulatedPurePursuitController detected collision ahead!
[collision_monitor-23] [INFO] [1790432678.615858207] [collision_monitor]: Robot to continue normal operation
[collision_monitor-23] [INFO] [1790432678.755744948] [collision_monitor]: Robot to approach for 1.200000 seconds away from collision
[collision_monitor-23] [INFO] [1790432678.815792347] [collision_monitor]: Robot to continue normal operation
[collision_monitor-23] [INFO] [1790432678.855711808] [collision_monitor]: Robot to approach for 1.200000 seconds away from collision
[controller_server-15] [WARN] [1790432678.857098568] [controller_server]: RegulatedPurePursuitController detected collision ahead!
[controller_server-15] [WARN] [1790432678.907338574] [controller_server]: RegulatedPurePursuitController detected collision ahead!
[collision_monitor-23] [INFO] [1790432678.915826435] [collision_monitor]: Robot to continue normal operation
[controller_server-15] [WARN] [1790432678.957236642] [controller_server]: RegulatedPurePursuitController detected collision ahead!
[controller_server-15] [WARN] [1790432679.007234643] [controller_server]: RegulatedPurePursuitController detected collision ahead!
[collision_monitor-23] [INFO] [1790432679.255787528] [collision_monitor]: Robot to approach for 1.200000 seconds away from collision
[collision_monitor-23] [INFO] [1790432679.315816730] [collision_monitor]: Robot to continue normal operation
[controller_server-15] [INFO] [1790432679.506815051] [controller_server]: Passing new path to controller.
[collision_monitor-23] [INFO] [1790432679.555783433] [collision_monitor]: Robot to approach for 1.200000 seconds away from collision
[controller_server-15] [WARN] [1790432679.607083964] [controller_server]: RegulatedPurePursuitController detected collision ahead!
[collision_monitor-23] [INFO] [1790432679.615937513] [collision_monitor]: Robot to continue normal operation
[collision_monitor-23] [INFO] [1790432679.755716016] [collision_monitor]: Robot to approach for 1.200000 seconds away from collision
[controller_server-15] [WARN] [1790432679.807186499] [controller_server]: RegulatedPurePursuitController detected collision ahead!
[collision_monitor-23] [INFO] [1790432679.815810277] [collision_monitor]: Robot to continue normal operation
[controller_server-15] [WARN] [1790432680.207085885] [controller_server]: RegulatedPurePursuitController detected collision ahead!
[controller_server-15] [WARN] [1790432680.357026410] [controller_server]: RegulatedPurePursuitController detected collision ahead!
[controller_server-15] [WARN] [1790432680.407503219] [controller_server]: RegulatedPurePursuitController detected collision ahead!
[controller_server-15] [INFO] [1790432680.506823751] [controller_server]: Passing new path to controller.
[collision_monitor-23] [INFO] [1790432680.555800593] [collision_monitor]: Robot to approach for 1.200000 seconds away from collision
[collision_monitor-23] [INFO] [1790432680.615825202] [collision_monitor]: Robot to continue normal operation
[collision_monitor-23] [INFO] [1790432680.655796791] [collision_monitor]: Robot to approach for 1.200000 seconds away from collision
[collision_monitor-23] [INFO] [1790432680.715899735] [collision_monitor]: Robot to continue normal operation
[collision_monitor-23] [INFO] [1790432680.755828977] [collision_monitor]: Robot to approach for 1.200000 seconds away from collision
[controller_server-15] [WARN] [1790432680.757043975] [controller_server]: RegulatedPurePursuitController detected collision ahead!
[controller_server-15] [WARN] [1790432680.807086413] [controller_server]: RegulatedPurePursuitController detected collision ahead!
[collision_monitor-23] [INFO] [1790432680.815904039] [collision_monitor]: Robot to continue normal operation
[collision_monitor-23] [INFO] [1790432681.255797293] [collision_monitor]: Robot to approach for 1.200000 seconds away from collision
[collision_monitor-23] [INFO] [1790432681.315978981] [collision_monitor]: Robot to continue normal operation
[collision_monitor-23] [INFO] [1790432681.355718270] [collision_monitor]: Robot to approach for 1.200000 seconds away from collision
[controller_server-15] [WARN] [1790432681.357099968] [controller_server]: RegulatedPurePursuitController detected collision ahead!
[controller_server-15] [WARN] [1790432681.407117966] [controller_server]: RegulatedPurePursuitController detected collision ahead!
[collision_monitor-23] [INFO] [1790432681.415833295] [collision_monitor]: Robot to continue normal operation
[controller_server-15] [INFO] [1790432681.556802306] [controller_server]: Passing new path to controller.
[controller_server-15] [WARN] [1790432681.607072704] [controller_server]: RegulatedPurePursuitController detected collision ahead!
[collision_monitor-23] [INFO] [1790432681.755831719] [collision_monitor]: Robot to approach for 1.200000 seconds away from collision
[controller_server-15] [WARN] [1790432681.756981282] [controller_server]: RegulatedPurePursuitController detected collision ahead!
[controller_server-15] [WARN] [1790432681.807106823] [controller_server]: RegulatedPurePursuitController detected collision ahead!
[collision_monitor-23] [INFO] [1790432681.816230169] [collision_monitor]: Robot to continue normal operation
[controller_server-15] [WARN] [1790432682.007200259] [controller_server]: RegulatedPurePursuitController detected collision ahead!
[controller_server-15] [WARN] [1790432682.207004984] [controller_server]: RegulatedPurePursuitController detected collision ahead!
[collision_monitor-23] [INFO] [1790432682.355835746] [collision_monitor]: Robot to approach for 1.200000 seconds away from collision
[controller_server-15] [WARN] [1790432682.356994507] [controller_server]: RegulatedPurePursuitController detected collision ahead!
[controller_server-15] [WARN] [1790432682.407194239] [controller_server]: RegulatedPurePursuitController detected collision ahead!
[collision_monitor-23] [INFO] [1790432682.416083432] [collision_monitor]: Robot to continue normal operation
[collision_monitor-23] [INFO] [1790432682.555838921] [collision_monitor]: Robot to approach for 1.200000 seconds away from collision
[controller_server-15] [INFO] [1790432682.556799303] [controller_server]: Passing new path to controller.
[collision_monitor-23] [INFO] [1790432682.615870549] [collision_monitor]: Robot to continue normal operation
[collision_monitor-23] [INFO] [1790432682.655857907] [collision_monitor]: Robot to approach for 1.200000 seconds away from collision
[collision_monitor-23] [INFO] [1790432682.715956686] [collision_monitor]: Robot to continue normal operation
[controller_server-15] [WARN] [1790432682.756979194] [controller_server]: RegulatedPurePursuitController detected collision ahead!
[controller_server-15] [WARN] [1790432682.807049375] [controller_server]: RegulatedPurePursuitController detected collision ahead!
[controller_server-15] [WARN] [1790432682.907094915] [controller_server]: RegulatedPurePursuitController detected collision ahead!
[controller_server-15] [WARN] [1790432682.956953230] [controller_server]: RegulatedPurePursuitController detected collision ahead!
[controller_server-15] [WARN] [1790432683.007097478] [controller_server]: RegulatedPurePursuitController detected collision ahead!
[collision_monitor-23] [INFO] [1790432683.455818130] [collision_monitor]: Robot to approach for 1.200000 seconds away from collision
[collision_monitor-23] [INFO] [1790432683.515875413] [collision_monitor]: Robot to continue normal operation
[collision_monitor-23] [INFO] [1790432683.555825349] [collision_monitor]: Robot to approach for 1.200000 seconds away from collision
[controller_server-15] [INFO] [1790432683.606799940] [controller_server]: Passing new path to controller.
[controller_server-15] [WARN] [1790432683.607152878] [controller_server]: RegulatedPurePursuitController detected collision ahead!
[collision_monitor-23] [INFO] [1790432683.615871801] [collision_monitor]: Robot to continue normal operation
[collision_monitor-23] [INFO] [1790432683.755720230] [collision_monitor]: Robot to approach for 1.200000 seconds away from collision
[controller_server-15] [WARN] [1790432683.806955595] [controller_server]: RegulatedPurePursuitController detected collision ahead!
[collision_monitor-23] [INFO] [1790432683.816109628] [collision_monitor]: Robot to continue normal operation
[controller_server-15] [WARN] [1790432684.007063597] [controller_server]: RegulatedPurePursuitController detected collision ahead!
[controller_server-15] [INFO] [1790432684.607681020] [controller_server]: Passing new path to controller.
[controller_server-15] [INFO] [1790432685.656803769] [controller_server]: Passing new path to controller.
[controller_server-15] [INFO] [1790432686.656801371] [controller_server]: Passing new path to controller.
[controller_server-15] [INFO] [1790432687.656810123] [controller_server]: Passing new path to controller.
[controller_server-15] [INFO] [1790432688.706884265] [controller_server]: Passing new path to controller.
[controller_server-15] [INFO] [1790432688.907113556] [controller_server]: Reached the goal!
[bt_navigator-20] [INFO] [1790432688.936276434] [bt_navigator]: Goal succeeded
[bt_navigator-20] [INFO] [1790432689.938252536] [bt_navigator]: Begin navigating from current location (2.78, -1.95) to (0.30, 0.00)
[nav_benchmark_runner.py-9] [INFO] [1790432689.939400166] [nav_benchmark_runner]: Goal 'return_to_start' accepted: x=0.30, y=0.00, yaw=0.0000
[controller_server-15] [INFO] [1790432689.940196437] [controller_server]: Received a goal, begin computing control effort.
[controller_server-15] [INFO] [1790432690.990352219] [controller_server]: Passing new path to controller.
[controller_server-15] [INFO] [1790432692.040353025] [controller_server]: Passing new path to controller.
[controller_server-15] [INFO] [1790432693.040357358] [controller_server]: Passing new path to controller.
[controller_server-15] [INFO] [1790432694.090333710] [controller_server]: Passing new path to controller.
[controller_server-15] [INFO] [1790432695.090351827] [controller_server]: Passing new path to controller.
[collision_monitor-23] [INFO] [1790432695.565814738] [collision_monitor]: Robot to approach for 1.200000 seconds away from collision
[collision_monitor-23] [INFO] [1790432695.605731473] [collision_monitor]: Robot to continue normal operation
[controller_server-15] [WARN] [1790432695.640729026] [controller_server]: RegulatedPurePursuitController detected collision ahead!
[controller_server-15] [WARN] [1790432695.740721258] [controller_server]: RegulatedPurePursuitController detected collision ahead!
[controller_server-15] [WARN] [1790432695.790606715] [controller_server]: RegulatedPurePursuitController detected collision ahead!
[controller_server-15] [WARN] [1790432695.840612192] [controller_server]: RegulatedPurePursuitController detected collision ahead!
[controller_server-15] [WARN] [1790432695.890757039] [controller_server]: RegulatedPurePursuitController detected collision ahead!
[controller_server-15] [WARN] [1790432695.940750081] [controller_server]: RegulatedPurePursuitController detected collision ahead!
[controller_server-15] [WARN] [1790432695.990642734] [controller_server]: RegulatedPurePursuitController detected collision ahead!
[controller_server-15] [WARN] [1790432696.040760326] [controller_server]: RegulatedPurePursuitController detected collision ahead!
[controller_server-15] [ERROR] [1790432696.040803220] [controller_server]: Controller patience exceeded
[controller_server-15] [WARN] [1790432696.040900533] [controller_server]: [follow_path] [ActionServer] Aborting handle.
[controller_server-15] [INFO] [1790432696.058886461] [local_costmap.local_costmap]: Received request to clear entirely the local_costmap
[controller_server-15] [INFO] [1790432696.060314026] [controller_server]: Received a goal, begin computing control effort.
[controller_server-15] [INFO] [1790432696.250461344] [controller_server]: Passing new path to controller.
[controller_server-15] [WARN] [1790432696.250921015] [controller_server]: Control loop missed its desired rate of 20.0000 Hz. Current loop rate is 5.2632 Hz.
[collision_monitor-23] [INFO] [1790432696.865809192] [collision_monitor]: Robot to approach for 1.200000 seconds away from collision
[collision_monitor-23] [INFO] [1790432696.905705996] [collision_monitor]: Robot to continue normal operation
[collision_monitor-23] [INFO] [1790432696.965805629] [collision_monitor]: Robot to approach for 1.200000 seconds away from collision
[collision_monitor-23] [INFO] [1790432697.005714182] [collision_monitor]: Robot to continue normal operation
[collision_monitor-23] [INFO] [1790432697.065871440] [collision_monitor]: Robot to approach for 1.200000 seconds away from collision
[controller_server-15] [INFO] [1790432697.151167887] [controller_server]: Passing new path to controller.
[controller_server-15] [WARN] [1790432697.201338685] [controller_server]: RegulatedPurePursuitController detected collision ahead!
[collision_monitor-23] [INFO] [1790432697.205770747] [collision_monitor]: Robot to continue normal operation
[controller_server-15] [WARN] [1790432697.301510804] [controller_server]: RegulatedPurePursuitController detected collision ahead!
[controller_server-15] [WARN] [1790432697.351531966] [controller_server]: RegulatedPurePursuitController detected collision ahead!
[controller_server-15] [WARN] [1790432697.401365629] [controller_server]: RegulatedPurePursuitController detected collision ahead!
[controller_server-15] [WARN] [1790432697.451309668] [controller_server]: RegulatedPurePursuitController detected collision ahead!
[controller_server-15] [WARN] [1790432697.501304912] [controller_server]: RegulatedPurePursuitController detected collision ahead!
[controller_server-15] [WARN] [1790432697.551338020] [controller_server]: RegulatedPurePursuitController detected collision ahead!
[controller_server-15] [WARN] [1790432697.601382863] [controller_server]: RegulatedPurePursuitController detected collision ahead!
[controller_server-15] [ERROR] [1790432697.601447761] [controller_server]: Controller patience exceeded
[controller_server-15] [WARN] [1790432697.601593485] [controller_server]: [follow_path] [ActionServer] Aborting handle.
[controller_server-15] [INFO] [1790432697.618853127] [local_costmap.local_costmap]: Received request to clear entirely the local_costmap
[planner_server-17] [INFO] [1790432697.619241466] [global_costmap.global_costmap]: Received request to clear entirely the global_costmap
[controller_server-15] [INFO] [1790432697.838948977] [controller_server]: Received a goal, begin computing control effort.
[collision_monitor-23] [INFO] [1790432698.365816938] [collision_monitor]: Robot to approach for 1.200000 seconds away from collision
[controller_server-15] [WARN] [1790432698.389355083] [controller_server]: RegulatedPurePursuitController detected collision ahead!
[collision_monitor-23] [INFO] [1790432698.405746378] [collision_monitor]: Robot to continue normal operation
[controller_server-15] [WARN] [1790432698.439342730] [controller_server]: RegulatedPurePursuitController detected collision ahead!
[collision_monitor-23] [INFO] [1790432698.565917160] [collision_monitor]: Robot to approach for 1.200000 seconds away from collision
[controller_server-15] [WARN] [1790432698.639390420] [controller_server]: RegulatedPurePursuitController detected collision ahead!
[collision_monitor-23] [INFO] [1790432698.665929827] [collision_monitor]: Robot to continue normal operation
[collision_monitor-23] [INFO] [1790432698.705730870] [collision_monitor]: Robot to approach for 1.200000 seconds away from collision
[collision_monitor-23] [INFO] [1790432698.805776091] [collision_monitor]: Robot to continue normal operation
[collision_monitor-23] [INFO] [1790432698.865953835] [collision_monitor]: Robot to approach for 1.200000 seconds away from collision
[controller_server-15] [INFO] [1790432698.889131170] [controller_server]: Passing new path to controller.
[collision_monitor-23] [INFO] [1790432698.905722255] [collision_monitor]: Robot to continue normal operation
[collision_monitor-23] [INFO] [1790432699.066079529] [collision_monitor]: Robot to approach for 1.200000 seconds away from collision
[collision_monitor-23] [INFO] [1790432699.106057899] [collision_monitor]: Robot to continue normal operation
[collision_monitor-23] [INFO] [1790432699.165903312] [collision_monitor]: Robot to approach for 1.200000 seconds away from collision
[collision_monitor-23] [INFO] [1790432699.205795969] [collision_monitor]: Robot to continue normal operation
[collision_monitor-23] [INFO] [1790432699.266014413] [collision_monitor]: Robot to approach for 1.200000 seconds away from collision
[collision_monitor-23] [INFO] [1790432699.305733548] [collision_monitor]: Robot to continue normal operation
[controller_server-15] [WARN] [1790432699.389515673] [controller_server]: RegulatedPurePursuitController detected collision ahead!
[controller_server-15] [WARN] [1790432699.439399133] [controller_server]: RegulatedPurePursuitController detected collision ahead!
[collision_monitor-23] [INFO] [1790432699.565941084] [collision_monitor]: Robot to approach for 1.200000 seconds away from collision
[collision_monitor-23] [INFO] [1790432699.605761161] [collision_monitor]: Robot to continue normal operation
[controller_server-15] [WARN] [1790432699.639387806] [controller_server]: RegulatedPurePursuitController detected collision ahead!
[collision_monitor-23] [INFO] [1790432699.765974116] [collision_monitor]: Robot to approach for 1.200000 seconds away from collision
[collision_monitor-23] [INFO] [1790432699.805805579] [collision_monitor]: Robot to continue normal operation
[collision_monitor-23] [INFO] [1790432699.865899749] [collision_monitor]: Robot to approach for 1.200000 seconds away from collision
[controller_server-15] [INFO] [1790432699.889123162] [controller_server]: Passing new path to controller.
[collision_monitor-23] [INFO] [1790432699.905844030] [collision_monitor]: Robot to continue normal operation
[collision_monitor-23] [INFO] [1790432699.965961881] [collision_monitor]: Robot to approach for 1.200000 seconds away from collision
[collision_monitor-23] [INFO] [1790432700.005871167] [collision_monitor]: Robot to continue normal operation
[collision_monitor-23] [INFO] [1790432700.066021360] [collision_monitor]: Robot to approach for 1.200000 seconds away from collision
[collision_monitor-23] [INFO] [1790432700.105763388] [collision_monitor]: Robot to continue normal operation
[controller_server-15] [WARN] [1790432700.139479088] [controller_server]: RegulatedPurePursuitController detected collision ahead!
[controller_server-15] [WARN] [1790432700.189476472] [controller_server]: RegulatedPurePursuitController detected collision ahead!
[controller_server-15] [WARN] [1790432700.239409310] [controller_server]: RegulatedPurePursuitController detected collision ahead!
[controller_server-15] [WARN] [1790432700.389418159] [controller_server]: RegulatedPurePursuitController detected collision ahead!
[controller_server-15] [WARN] [1790432700.439604710] [controller_server]: RegulatedPurePursuitController detected collision ahead!
[controller_server-15] [WARN] [1790432700.839406982] [controller_server]: RegulatedPurePursuitController detected collision ahead!
[controller_server-15] [INFO] [1790432700.939135672] [controller_server]: Passing new path to controller.
[controller_server-15] [WARN] [1790432700.939557527] [controller_server]: RegulatedPurePursuitController detected collision ahead!
[controller_server-15] [WARN] [1790432700.989437834] [controller_server]: RegulatedPurePursuitController detected collision ahead!
[controller_server-15] [WARN] [1790432701.039467023] [controller_server]: RegulatedPurePursuitController detected collision ahead!
[collision_monitor-23] [INFO] [1790432701.565831532] [collision_monitor]: Robot to approach for 1.200000 seconds away from collision
[collision_monitor-23] [INFO] [1790432701.605826499] [collision_monitor]: Robot to continue normal operation
[collision_monitor-23] [INFO] [1790432701.665928236] [collision_monitor]: Robot to approach for 1.200000 seconds away from collision
[collision_monitor-23] [INFO] [1790432701.705712034] [collision_monitor]: Robot to continue normal operation
[controller_server-15] [WARN] [1790432701.789425616] [controller_server]: RegulatedPurePursuitController detected collision ahead!
[controller_server-15] [WARN] [1790432701.839413300] [controller_server]: RegulatedPurePursuitController detected collision ahead!
[controller_server-15] [INFO] [1790432701.939116026] [controller_server]: Passing new path to controller.
[controller_server-15] [WARN] [1790432701.989431745] [controller_server]: RegulatedPurePursuitController detected collision ahead!
[controller_server-15] [WARN] [1790432702.039611840] [controller_server]: RegulatedPurePursuitController detected collision ahead!
[controller_server-15] [WARN] [1790432702.439429362] [controller_server]: RegulatedPurePursuitController detected collision ahead!
[controller_server-15] [WARN] [1790432702.539614206] [controller_server]: RegulatedPurePursuitController detected collision ahead!
[controller_server-15] [WARN] [1790432702.589405001] [controller_server]: RegulatedPurePursuitController detected collision ahead!
[controller_server-15] [WARN] [1790432702.639545483] [controller_server]: RegulatedPurePursuitController detected collision ahead!
[controller_server-15] [WARN] [1790432702.839459378] [controller_server]: RegulatedPurePursuitController detected collision ahead!
[collision_monitor-23] [INFO] [1790432702.975957645] [collision_monitor]: Robot to approach for 1.200000 seconds away from collision
[controller_server-15] [INFO] [1790432702.989135486] [controller_server]: Passing new path to controller.
[collision_monitor-23] [INFO] [1790432703.005718760] [collision_monitor]: Robot to continue normal operation
[controller_server-15] [WARN] [1790432703.039395804] [controller_server]: RegulatedPurePursuitController detected collision ahead!
[controller_server-15] [WARN] [1790432703.189679495] [controller_server]: RegulatedPurePursuitController detected collision ahead!
[controller_server-15] [WARN] [1790432703.239407961] [controller_server]: RegulatedPurePursuitController detected collision ahead!
[collision_monitor-23] [INFO] [1790432703.575874816] [collision_monitor]: Robot to approach for 1.200000 seconds away from collision
[collision_monitor-23] [INFO] [1790432703.715782605] [collision_monitor]: Robot to continue normal operation
[controller_server-15] [WARN] [1790432703.889468445] [controller_server]: RegulatedPurePursuitController detected collision ahead!
[controller_server-15] [WARN] [1790432703.939417576] [controller_server]: RegulatedPurePursuitController detected collision ahead!
[controller_server-15] [INFO] [1790432703.989105877] [controller_server]: Passing new path to controller.
[controller_server-15] [WARN] [1790432703.989761932] [controller_server]: RegulatedPurePursuitController detected collision ahead!
[controller_server-15] [WARN] [1790432704.039447700] [controller_server]: RegulatedPurePursuitController detected collision ahead!
[controller_server-15] [WARN] [1790432704.839518467] [controller_server]: RegulatedPurePursuitController detected collision ahead!
[controller_server-15] [INFO] [1790432705.039117431] [controller_server]: Passing new path to controller.
[controller_server-15] [WARN] [1790432705.039519004] [controller_server]: RegulatedPurePursuitController detected collision ahead!
[controller_server-15] [WARN] [1790432705.189446683] [controller_server]: RegulatedPurePursuitController detected collision ahead!
[controller_server-15] [INFO] [1790432706.039111265] [controller_server]: Passing new path to controller.
[controller_server-15] [WARN] [1790432706.139417951] [controller_server]: RegulatedPurePursuitController detected collision ahead!
[controller_server-15] [WARN] [1790432706.189531409] [controller_server]: RegulatedPurePursuitController detected collision ahead!
[controller_server-15] [WARN] [1790432706.239441394] [controller_server]: RegulatedPurePursuitController detected collision ahead!
[controller_server-15] [WARN] [1790432707.039424505] [controller_server]: RegulatedPurePursuitController detected collision ahead!
[controller_server-15] [INFO] [1790432707.089113393] [controller_server]: Passing new path to controller.
[controller_server-15] [WARN] [1790432707.239468293] [controller_server]: RegulatedPurePursuitController detected collision ahead!
[controller_server-15] [WARN] [1790432707.339410803] [controller_server]: RegulatedPurePursuitController detected collision ahead!
[controller_server-15] [WARN] [1790432707.389401302] [controller_server]: RegulatedPurePursuitController detected collision ahead!
[controller_server-15] [WARN] [1790432707.439435805] [controller_server]: RegulatedPurePursuitController detected collision ahead!
[controller_server-15] [WARN] [1790432708.039317572] [controller_server]: RegulatedPurePursuitController detected collision ahead!
[controller_server-15] [INFO] [1790432708.089151322] [controller_server]: Passing new path to controller.
[collision_monitor-23] [INFO] [1790432708.155737557] [collision_monitor]: Robot to approach for 1.200000 seconds away from collision
[controller_server-15] [WARN] [1790432708.189466671] [controller_server]: RegulatedPurePursuitController detected collision ahead!
[collision_monitor-23] [INFO] [1790432708.216049128] [collision_monitor]: Robot to continue normal operation
[controller_server-15] [WARN] [1790432708.239339467] [controller_server]: RegulatedPurePursuitController detected collision ahead!
[controller_server-15] [WARN] [1790432708.389409498] [controller_server]: RegulatedPurePursuitController detected collision ahead!
[controller_server-15] [WARN] [1790432708.439316450] [controller_server]: RegulatedPurePursuitController detected collision ahead!
[controller_server-15] [WARN] [1790432708.639477344] [controller_server]: RegulatedPurePursuitController detected collision ahead!
[controller_server-15] [WARN] [1790432708.839296119] [controller_server]: RegulatedPurePursuitController detected collision ahead!
[controller_server-15] [WARN] [1790432709.039377791] [controller_server]: RegulatedPurePursuitController detected collision ahead!
[controller_server-15] [INFO] [1790432709.139147639] [controller_server]: Passing new path to controller.
[controller_server-15] [WARN] [1790432709.139678206] [controller_server]: RegulatedPurePursuitController detected collision ahead!
[controller_server-15] [WARN] [1790432709.189446378] [controller_server]: RegulatedPurePursuitController detected collision ahead!
[controller_server-15] [WARN] [1790432709.239359277] [controller_server]: RegulatedPurePursuitController detected collision ahead!
[controller_server-15] [WARN] [1790432709.289501137] [controller_server]: RegulatedPurePursuitController detected collision ahead!
[controller_server-15] [WARN] [1790432709.339366119] [controller_server]: RegulatedPurePursuitController detected collision ahead!
[controller_server-15] [WARN] [1790432709.389311986] [controller_server]: RegulatedPurePursuitController detected collision ahead!
[controller_server-15] [WARN] [1790432709.439364441] [controller_server]: RegulatedPurePursuitController detected collision ahead!
[controller_server-15] [ERROR] [1790432709.439502321] [controller_server]: Controller patience exceeded
[controller_server-15] [WARN] [1790432709.439614427] [controller_server]: [follow_path] [ActionServer] Aborting handle.
[controller_server-15] [INFO] [1790432709.458900913] [local_costmap.local_costmap]: Received request to clear entirely the local_costmap
[controller_server-15] [INFO] [1790432709.459506288] [controller_server]: Received a goal, begin computing control effort.
[controller_server-15] [WARN] [1790432709.649893284] [controller_server]: Control loop missed its desired rate of 20.0000 Hz. Current loop rate is 5.2632 Hz.
[controller_server-15] [INFO] [1790432710.150014194] [controller_server]: Passing new path to controller.
[controller_server-15] [WARN] [1790432710.350189599] [controller_server]: RegulatedPurePursuitController detected collision ahead!
[collision_monitor-23] [INFO] [1790432710.355832094] [collision_monitor]: Robot to approach for 1.200000 seconds away from collision
[controller_server-15] [WARN] [1790432710.400257304] [controller_server]: RegulatedPurePursuitController detected collision ahead!
[collision_monitor-23] [INFO] [1790432710.416792315] [collision_monitor]: Robot to continue normal operation
[controller_server-15] [WARN] [1790432710.550167685] [controller_server]: RegulatedPurePursuitController detected collision ahead!
[controller_server-15] [WARN] [1790432710.600163027] [controller_server]: RegulatedPurePursuitController detected collision ahead!
[controller_server-15] [WARN] [1790432710.750174898] [controller_server]: RegulatedPurePursuitController detected collision ahead!
[controller_server-15] [WARN] [1790432710.800238132] [controller_server]: RegulatedPurePursuitController detected collision ahead!
[controller_server-15] [WARN] [1790432711.000155939] [controller_server]: RegulatedPurePursuitController detected collision ahead!
[controller_server-15] [WARN] [1790432711.100163475] [controller_server]: RegulatedPurePursuitController detected collision ahead!
[controller_server-15] [INFO] [1790432711.150017555] [controller_server]: Passing new path to controller.
[controller_server-15] [WARN] [1790432711.150360503] [controller_server]: RegulatedPurePursuitController detected collision ahead!
[controller_server-15] [WARN] [1790432711.200317607] [controller_server]: RegulatedPurePursuitController detected collision ahead!
[controller_server-15] [WARN] [1790432711.250209614] [controller_server]: RegulatedPurePursuitController detected collision ahead!
[controller_server-15] [WARN] [1790432711.300196263] [controller_server]: RegulatedPurePursuitController detected collision ahead!
[controller_server-15] [WARN] [1790432711.350298927] [controller_server]: RegulatedPurePursuitController detected collision ahead!
[controller_server-15] [INFO] [1790432712.200038856] [controller_server]: Passing new path to controller.
[controller_server-15] [INFO] [1790432713.200097158] [controller_server]: Passing new path to controller.
[controller_server-15] [INFO] [1790432714.250046022] [controller_server]: Passing new path to controller.
[controller_server-15] [INFO] [1790432715.250012272] [controller_server]: Passing new path to controller.
[controller_server-15] [INFO] [1790432716.300011666] [controller_server]: Passing new path to controller.
[controller_server-15] [INFO] [1790432717.300025434] [controller_server]: Passing new path to controller.
[controller_server-15] [INFO] [1790432718.350013090] [controller_server]: Passing new path to controller.
[controller_server-15] [INFO] [1790432719.350022156] [controller_server]: Passing new path to controller.
[controller_server-15] [INFO] [1790432720.400013617] [controller_server]: Passing new path to controller.
[controller_server-15] [INFO] [1790432721.400013471] [controller_server]: Passing new path to controller.
[controller_server-15] [INFO] [1790432722.450012061] [controller_server]: Passing new path to controller.
[controller_server-15] [INFO] [1790432723.450016782] [controller_server]: Passing new path to controller.
[controller_server-15] [INFO] [1790432724.500014663] [controller_server]: Passing new path to controller.
[controller_server-15] [INFO] [1790432725.500018649] [controller_server]: Passing new path to controller.
[controller_server-15] [INFO] [1790432726.500016868] [controller_server]: Passing new path to controller.
[controller_server-15] [INFO] [1790432727.550016418] [controller_server]: Passing new path to controller.
[controller_server-15] [INFO] [1790432728.550019782] [controller_server]: Passing new path to controller.
[controller_server-15] [INFO] [1790432729.600024376] [controller_server]: Passing new path to controller.
[controller_server-15] [INFO] [1790432730.600722607] [controller_server]: Passing new path to controller.
[controller_server-15] [INFO] [1790432731.650047500] [controller_server]: Passing new path to controller.
[controller_server-15] [INFO] [1790432732.650119783] [controller_server]: Passing new path to controller.
[controller_server-15] [INFO] [1790432733.700218266] [controller_server]: Passing new path to controller.
[controller_server-15] [INFO] [1790432734.700030050] [controller_server]: Passing new path to controller.
[controller_server-15] [INFO] [1790432735.750046884] [controller_server]: Passing new path to controller.
[controller_server-15] [INFO] [1790432736.750033756] [controller_server]: Passing new path to controller.
[controller_server-15] [INFO] [1790432737.800020573] [controller_server]: Passing new path to controller.
[controller_server-15] [INFO] [1790432738.800020916] [controller_server]: Passing new path to controller.
[controller_server-15] [INFO] [1790432739.850027992] [controller_server]: Passing new path to controller.
[controller_server-15] [INFO] [1790432740.850046922] [controller_server]: Passing new path to controller.
[controller_server-15] [INFO] [1790432741.900015271] [controller_server]: Passing new path to controller.
[controller_server-15] [INFO] [1790432742.900068624] [controller_server]: Passing new path to controller.
[controller_server-15] [INFO] [1790432743.950028550] [controller_server]: Passing new path to controller.
[controller_server-15] [INFO] [1790432744.950021520] [controller_server]: Passing new path to controller.
[controller_server-15] [INFO] [1790432746.000062091] [controller_server]: Passing new path to controller.
[controller_server-15] [INFO] [1790432747.000026863] [controller_server]: Passing new path to controller.
[controller_server-15] [INFO] [1790432747.500055997] [controller_server]: Reached the goal!
[bt_navigator-20] [INFO] [1790432747.528580374] [bt_navigator]: Goal succeeded
[nav_benchmark_runner.py-9] [INFO] [1790432748.535980918] [nav_benchmark_runner]: Saved trial 7 (east_detour): SUCCEEDED, error=0.055 m
[bt_navigator-20] [INFO] [1790432748.536744546] [bt_navigator]: Begin navigating from current location (0.38, 0.01) to (-3.00, -2.40)
[nav_benchmark_runner.py-9] [INFO] [1790432748.537745189] [nav_benchmark_runner]: Goal 'south_west_corridor' accepted: x=-3.00, y=-2.40, yaw=3.1416
[controller_server-15] [INFO] [1790432748.557718315] [controller_server]: Received a goal, begin computing control effort.
[controller_server-15] [INFO] [1790432749.607897949] [controller_server]: Passing new path to controller.
[controller_server-15] [INFO] [1790432750.657890027] [controller_server]: Passing new path to controller.
[controller_server-15] [INFO] [1790432751.657889916] [controller_server]: Passing new path to controller.
[controller_server-15] [INFO] [1790432752.707886696] [controller_server]: Passing new path to controller.
[collision_monitor-23] [INFO] [1790432753.055890068] [collision_monitor]: Robot to approach for 1.200000 seconds away from collision
[collision_monitor-23] [INFO] [1790432753.155879570] [collision_monitor]: Robot to continue normal operation
[collision_monitor-23] [INFO] [1790432753.215934361] [collision_monitor]: Robot to approach for 1.200000 seconds away from collision
[collision_monitor-23] [INFO] [1790432753.255887229] [collision_monitor]: Robot to continue normal operation
[collision_monitor-23] [INFO] [1790432753.315947187] [collision_monitor]: Robot to approach for 1.200000 seconds away from collision
[collision_monitor-23] [INFO] [1790432753.355809203] [collision_monitor]: Robot to continue normal operation
[controller_server-15] [WARN] [1790432753.408250083] [controller_server]: RegulatedPurePursuitController detected collision ahead!
[collision_monitor-23] [INFO] [1790432753.415907918] [collision_monitor]: Robot to approach for 1.200000 seconds away from collision
[collision_monitor-23] [INFO] [1790432753.455861484] [collision_monitor]: Robot to continue normal operation
[collision_monitor-23] [INFO] [1790432753.515822211] [collision_monitor]: Robot to approach for 1.200000 seconds away from collision
[collision_monitor-23] [INFO] [1790432753.555893794] [collision_monitor]: Robot to continue normal operation
[controller_server-15] [WARN] [1790432753.608258486] [controller_server]: RegulatedPurePursuitController detected collision ahead!
[collision_monitor-23] [INFO] [1790432753.615831755] [collision_monitor]: Robot to approach for 1.200000 seconds away from collision
[collision_monitor-23] [INFO] [1790432753.655902779] [collision_monitor]: Robot to continue normal operation
[controller_server-15] [INFO] [1790432753.707890516] [controller_server]: Passing new path to controller.
[controller_server-15] [WARN] [1790432753.758150665] [controller_server]: RegulatedPurePursuitController detected collision ahead!
[controller_server-15] [WARN] [1790432753.808320940] [controller_server]: RegulatedPurePursuitController detected collision ahead!
[controller_server-15] [WARN] [1790432753.958111443] [controller_server]: RegulatedPurePursuitController detected collision ahead!
[controller_server-15] [WARN] [1790432754.008293153] [controller_server]: RegulatedPurePursuitController detected collision ahead!
[controller_server-15] [WARN] [1790432754.208266109] [controller_server]: RegulatedPurePursuitController detected collision ahead!
[collision_monitor-23] [INFO] [1790432754.316094972] [collision_monitor]: Robot to approach for 1.200000 seconds away from collision
[collision_monitor-23] [INFO] [1790432754.355824564] [collision_monitor]: Robot to continue normal operation
[controller_server-15] [WARN] [1790432754.408166650] [controller_server]: RegulatedPurePursuitController detected collision ahead!
[collision_monitor-23] [INFO] [1790432754.415983546] [collision_monitor]: Robot to approach for 1.200000 seconds away from collision
[collision_monitor-23] [INFO] [1790432754.455846517] [collision_monitor]: Robot to continue normal operation
[controller_server-15] [WARN] [1790432754.608208391] [controller_server]: RegulatedPurePursuitController detected collision ahead!
[collision_monitor-23] [INFO] [1790432754.715859321] [collision_monitor]: Robot to approach for 1.200000 seconds away from collision
[collision_monitor-23] [INFO] [1790432754.755738145] [collision_monitor]: Robot to continue normal operation
[controller_server-15] [INFO] [1790432754.757894987] [controller_server]: Passing new path to controller.
[controller_server-15] [WARN] [1790432754.758321034] [controller_server]: RegulatedPurePursuitController detected collision ahead!
[controller_server-15] [WARN] [1790432754.808263191] [controller_server]: RegulatedPurePursuitController detected collision ahead!
[controller_server-15] [WARN] [1790432754.958130723] [controller_server]: RegulatedPurePursuitController detected collision ahead!
[controller_server-15] [WARN] [1790432755.008242067] [controller_server]: RegulatedPurePursuitController detected collision ahead!
[collision_monitor-23] [INFO] [1790432755.215861134] [collision_monitor]: Robot to approach for 1.200000 seconds away from collision
[collision_monitor-23] [INFO] [1790432755.255850343] [collision_monitor]: Robot to continue normal operation
[collision_monitor-23] [INFO] [1790432755.315915615] [collision_monitor]: Robot to approach for 1.200000 seconds away from collision
[collision_monitor-23] [INFO] [1790432755.355827241] [collision_monitor]: Robot to continue normal operation
[controller_server-15] [WARN] [1790432755.358140014] [controller_server]: RegulatedPurePursuitController detected collision ahead!
[controller_server-15] [WARN] [1790432755.408285829] [controller_server]: RegulatedPurePursuitController detected collision ahead!
[controller_server-15] [WARN] [1790432755.608279499] [controller_server]: RegulatedPurePursuitController detected collision ahead!
[collision_monitor-23] [INFO] [1790432755.615921657] [collision_monitor]: Robot to approach for 1.200000 seconds away from collision
[collision_monitor-23] [INFO] [1790432755.655828114] [collision_monitor]: Robot to continue normal operation
[collision_monitor-23] [INFO] [1790432755.716075160] [collision_monitor]: Robot to approach for 1.200000 seconds away from collision
[collision_monitor-23] [INFO] [1790432755.755729454] [collision_monitor]: Robot to continue normal operation
[controller_server-15] [INFO] [1790432755.757890621] [controller_server]: Passing new path to controller.
[collision_monitor-23] [INFO] [1790432755.815870773] [collision_monitor]: Robot to approach for 1.200000 seconds away from collision
[collision_monitor-23] [INFO] [1790432755.855875904] [collision_monitor]: Robot to continue normal operation
[controller_server-15] [WARN] [1790432755.908268501] [controller_server]: RegulatedPurePursuitController detected collision ahead!
[collision_monitor-23] [INFO] [1790432755.915862615] [collision_monitor]: Robot to approach for 1.200000 seconds away from collision
[collision_monitor-23] [INFO] [1790432755.955916279] [collision_monitor]: Robot to continue normal operation
[controller_server-15] [WARN] [1790432755.958203842] [controller_server]: RegulatedPurePursuitController detected collision ahead!
[controller_server-15] [WARN] [1790432756.008273175] [controller_server]: RegulatedPurePursuitController detected collision ahead!
[controller_server-15] [WARN] [1790432756.158126780] [controller_server]: RegulatedPurePursuitController detected collision ahead!
[controller_server-15] [WARN] [1790432756.208216552] [controller_server]: RegulatedPurePursuitController detected collision ahead!
[collision_monitor-23] [INFO] [1790432756.516003401] [collision_monitor]: Robot to approach for 1.200000 seconds away from collision
[collision_monitor-23] [INFO] [1790432756.555932957] [collision_monitor]: Robot to continue normal operation
[collision_monitor-23] [INFO] [1790432756.615955641] [collision_monitor]: Robot to approach for 1.200000 seconds away from collision
[collision_monitor-23] [INFO] [1790432756.655845043] [collision_monitor]: Robot to continue normal operation
[controller_server-15] [WARN] [1790432756.758118431] [controller_server]: RegulatedPurePursuitController detected collision ahead!
[controller_server-15] [INFO] [1790432756.807890397] [controller_server]: Passing new path to controller.
[controller_server-15] [WARN] [1790432756.808329012] [controller_server]: RegulatedPurePursuitController detected collision ahead!
[controller_server-15] [WARN] [1790432757.008335082] [controller_server]: RegulatedPurePursuitController detected collision ahead!
[collision_monitor-23] [INFO] [1790432757.015915197] [collision_monitor]: Robot to approach for 1.200000 seconds away from collision
[collision_monitor-23] [INFO] [1790432757.055853537] [collision_monitor]: Robot to continue normal operation
[collision_monitor-23] [INFO] [1790432757.116000257] [collision_monitor]: Robot to approach for 1.200000 seconds away from collision
[collision_monitor-23] [INFO] [1790432757.155876727] [collision_monitor]: Robot to continue normal operation
[controller_server-15] [WARN] [1790432757.208251783] [controller_server]: RegulatedPurePursuitController detected collision ahead!
[collision_monitor-23] [INFO] [1790432757.215902707] [collision_monitor]: Robot to approach for 1.200000 seconds away from collision
[collision_monitor-23] [INFO] [1790432757.255888533] [collision_monitor]: Robot to continue normal operation
[controller_server-15] [WARN] [1790432757.308262402] [controller_server]: RegulatedPurePursuitController detected collision ahead!
[collision_monitor-23] [INFO] [1790432757.315890212] [collision_monitor]: Robot to approach for 1.200000 seconds away from collision
[collision_monitor-23] [INFO] [1790432757.355879041] [collision_monitor]: Robot to continue normal operation
[controller_server-15] [WARN] [1790432757.358182308] [controller_server]: RegulatedPurePursuitController detected collision ahead!
[controller_server-15] [WARN] [1790432757.408275536] [controller_server]: RegulatedPurePursuitController detected collision ahead!
[collision_monitor-23] [INFO] [1790432757.615959082] [collision_monitor]: Robot to approach for 1.200000 seconds away from collision
[collision_monitor-23] [INFO] [1790432757.667132750] [collision_monitor]: Robot to continue normal operation
[controller_server-15] [INFO] [1790432757.807939944] [controller_server]: Passing new path to controller.
[collision_monitor-23] [INFO] [1790432757.915873553] [collision_monitor]: Robot to approach for 1.200000 seconds away from collision
[controller_server-15] [WARN] [1790432757.958314390] [controller_server]: RegulatedPurePursuitController detected collision ahead!
[collision_monitor-23] [INFO] [1790432757.976070762] [collision_monitor]: Robot to continue normal operation
[controller_server-15] [WARN] [1790432758.008312284] [controller_server]: RegulatedPurePursuitController detected collision ahead!
[controller_server-15] [WARN] [1790432758.208285911] [controller_server]: RegulatedPurePursuitController detected collision ahead!
[collision_monitor-23] [INFO] [1790432758.216192963] [collision_monitor]: Robot to approach for 1.200000 seconds away from collision
[collision_monitor-23] [INFO] [1790432758.275945151] [collision_monitor]: Robot to continue normal operation
[controller_server-15] [WARN] [1790432758.508305918] [controller_server]: RegulatedPurePursuitController detected collision ahead!
[controller_server-15] [WARN] [1790432758.558206099] [controller_server]: RegulatedPurePursuitController detected collision ahead!
[controller_server-15] [WARN] [1790432758.608476040] [controller_server]: RegulatedPurePursuitController detected collision ahead!
[controller_server-15] [WARN] [1790432758.808354416] [controller_server]: RegulatedPurePursuitController detected collision ahead!
[controller_server-15] [INFO] [1790432758.857953832] [controller_server]: Passing new path to controller.
[collision_monitor-23] [INFO] [1790432759.015808604] [collision_monitor]: Robot to approach for 1.200000 seconds away from collision
[collision_monitor-23] [INFO] [1790432759.076016955] [collision_monitor]: Robot to continue normal operation
[controller_server-15] [WARN] [1790432759.108263600] [controller_server]: RegulatedPurePursuitController detected collision ahead!
[collision_monitor-23] [INFO] [1790432759.115804439] [collision_monitor]: Robot to approach for 1.200000 seconds away from collision
[controller_server-15] [WARN] [1790432759.158180652] [controller_server]: RegulatedPurePursuitController detected collision ahead!
[collision_monitor-23] [INFO] [1790432759.176029549] [collision_monitor]: Robot to continue normal operation
[controller_server-15] [WARN] [1790432759.208221516] [controller_server]: RegulatedPurePursuitController detected collision ahead!
[collision_monitor-23] [INFO] [1790432759.515814313] [collision_monitor]: Robot to approach for 1.200000 seconds away from collision
[collision_monitor-23] [INFO] [1790432759.575930416] [collision_monitor]: Robot to continue normal operation
[controller_server-15] [WARN] [1790432759.758436173] [controller_server]: RegulatedPurePursuitController detected collision ahead!
[controller_server-15] [WARN] [1790432759.808332695] [controller_server]: RegulatedPurePursuitController detected collision ahead!
[controller_server-15] [INFO] [1790432759.857965602] [controller_server]: Passing new path to controller.
[controller_server-15] [WARN] [1790432760.008355915] [controller_server]: RegulatedPurePursuitController detected collision ahead!
[controller_server-15] [WARN] [1790432760.208274858] [controller_server]: RegulatedPurePursuitController detected collision ahead!
[controller_server-15] [WARN] [1790432760.308307303] [controller_server]: RegulatedPurePursuitController detected collision ahead!
[controller_server-15] [WARN] [1790432760.358301494] [controller_server]: RegulatedPurePursuitController detected collision ahead!
[controller_server-15] [WARN] [1790432760.408265727] [controller_server]: RegulatedPurePursuitController detected collision ahead!
[controller_server-15] [WARN] [1790432760.808261850] [controller_server]: RegulatedPurePursuitController detected collision ahead!
[collision_monitor-23] [INFO] [1790432760.815781865] [collision_monitor]: Robot to approach for 1.200000 seconds away from collision
[collision_monitor-23] [INFO] [1790432760.875915940] [collision_monitor]: Robot to continue normal operation
[controller_server-15] [INFO] [1790432760.907906032] [controller_server]: Passing new path to controller.
[controller_server-15] [WARN] [1790432761.008267300] [controller_server]: RegulatedPurePursuitController detected collision ahead!
[controller_server-15] [WARN] [1790432761.158237166] [controller_server]: RegulatedPurePursuitController detected collision ahead!
[controller_server-15] [WARN] [1790432761.208581399] [controller_server]: RegulatedPurePursuitController detected collision ahead!
[controller_server-15] [WARN] [1790432761.408252560] [controller_server]: RegulatedPurePursuitController detected collision ahead!
[controller_server-15] [WARN] [1790432761.608793192] [controller_server]: RegulatedPurePursuitController detected collision ahead!
[controller_server-15] [WARN] [1790432761.808413306] [controller_server]: RegulatedPurePursuitController detected collision ahead!
[controller_server-15] [INFO] [1790432761.908306463] [controller_server]: Passing new path to controller.
[controller_server-15] [WARN] [1790432761.958172211] [controller_server]: RegulatedPurePursuitController detected collision ahead!
[controller_server-15] [WARN] [1790432762.008287383] [controller_server]: RegulatedPurePursuitController detected collision ahead!
[controller_server-15] [WARN] [1790432762.208386044] [controller_server]: RegulatedPurePursuitController detected collision ahead!
[controller_server-15] [WARN] [1790432762.408394831] [controller_server]: RegulatedPurePursuitController detected collision ahead!
[controller_server-15] [WARN] [1790432762.558208426] [controller_server]: RegulatedPurePursuitController detected collision ahead!
[controller_server-15] [WARN] [1790432762.608818137] [controller_server]: RegulatedPurePursuitController detected collision ahead!
[controller_server-15] [WARN] [1790432762.808277352] [controller_server]: RegulatedPurePursuitController detected collision ahead!
[controller_server-15] [INFO] [1790432762.957895838] [controller_server]: Passing new path to controller.
[controller_server-15] [WARN] [1790432763.008335288] [controller_server]: RegulatedPurePursuitController detected collision ahead!
[collision_monitor-23] [INFO] [1790432763.015798420] [collision_monitor]: Robot to approach for 1.200000 seconds away from collision
[collision_monitor-23] [INFO] [1790432763.076434467] [collision_monitor]: Robot to continue normal operation
[collision_monitor-23] [INFO] [1790432763.115797298] [collision_monitor]: Robot to approach for 1.200000 seconds away from collision
[collision_monitor-23] [INFO] [1790432763.175929165] [collision_monitor]: Robot to continue normal operation
[controller_server-15] [WARN] [1790432763.208292822] [controller_server]: RegulatedPurePursuitController detected collision ahead!
[controller_server-15] [WARN] [1790432763.408424724] [controller_server]: RegulatedPurePursuitController detected collision ahead!
[collision_monitor-23] [INFO] [1790432763.415868164] [collision_monitor]: Robot to approach for 1.200000 seconds away from collision
[collision_monitor-23] [INFO] [1790432763.476003662] [collision_monitor]: Robot to continue normal operation
[collision_monitor-23] [INFO] [1790432763.515855451] [collision_monitor]: Robot to approach for 1.200000 seconds away from collision
[collision_monitor-23] [INFO] [1790432763.575981521] [collision_monitor]: Robot to continue normal operation
[collision_monitor-23] [INFO] [1790432763.615911172] [collision_monitor]: Robot to approach for 1.200000 seconds away from collision
[collision_monitor-23] [INFO] [1790432763.676053513] [collision_monitor]: Robot to continue normal operation
[controller_server-15] [WARN] [1790432763.808233509] [controller_server]: RegulatedPurePursuitController detected collision ahead!
[collision_monitor-23] [INFO] [1790432763.815819265] [collision_monitor]: Robot to approach for 1.200000 seconds away from collision
[collision_monitor-23] [INFO] [1790432763.876002527] [collision_monitor]: Robot to continue normal operation
[collision_monitor-23] [INFO] [1790432763.915834554] [collision_monitor]: Robot to approach for 1.200000 seconds away from collision
[controller_server-15] [INFO] [1790432763.958027012] [controller_server]: Passing new path to controller.
[collision_monitor-23] [INFO] [1790432763.976059296] [collision_monitor]: Robot to continue normal operation
[controller_server-15] [WARN] [1790432764.008463372] [controller_server]: RegulatedPurePursuitController detected collision ahead!
[collision_monitor-23] [INFO] [1790432764.015857568] [collision_monitor]: Robot to approach for 1.200000 seconds away from collision
[collision_monitor-23] [INFO] [1790432764.075969781] [collision_monitor]: Robot to continue normal operation
[collision_monitor-23] [INFO] [1790432764.215841024] [collision_monitor]: Robot to approach for 1.200000 seconds away from collision
[collision_monitor-23] [INFO] [1790432764.275963571] [collision_monitor]: Robot to continue normal operation
[controller_server-15] [WARN] [1790432764.308263209] [controller_server]: RegulatedPurePursuitController detected collision ahead!
[controller_server-15] [WARN] [1790432764.358407184] [controller_server]: RegulatedPurePursuitController detected collision ahead!
[controller_server-15] [WARN] [1790432764.408350046] [controller_server]: RegulatedPurePursuitController detected collision ahead!
[controller_server-15] [WARN] [1790432764.608341741] [controller_server]: RegulatedPurePursuitController detected collision ahead!
[controller_server-15] [WARN] [1790432764.808221846] [controller_server]: RegulatedPurePursuitController detected collision ahead!
[collision_monitor-23] [INFO] [1790432764.815733848] [collision_monitor]: Robot to approach for 1.200000 seconds away from collision
[collision_monitor-23] [INFO] [1790432764.875990541] [collision_monitor]: Robot to continue normal operation
[collision_monitor-23] [INFO] [1790432764.915843311] [collision_monitor]: Robot to approach for 1.200000 seconds away from collision
[collision_monitor-23] [INFO] [1790432764.975942116] [collision_monitor]: Robot to continue normal operation
[controller_server-15] [INFO] [1790432765.008047124] [controller_server]: Passing new path to controller.
[controller_server-15] [WARN] [1790432765.008496486] [controller_server]: RegulatedPurePursuitController detected collision ahead!
[collision_monitor-23] [INFO] [1790432765.015849191] [collision_monitor]: Robot to approach for 1.200000 seconds away from collision
[collision_monitor-23] [INFO] [1790432765.075989588] [collision_monitor]: Robot to continue normal operation
[collision_monitor-23] [INFO] [1790432765.115832795] [collision_monitor]: Robot to approach for 1.200000 seconds away from collision
[collision_monitor-23] [INFO] [1790432765.176047073] [collision_monitor]: Robot to continue normal operation
[controller_server-15] [WARN] [1790432765.308241786] [controller_server]: RegulatedPurePursuitController detected collision ahead!
[controller_server-15] [WARN] [1790432765.358177025] [controller_server]: RegulatedPurePursuitController detected collision ahead!
[controller_server-15] [WARN] [1790432765.408532227] [controller_server]: RegulatedPurePursuitController detected collision ahead!
[controller_server-15] [WARN] [1790432765.608343713] [controller_server]: RegulatedPurePursuitController detected collision ahead!
[collision_monitor-23] [INFO] [1790432765.915821319] [collision_monitor]: Robot to approach for 1.200000 seconds away from collision
[collision_monitor-23] [INFO] [1790432765.976007665] [collision_monitor]: Robot to continue normal operation
[controller_server-15] [INFO] [1790432766.007893422] [controller_server]: Passing new path to controller.
[controller_server-15] [WARN] [1790432766.008345646] [controller_server]: RegulatedPurePursuitController detected collision ahead!
[collision_monitor-23] [INFO] [1790432766.015820404] [collision_monitor]: Robot to approach for 1.200000 seconds away from collision
[controller_server-15] [WARN] [1790432766.058224174] [controller_server]: RegulatedPurePursuitController detected collision ahead!
[collision_monitor-23] [INFO] [1790432766.076000509] [collision_monitor]: Robot to continue normal operation
[controller_server-15] [WARN] [1790432766.108495989] [controller_server]: RegulatedPurePursuitController detected collision ahead!
[controller_server-15] [WARN] [1790432766.158186811] [controller_server]: RegulatedPurePursuitController detected collision ahead!
[controller_server-15] [WARN] [1790432766.208433626] [controller_server]: RegulatedPurePursuitController detected collision ahead!
[controller_server-15] [WARN] [1790432766.308306671] [controller_server]: RegulatedPurePursuitController detected collision ahead!
[controller_server-15] [WARN] [1790432766.358146652] [controller_server]: RegulatedPurePursuitController detected collision ahead!
[controller_server-15] [WARN] [1790432766.408238164] [controller_server]: RegulatedPurePursuitController detected collision ahead!
[controller_server-15] [WARN] [1790432766.458153632] [controller_server]: RegulatedPurePursuitController detected collision ahead!
[controller_server-15] [WARN] [1790432766.508295003] [controller_server]: RegulatedPurePursuitController detected collision ahead!
[controller_server-15] [WARN] [1790432766.558360747] [controller_server]: RegulatedPurePursuitController detected collision ahead!
[controller_server-15] [WARN] [1790432766.608343322] [controller_server]: RegulatedPurePursuitController detected collision ahead!
[controller_server-15] [ERROR] [1790432766.608402888] [controller_server]: Controller patience exceeded
[controller_server-15] [WARN] [1790432766.608498766] [controller_server]: [follow_path] [ActionServer] Aborting handle.
[controller_server-15] [INFO] [1790432766.627308946] [local_costmap.local_costmap]: Received request to clear entirely the local_costmap
[controller_server-15] [INFO] [1790432766.627892731] [controller_server]: Received a goal, begin computing control effort.
[controller_server-15] [INFO] [1790432767.028183522] [controller_server]: Passing new path to controller.
[controller_server-15] [INFO] [1790432768.078181387] [controller_server]: Passing new path to controller.
[controller_server-15] [WARN] [1790432768.328398744] [controller_server]: RegulatedPurePursuitController detected collision ahead!
[controller_server-15] [WARN] [1790432768.378393809] [controller_server]: RegulatedPurePursuitController detected collision ahead!
[controller_server-15] [WARN] [1790432768.428470855] [controller_server]: RegulatedPurePursuitController detected collision ahead!
[controller_server-15] [WARN] [1790432768.628465429] [controller_server]: RegulatedPurePursuitController detected collision ahead!
[controller_server-15] [WARN] [1790432768.928526668] [controller_server]: RegulatedPurePursuitController detected collision ahead!
[controller_server-15] [WARN] [1790432768.978374111] [controller_server]: RegulatedPurePursuitController detected collision ahead!
[controller_server-15] [WARN] [1790432769.028468295] [controller_server]: RegulatedPurePursuitController detected collision ahead!
[controller_server-15] [INFO] [1790432769.078180614] [controller_server]: Passing new path to controller.
[collision_monitor-23] [INFO] [1790432770.015846905] [collision_monitor]: Robot to approach for 1.200000 seconds away from collision
[collision_monitor-23] [INFO] [1790432770.055750640] [collision_monitor]: Robot to continue normal operation
[collision_monitor-23] [INFO] [1790432770.115966218] [collision_monitor]: Robot to approach for 1.200000 seconds away from collision
[controller_server-15] [INFO] [1790432770.128188840] [controller_server]: Passing new path to controller.
[collision_monitor-23] [INFO] [1790432770.155763322] [collision_monitor]: Robot to continue normal operation
[controller_server-15] [WARN] [1790432770.328425302] [controller_server]: RegulatedPurePursuitController detected collision ahead!
[controller_server-15] [WARN] [1790432770.378328608] [controller_server]: RegulatedPurePursuitController detected collision ahead!
[controller_server-15] [WARN] [1790432770.428352931] [controller_server]: RegulatedPurePursuitController detected collision ahead!
[controller_server-15] [WARN] [1790432770.528435653] [controller_server]: RegulatedPurePursuitController detected collision ahead!
[controller_server-15] [WARN] [1790432770.578342032] [controller_server]: RegulatedPurePursuitController detected collision ahead!
[controller_server-15] [WARN] [1790432770.628515373] [controller_server]: RegulatedPurePursuitController detected collision ahead!
[controller_server-15] [INFO] [1790432771.128185679] [controller_server]: Passing new path to controller.
[controller_server-15] [WARN] [1790432771.178330531] [controller_server]: RegulatedPurePursuitController detected collision ahead!
[controller_server-15] [WARN] [1790432771.228428876] [controller_server]: RegulatedPurePursuitController detected collision ahead!
[controller_server-15] [WARN] [1790432771.378437468] [controller_server]: RegulatedPurePursuitController detected collision ahead!
[controller_server-15] [WARN] [1790432771.428396222] [controller_server]: RegulatedPurePursuitController detected collision ahead!
[controller_server-15] [WARN] [1790432771.578358028] [controller_server]: RegulatedPurePursuitController detected collision ahead!
[controller_server-15] [WARN] [1790432771.628392478] [controller_server]: RegulatedPurePursuitController detected collision ahead!
[controller_server-15] [INFO] [1790432772.128177688] [controller_server]: Passing new path to controller.
[controller_server-15] [INFO] [1790432773.178179119] [controller_server]: Passing new path to controller.
[controller_server-15] [INFO] [1790432774.178187996] [controller_server]: Passing new path to controller.
[controller_server-15] [INFO] [1790432775.228179932] [controller_server]: Passing new path to controller.
[controller_server-15] [INFO] [1790432775.778170064] [controller_server]: Reached the goal!
[bt_navigator-20] [INFO] [1790432775.807128541] [bt_navigator]: Goal succeeded
[bt_navigator-20] [INFO] [1790432776.808908683] [bt_navigator]: Begin navigating from current location (-2.93, -2.40) to (0.30, 0.00)
[nav_benchmark_runner.py-9] [INFO] [1790432776.809574650] [nav_benchmark_runner]: Goal 'return_to_start' accepted: x=0.30, y=0.00, yaw=0.0000
[controller_server-15] [INFO] [1790432776.829708276] [controller_server]: Received a goal, begin computing control effort.
[controller_server-15] [INFO] [1790432777.879850615] [controller_server]: Passing new path to controller.
[controller_server-15] [INFO] [1790432778.929850640] [controller_server]: Passing new path to controller.
[controller_server-15] [INFO] [1790432779.929849047] [controller_server]: Passing new path to controller.
[controller_server-15] [INFO] [1790432780.979849511] [controller_server]: Passing new path to controller.
[controller_server-15] [INFO] [1790432781.979862008] [controller_server]: Passing new path to controller.
[controller_server-15] [INFO] [1790432783.029852622] [controller_server]: Passing new path to controller.
[collision_monitor-23] [INFO] [1790432783.265872119] [collision_monitor]: Robot to approach for 1.200000 seconds away from collision
[collision_monitor-23] [INFO] [1790432783.305724508] [collision_monitor]: Robot to continue normal operation
[collision_monitor-23] [INFO] [1790432783.365805278] [collision_monitor]: Robot to approach for 1.200000 seconds away from collision
[controller_server-15] [WARN] [1790432783.380082451] [controller_server]: RegulatedPurePursuitController detected collision ahead!
[collision_monitor-23] [INFO] [1790432783.405828190] [collision_monitor]: Robot to continue normal operation
[controller_server-15] [WARN] [1790432783.430105348] [controller_server]: RegulatedPurePursuitController detected collision ahead!
[collision_monitor-23] [INFO] [1790432783.565901963] [collision_monitor]: Robot to approach for 1.200000 seconds away from collision
[collision_monitor-23] [INFO] [1790432783.605948617] [collision_monitor]: Robot to continue normal operation
[controller_server-15] [WARN] [1790432783.630307964] [controller_server]: RegulatedPurePursuitController detected collision ahead!
[collision_monitor-23] [INFO] [1790432783.705910127] [collision_monitor]: Robot to approach for 1.200000 seconds away from collision
[controller_server-15] [WARN] [1790432783.830096562] [controller_server]: RegulatedPurePursuitController detected collision ahead!
[collision_monitor-23] [INFO] [1790432783.865880972] [collision_monitor]: Robot to continue normal operation
[collision_monitor-23] [INFO] [1790432783.905751097] [collision_monitor]: Robot to approach for 1.200000 seconds away from collision
[collision_monitor-23] [INFO] [1790432784.005815391] [collision_monitor]: Robot to continue normal operation
[controller_server-15] [INFO] [1790432784.029853641] [controller_server]: Passing new path to controller.
[controller_server-15] [WARN] [1790432784.030284418] [controller_server]: RegulatedPurePursuitController detected collision ahead!
[collision_monitor-23] [INFO] [1790432784.165937832] [collision_monitor]: Robot to approach for 1.200000 seconds away from collision
[controller_server-15] [WARN] [1790432784.230303345] [controller_server]: RegulatedPurePursuitController detected collision ahead!
[collision_monitor-23] [INFO] [1790432784.265880399] [collision_monitor]: Robot to continue normal operation
[collision_monitor-23] [INFO] [1790432784.365867937] [collision_monitor]: Robot to approach for 1.200000 seconds away from collision
[collision_monitor-23] [INFO] [1790432784.405731463] [collision_monitor]: Robot to continue normal operation
[controller_server-15] [WARN] [1790432784.430257052] [controller_server]: RegulatedPurePursuitController detected collision ahead!
[collision_monitor-23] [INFO] [1790432784.505745256] [collision_monitor]: Robot to approach for 1.200000 seconds away from collision
[controller_server-15] [WARN] [1790432784.630126893] [controller_server]: RegulatedPurePursuitController detected collision ahead!
[collision_monitor-23] [INFO] [1790432784.666069224] [collision_monitor]: Robot to continue normal operation
[collision_monitor-23] [INFO] [1790432784.705776892] [collision_monitor]: Robot to approach for 1.200000 seconds away from collision
[collision_monitor-23] [INFO] [1790432784.805729025] [collision_monitor]: Robot to continue normal operation
[controller_server-15] [WARN] [1790432784.830097708] [controller_server]: RegulatedPurePursuitController detected collision ahead!
[collision_monitor-23] [INFO] [1790432784.965822627] [collision_monitor]: Robot to approach for 1.200000 seconds away from collision
[controller_server-15] [WARN] [1790432784.980081702] [controller_server]: RegulatedPurePursuitController detected collision ahead!
[collision_monitor-23] [INFO] [1790432785.005718619] [collision_monitor]: Robot to continue normal operation
[controller_server-15] [WARN] [1790432785.030082393] [controller_server]: RegulatedPurePursuitController detected collision ahead!
[controller_server-15] [INFO] [1790432785.079852490] [controller_server]: Passing new path to controller.
[collision_monitor-23] [INFO] [1790432785.165888686] [collision_monitor]: Robot to approach for 1.200000 seconds away from collision
[controller_server-15] [WARN] [1790432785.180214784] [controller_server]: RegulatedPurePursuitController detected collision ahead!
[collision_monitor-23] [INFO] [1790432785.205742053] [collision_monitor]: Robot to continue normal operation
[controller_server-15] [WARN] [1790432785.230126565] [controller_server]: RegulatedPurePursuitController detected collision ahead!
[collision_monitor-23] [INFO] [1790432785.365845572] [collision_monitor]: Robot to approach for 1.200000 seconds away from collision
[collision_monitor-23] [INFO] [1790432785.405754662] [collision_monitor]: Robot to continue normal operation
[controller_server-15] [WARN] [1790432785.730098525] [controller_server]: RegulatedPurePursuitController detected collision ahead!
[controller_server-15] [WARN] [1790432785.780124896] [controller_server]: RegulatedPurePursuitController detected collision ahead!
[controller_server-15] [WARN] [1790432785.830177871] [controller_server]: RegulatedPurePursuitController detected collision ahead!
[controller_server-15] [WARN] [1790432785.980102591] [controller_server]: RegulatedPurePursuitController detected collision ahead!
[controller_server-15] [WARN] [1790432786.030087877] [controller_server]: RegulatedPurePursuitController detected collision ahead!
[controller_server-15] [INFO] [1790432786.079851788] [controller_server]: Passing new path to controller.
[controller_server-15] [WARN] [1790432786.580100413] [controller_server]: RegulatedPurePursuitController detected collision ahead!
[controller_server-15] [WARN] [1790432786.630097553] [controller_server]: RegulatedPurePursuitController detected collision ahead!
[controller_server-15] [WARN] [1790432787.030114664] [controller_server]: RegulatedPurePursuitController detected collision ahead!
[controller_server-15] [INFO] [1790432787.129855803] [controller_server]: Passing new path to controller.
[controller_server-15] [WARN] [1790432787.280088711] [controller_server]: RegulatedPurePursuitController detected collision ahead!
[controller_server-15] [WARN] [1790432787.330134203] [controller_server]: RegulatedPurePursuitController detected collision ahead!
[controller_server-15] [WARN] [1790432787.380092058] [controller_server]: RegulatedPurePursuitController detected collision ahead!
[controller_server-15] [WARN] [1790432787.430140413] [controller_server]: RegulatedPurePursuitController detected collision ahead!
[controller_server-15] [INFO] [1790432788.129859918] [controller_server]: Passing new path to controller.
[controller_server-15] [WARN] [1790432788.180256261] [controller_server]: RegulatedPurePursuitController detected collision ahead!
[controller_server-15] [WARN] [1790432788.230102421] [controller_server]: RegulatedPurePursuitController detected collision ahead!
[controller_server-15] [WARN] [1790432788.530079339] [controller_server]: RegulatedPurePursuitController detected collision ahead!
[controller_server-15] [WARN] [1790432788.580097418] [controller_server]: RegulatedPurePursuitController detected collision ahead!
[controller_server-15] [WARN] [1790432788.630110888] [controller_server]: RegulatedPurePursuitController detected collision ahead!
[collision_monitor-23] [INFO] [1790432788.865925777] [collision_monitor]: Robot to approach for 1.200000 seconds away from collision
[controller_server-15] [WARN] [1790432788.880086975] [controller_server]: RegulatedPurePursuitController detected collision ahead!
[collision_monitor-23] [INFO] [1790432788.905733519] [collision_monitor]: Robot to continue normal operation
[controller_server-15] [INFO] [1790432789.179851686] [controller_server]: Passing new path to controller.
[controller_server-15] [WARN] [1790432789.580075482] [controller_server]: RegulatedPurePursuitController detected collision ahead!
[controller_server-15] [WARN] [1790432789.630085284] [controller_server]: RegulatedPurePursuitController detected collision ahead!
[collision_monitor-23] [INFO] [1790432789.805780765] [collision_monitor]: Robot to approach for 1.200000 seconds away from collision
[controller_server-15] [WARN] [1790432789.830126026] [controller_server]: RegulatedPurePursuitController detected collision ahead!
[collision_monitor-23] [INFO] [1790432789.866036579] [collision_monitor]: Robot to continue normal operation
[collision_monitor-23] [INFO] [1790432789.906736496] [collision_monitor]: Robot to approach for 1.200000 seconds away from collision
[controller_server-15] [WARN] [1790432789.930153170] [controller_server]: RegulatedPurePursuitController detected collision ahead!
[collision_monitor-23] [INFO] [1790432789.966044800] [collision_monitor]: Robot to continue normal operation
[controller_server-15] [WARN] [1790432789.980107318] [controller_server]: RegulatedPurePursuitController detected collision ahead!
[controller_server-15] [WARN] [1790432790.030102643] [controller_server]: RegulatedPurePursuitController detected collision ahead!
[controller_server-15] [INFO] [1790432790.179851225] [controller_server]: Passing new path to controller.
[controller_server-15] [WARN] [1790432790.330080021] [controller_server]: RegulatedPurePursuitController detected collision ahead!
[controller_server-15] [WARN] [1790432790.380086992] [controller_server]: RegulatedPurePursuitController detected collision ahead!
[controller_server-15] [WARN] [1790432790.430110443] [controller_server]: RegulatedPurePursuitController detected collision ahead!
[collision_monitor-23] [INFO] [1790432790.805832704] [collision_monitor]: Robot to approach for 1.200000 seconds away from collision
[controller_server-15] [WARN] [1790432790.930072204] [controller_server]: RegulatedPurePursuitController detected collision ahead!
[collision_monitor-23] [INFO] [1790432790.965995649] [collision_monitor]: Robot to continue normal operation
[controller_server-15] [WARN] [1790432790.980087694] [controller_server]: RegulatedPurePursuitController detected collision ahead!
[controller_server-15] [WARN] [1790432791.030118876] [controller_server]: RegulatedPurePursuitController detected collision ahead!
[collision_monitor-23] [INFO] [1790432791.205848808] [collision_monitor]: Robot to approach for 1.200000 seconds away from collision
[controller_server-15] [INFO] [1790432791.229858785] [controller_server]: Passing new path to controller.
[collision_monitor-23] [INFO] [1790432791.265994834] [collision_monitor]: Robot to continue normal operation
[controller_server-15] [WARN] [1790432791.580082537] [controller_server]: RegulatedPurePursuitController detected collision ahead!
[controller_server-15] [WARN] [1790432791.630129415] [controller_server]: RegulatedPurePursuitController detected collision ahead!
[collision_monitor-23] [INFO] [1790432792.005862438] [collision_monitor]: Robot to approach for 1.200000 seconds away from collision
[collision_monitor-23] [INFO] [1790432792.105817375] [collision_monitor]: Robot to continue normal operation
[controller_server-15] [INFO] [1790432792.229852172] [controller_server]: Passing new path to controller.
[controller_server-15] [WARN] [1790432792.230410105] [controller_server]: RegulatedPurePursuitController detected collision ahead!
[collision_monitor-23] [INFO] [1790432792.365964221] [collision_monitor]: Robot to approach for 1.200000 seconds away from collision
[collision_monitor-23] [INFO] [1790432792.405947746] [collision_monitor]: Robot to continue normal operation
[collision_monitor-23] [INFO] [1790432792.466028022] [collision_monitor]: Robot to approach for 1.200000 seconds away from collision
[collision_monitor-23] [INFO] [1790432792.505829084] [collision_monitor]: Robot to continue normal operation
[collision_monitor-23] [INFO] [1790432792.565985612] [collision_monitor]: Robot to approach for 1.200000 seconds away from collision
[collision_monitor-23] [INFO] [1790432792.605850079] [collision_monitor]: Robot to continue normal operation
[controller_server-15] [WARN] [1790432792.630091941] [controller_server]: RegulatedPurePursuitController detected collision ahead!
[collision_monitor-23] [INFO] [1790432792.766005048] [collision_monitor]: Robot to approach for 1.200000 seconds away from collision
[collision_monitor-23] [INFO] [1790432792.805915602] [collision_monitor]: Robot to continue normal operation
[controller_server-15] [WARN] [1790432792.830150691] [controller_server]: RegulatedPurePursuitController detected collision ahead!
[collision_monitor-23] [INFO] [1790432792.966057723] [collision_monitor]: Robot to approach for 1.200000 seconds away from collision
[controller_server-15] [WARN] [1790432792.980081735] [controller_server]: RegulatedPurePursuitController detected collision ahead!
[collision_monitor-23] [INFO] [1790432793.005718845] [collision_monitor]: Robot to continue normal operation
[controller_server-15] [WARN] [1790432793.030128001] [controller_server]: RegulatedPurePursuitController detected collision ahead!
[collision_monitor-23] [INFO] [1790432793.166113150] [collision_monitor]: Robot to approach for 1.200000 seconds away from collision
[collision_monitor-23] [INFO] [1790432793.205981292] [collision_monitor]: Robot to continue normal operation
[controller_server-15] [INFO] [1790432793.229862821] [controller_server]: Passing new path to controller.
[collision_monitor-23] [INFO] [1790432793.276047608] [collision_monitor]: Robot to approach for 1.200000 seconds away from collision
[collision_monitor-23] [INFO] [1790432793.315827974] [collision_monitor]: Robot to continue normal operation
[collision_monitor-23] [INFO] [1790432793.366327973] [collision_monitor]: Robot to approach for 1.200000 seconds away from collision
[collision_monitor-23] [INFO] [1790432793.415952948] [collision_monitor]: Robot to continue normal operation
[controller_server-15] [WARN] [1790432793.430158087] [controller_server]: RegulatedPurePursuitController detected collision ahead!
[controller_server-15] [WARN] [1790432793.530291439] [controller_server]: RegulatedPurePursuitController detected collision ahead!
[controller_server-15] [WARN] [1790432793.580207390] [controller_server]: RegulatedPurePursuitController detected collision ahead!
[controller_server-15] [WARN] [1790432793.630146594] [controller_server]: RegulatedPurePursuitController detected collision ahead!
[collision_monitor-23] [INFO] [1790432793.876027725] [collision_monitor]: Robot to approach for 1.200000 seconds away from collision
[collision_monitor-23] [INFO] [1790432794.015849960] [collision_monitor]: Robot to continue normal operation
[collision_monitor-23] [INFO] [1790432794.076213382] [collision_monitor]: Robot to approach for 1.200000 seconds away from collision
[collision_monitor-23] [INFO] [1790432794.115914816] [collision_monitor]: Robot to continue normal operation
[collision_monitor-23] [INFO] [1790432794.176263992] [collision_monitor]: Robot to approach for 1.200000 seconds away from collision
[controller_server-15] [WARN] [1790432794.180254987] [controller_server]: RegulatedPurePursuitController detected collision ahead!
[collision_monitor-23] [INFO] [1790432794.215943011] [collision_monitor]: Robot to continue normal operation
[controller_server-15] [WARN] [1790432794.230326973] [controller_server]: RegulatedPurePursuitController detected collision ahead!
[controller_server-15] [INFO] [1790432794.279859741] [controller_server]: Passing new path to controller.
[collision_monitor-23] [INFO] [1790432794.355847353] [collision_monitor]: Robot to approach for 1.200000 seconds away from collision
[collision_monitor-23] [INFO] [1790432794.415971402] [collision_monitor]: Robot to continue normal operation
[controller_server-15] [WARN] [1790432794.430326314] [controller_server]: RegulatedPurePursuitController detected collision ahead!
[collision_monitor-23] [INFO] [1790432794.555897879] [collision_monitor]: Robot to approach for 1.200000 seconds away from collision
[collision_monitor-23] [INFO] [1790432794.615979541] [collision_monitor]: Robot to continue normal operation
[collision_monitor-23] [INFO] [1790432794.655883758] [collision_monitor]: Robot to approach for 1.200000 seconds away from collision
[collision_monitor-23] [INFO] [1790432794.708180280] [collision_monitor]: Robot to continue normal operation
[controller_server-15] [WARN] [1790432794.730200647] [controller_server]: RegulatedPurePursuitController detected collision ahead!
[controller_server-15] [WARN] [1790432794.780416550] [controller_server]: RegulatedPurePursuitController detected collision ahead!
[controller_server-15] [WARN] [1790432794.830288616] [controller_server]: RegulatedPurePursuitController detected collision ahead!
[controller_server-15] [WARN] [1790432795.030267549] [controller_server]: RegulatedPurePursuitController detected collision ahead!
[controller_server-15] [WARN] [1790432795.230269698] [controller_server]: RegulatedPurePursuitController detected collision ahead!
[controller_server-15] [INFO] [1790432795.279860881] [controller_server]: Passing new path to controller.
[collision_monitor-23] [INFO] [1790432795.355858222] [collision_monitor]: Robot to approach for 1.200000 seconds away from collision
[collision_monitor-23] [INFO] [1790432795.416020918] [collision_monitor]: Robot to continue normal operation
[controller_server-15] [WARN] [1790432795.430336648] [controller_server]: RegulatedPurePursuitController detected collision ahead!
[collision_monitor-23] [INFO] [1790432795.555844171] [collision_monitor]: Robot to approach for 1.200000 seconds away from collision
[collision_monitor-23] [INFO] [1790432795.615850939] [collision_monitor]: Robot to continue normal operation
[collision_monitor-23] [INFO] [1790432795.655891227] [collision_monitor]: Robot to approach for 1.200000 seconds away from collision
[collision_monitor-23] [INFO] [1790432795.715894854] [collision_monitor]: Robot to continue normal operation
[controller_server-15] [WARN] [1790432795.730335297] [controller_server]: RegulatedPurePursuitController detected collision ahead!
[controller_server-15] [WARN] [1790432795.780214105] [controller_server]: RegulatedPurePursuitController detected collision ahead!
[controller_server-15] [WARN] [1790432795.830252123] [controller_server]: RegulatedPurePursuitController detected collision ahead!
[collision_monitor-23] [INFO] [1790432796.055848217] [collision_monitor]: Robot to approach for 1.200000 seconds away from collision
[collision_monitor-23] [INFO] [1790432796.116149627] [collision_monitor]: Robot to continue normal operation
[collision_monitor-23] [INFO] [1790432796.155973142] [collision_monitor]: Robot to approach for 1.200000 seconds away from collision
[controller_server-15] [WARN] [1790432796.180203001] [controller_server]: RegulatedPurePursuitController detected collision ahead!
[collision_monitor-23] [INFO] [1790432796.215909207] [collision_monitor]: Robot to continue normal operation
[controller_server-15] [WARN] [1790432796.230228071] [controller_server]: RegulatedPurePursuitController detected collision ahead!
[controller_server-15] [INFO] [1790432796.329859306] [controller_server]: Passing new path to controller.
[collision_monitor-23] [INFO] [1790432796.355841587] [collision_monitor]: Robot to approach for 1.200000 seconds away from collision
[controller_server-15] [WARN] [1790432796.380263336] [controller_server]: RegulatedPurePursuitController detected collision ahead!
[collision_monitor-23] [INFO] [1790432796.415813195] [collision_monitor]: Robot to continue normal operation
[controller_server-15] [WARN] [1790432796.430232402] [controller_server]: RegulatedPurePursuitController detected collision ahead!
[controller_server-15] [WARN] [1790432796.480409279] [controller_server]: RegulatedPurePursuitController detected collision ahead!
[controller_server-15] [WARN] [1790432796.530131571] [controller_server]: RegulatedPurePursuitController detected collision ahead!
[controller_server-15] [WARN] [1790432796.580271927] [controller_server]: RegulatedPurePursuitController detected collision ahead!
[controller_server-15] [WARN] [1790432796.630320808] [controller_server]: RegulatedPurePursuitController detected collision ahead!
[collision_monitor-23] [INFO] [1790432796.955802280] [collision_monitor]: Robot to approach for 1.200000 seconds away from collision
[collision_monitor-23] [INFO] [1790432797.116001044] [collision_monitor]: Robot to continue normal operation
[collision_monitor-23] [INFO] [1790432797.155831310] [collision_monitor]: Robot to approach for 1.200000 seconds away from collision
[collision_monitor-23] [INFO] [1790432797.215944146] [collision_monitor]: Robot to continue normal operation
[collision_monitor-23] [INFO] [1790432797.255859742] [collision_monitor]: Robot to approach for 1.200000 seconds away from collision
[collision_monitor-23] [INFO] [1790432797.315894510] [collision_monitor]: Robot to continue normal operation
[controller_server-15] [INFO] [1790432797.329842086] [controller_server]: Passing new path to controller.
[collision_monitor-23] [INFO] [1790432797.355730292] [collision_monitor]: Robot to approach for 1.200000 seconds away from collision
[collision_monitor-23] [INFO] [1790432797.415807865] [collision_monitor]: Robot to continue normal operation
[collision_monitor-23] [INFO] [1790432797.455775064] [collision_monitor]: Robot to approach for 1.200000 seconds away from collision
[controller_server-15] [WARN] [1790432797.580191225] [controller_server]: RegulatedPurePursuitController detected collision ahead!
[collision_monitor-23] [INFO] [1790432797.615855024] [collision_monitor]: Robot to continue normal operation
[controller_server-15] [WARN] [1790432797.630255159] [controller_server]: RegulatedPurePursuitController detected collision ahead!
[collision_monitor-23] [INFO] [1790432797.755789555] [collision_monitor]: Robot to approach for 1.200000 seconds away from collision
[controller_server-15] [WARN] [1790432797.780314846] [controller_server]: RegulatedPurePursuitController detected collision ahead!
[collision_monitor-23] [INFO] [1790432797.815807983] [collision_monitor]: Robot to continue normal operation
[controller_server-15] [WARN] [1790432797.830234863] [controller_server]: RegulatedPurePursuitController detected collision ahead!
[collision_monitor-23] [INFO] [1790432797.955776940] [collision_monitor]: Robot to approach for 1.200000 seconds away from collision
[controller_server-15] [WARN] [1790432798.030250233] [controller_server]: RegulatedPurePursuitController detected collision ahead!
[collision_monitor-23] [INFO] [1790432798.055836276] [collision_monitor]: Robot to continue normal operation
[collision_monitor-23] [INFO] [1790432798.155784767] [collision_monitor]: Robot to approach for 1.200000 seconds away from collision
[collision_monitor-23] [INFO] [1790432798.215834165] [collision_monitor]: Robot to continue normal operation
[controller_server-15] [WARN] [1790432798.230276818] [controller_server]: RegulatedPurePursuitController detected collision ahead!
[controller_server-15] [WARN] [1790432798.330235853] [controller_server]: RegulatedPurePursuitController detected collision ahead!
[controller_server-15] [INFO] [1790432798.379865565] [controller_server]: Passing new path to controller.
[controller_server-15] [WARN] [1790432798.430257036] [controller_server]: RegulatedPurePursuitController detected collision ahead!
[collision_monitor-23] [INFO] [1790432798.555721533] [collision_monitor]: Robot to approach for 1.200000 seconds away from collision
[collision_monitor-23] [INFO] [1790432798.615862615] [collision_monitor]: Robot to continue normal operation
[collision_monitor-23] [INFO] [1790432798.655740481] [collision_monitor]: Robot to approach for 1.200000 seconds away from collision
[collision_monitor-23] [INFO] [1790432798.715820045] [collision_monitor]: Robot to continue normal operation
[collision_monitor-23] [INFO] [1790432798.755789665] [collision_monitor]: Robot to approach for 1.200000 seconds away from collision
[collision_monitor-23] [INFO] [1790432798.815831452] [collision_monitor]: Robot to continue normal operation
[controller_server-15] [WARN] [1790432798.830193173] [controller_server]: RegulatedPurePursuitController detected collision ahead!
[controller_server-15] [WARN] [1790432798.980245303] [controller_server]: RegulatedPurePursuitController detected collision ahead!
[controller_server-15] [WARN] [1790432799.030137763] [controller_server]: RegulatedPurePursuitController detected collision ahead!
[collision_monitor-23] [INFO] [1790432799.155777949] [collision_monitor]: Robot to approach for 1.200000 seconds away from collision
[collision_monitor-23] [INFO] [1790432799.215837369] [collision_monitor]: Robot to continue normal operation
[controller_server-15] [WARN] [1790432799.230217587] [controller_server]: RegulatedPurePursuitController detected collision ahead!
[collision_monitor-23] [INFO] [1790432799.355781449] [collision_monitor]: Robot to approach for 1.200000 seconds away from collision
[controller_server-15] [INFO] [1790432799.379859670] [controller_server]: Passing new path to controller.
[controller_server-15] [WARN] [1790432799.380422907] [controller_server]: RegulatedPurePursuitController detected collision ahead!
[collision_monitor-23] [INFO] [1790432799.415877180] [collision_monitor]: Robot to continue normal operation
[controller_server-15] [WARN] [1790432799.430190293] [controller_server]: RegulatedPurePursuitController detected collision ahead!
[collision_monitor-23] [INFO] [1790432799.561025864] [collision_monitor]: Robot to approach for 1.200000 seconds away from collision
[controller_server-15] [WARN] [1790432799.581007172] [controller_server]: RegulatedPurePursuitController detected collision ahead!
[collision_monitor-23] [INFO] [1790432799.606084360] [collision_monitor]: Robot to continue normal operation
[controller_server-15] [WARN] [1790432799.630220538] [controller_server]: RegulatedPurePursuitController detected collision ahead!
[collision_monitor-23] [INFO] [1790432799.765922602] [collision_monitor]: Robot to approach for 1.200000 seconds away from collision
[collision_monitor-23] [INFO] [1790432799.906081685] [collision_monitor]: Robot to continue normal operation
[controller_server-15] [WARN] [1790432799.930044689] [controller_server]: RegulatedPurePursuitController detected collision ahead!
[controller_server-15] [WARN] [1790432799.980120926] [controller_server]: RegulatedPurePursuitController detected collision ahead!
[controller_server-15] [WARN] [1790432800.030032911] [controller_server]: RegulatedPurePursuitController detected collision ahead!
[collision_monitor-23] [INFO] [1790432800.265913162] [collision_monitor]: Robot to approach for 1.200000 seconds away from collision
[collision_monitor-23] [INFO] [1790432800.305734562] [collision_monitor]: Robot to continue normal operation
[controller_server-15] [INFO] [1790432800.429859541] [controller_server]: Passing new path to controller.
[collision_monitor-23] [INFO] [1790432800.465865511] [collision_monitor]: Robot to approach for 1.200000 seconds away from collision
[collision_monitor-23] [INFO] [1790432800.505719172] [collision_monitor]: Robot to continue normal operation
[controller_server-15] [WARN] [1790432800.630037576] [controller_server]: RegulatedPurePursuitController detected collision ahead!
[controller_server-15] [WARN] [1790432800.830022046] [controller_server]: RegulatedPurePursuitController detected collision ahead!
[controller_server-15] [WARN] [1790432800.930099193] [controller_server]: RegulatedPurePursuitController detected collision ahead!
[controller_server-15] [WARN] [1790432800.980082671] [controller_server]: RegulatedPurePursuitController detected collision ahead!
[controller_server-15] [WARN] [1790432801.029994211] [controller_server]: RegulatedPurePursuitController detected collision ahead!
[controller_server-15] [INFO] [1790432801.429850799] [controller_server]: Passing new path to controller.
[controller_server-15] [WARN] [1790432801.430146942] [controller_server]: RegulatedPurePursuitController detected collision ahead!
[controller_server-15] [INFO] [1790432802.479856187] [controller_server]: Passing new path to controller.
[controller_server-15] [INFO] [1790432803.479847183] [controller_server]: Passing new path to controller.
[controller_server-15] [INFO] [1790432804.529850477] [controller_server]: Passing new path to controller.
[controller_server-15] [INFO] [1790432805.529858243] [controller_server]: Passing new path to controller.
[controller_server-15] [INFO] [1790432806.579846800] [controller_server]: Passing new path to controller.
[controller_server-15] [INFO] [1790432806.729876408] [controller_server]: Reached the goal!
[bt_navigator-20] [INFO] [1790432806.759286289] [bt_navigator]: Goal succeeded
[nav_benchmark_runner.py-9] [INFO] [1790432807.766928868] [nav_benchmark_runner]: Saved trial 8 (south_west_corridor): SUCCEEDED, error=0.070 m
[bt_navigator-20] [INFO] [1790432807.768338911] [bt_navigator]: Begin navigating from current location (0.24, -0.08) to (-2.50, 2.00)
[nav_benchmark_runner.py-9] [INFO] [1790432807.770178678] [nav_benchmark_runner]: Goal 'north_west_turn' accepted: x=-2.50, y=2.00, yaw=1.5708
[controller_server-15] [INFO] [1790432807.789242504] [controller_server]: Received a goal, begin computing control effort.
[controller_server-15] [INFO] [1790432808.839411260] [controller_server]: Passing new path to controller.
[controller_server-15] [INFO] [1790432809.889407234] [controller_server]: Passing new path to controller.
[controller_server-15] [INFO] [1790432810.889412052] [controller_server]: Passing new path to controller.
[controller_server-15] [INFO] [1790432811.889400781] [controller_server]: Passing new path to controller.
[collision_monitor-23] [INFO] [1790432811.966035623] [collision_monitor]: Robot to approach for 1.200000 seconds away from collision
[collision_monitor-23] [INFO] [1790432812.005739655] [collision_monitor]: Robot to continue normal operation
[controller_server-15] [WARN] [1790432812.039891637] [controller_server]: RegulatedPurePursuitController detected collision ahead!
[collision_monitor-23] [INFO] [1790432812.165884286] [collision_monitor]: Robot to approach for 1.200000 seconds away from collision
[collision_monitor-23] [INFO] [1790432812.205754986] [collision_monitor]: Robot to continue normal operation
[controller_server-15] [WARN] [1790432812.239736517] [controller_server]: RegulatedPurePursuitController detected collision ahead!
[collision_monitor-23] [INFO] [1790432812.365911627] [collision_monitor]: Robot to approach for 1.200000 seconds away from collision
[controller_server-15] [WARN] [1790432812.389769191] [controller_server]: RegulatedPurePursuitController detected collision ahead!
[collision_monitor-23] [INFO] [1790432812.405761728] [collision_monitor]: Robot to continue normal operation
[controller_server-15] [WARN] [1790432812.439782573] [controller_server]: RegulatedPurePursuitController detected collision ahead!
[controller_server-15] [WARN] [1790432812.589821391] [controller_server]: RegulatedPurePursuitController detected collision ahead!
[controller_server-15] [WARN] [1790432812.639771229] [controller_server]: RegulatedPurePursuitController detected collision ahead!
[collision_monitor-23] [INFO] [1790432812.765830703] [collision_monitor]: Robot to approach for 1.200000 seconds away from collision
[collision_monitor-23] [INFO] [1790432812.805788968] [collision_monitor]: Robot to continue normal operation
[controller_server-15] [INFO] [1790432812.939400638] [controller_server]: Passing new path to controller.
[controller_server-15] [WARN] [1790432813.039772758] [controller_server]: RegulatedPurePursuitController detected collision ahead!
[controller_server-15] [WARN] [1790432813.239752196] [controller_server]: RegulatedPurePursuitController detected collision ahead!
[controller_server-15] [WARN] [1790432813.389788448] [controller_server]: RegulatedPurePursuitController detected collision ahead!
[controller_server-15] [WARN] [1790432813.439770878] [controller_server]: RegulatedPurePursuitController detected collision ahead!
[controller_server-15] [WARN] [1790432813.639831875] [controller_server]: RegulatedPurePursuitController detected collision ahead!
[collision_monitor-23] [INFO] [1790432813.765815891] [collision_monitor]: Robot to approach for 1.200000 seconds away from collision
[collision_monitor-23] [INFO] [1790432813.805810102] [collision_monitor]: Robot to continue normal operation
[collision_monitor-23] [INFO] [1790432813.865831516] [collision_monitor]: Robot to approach for 1.200000 seconds away from collision
[collision_monitor-23] [INFO] [1790432813.905737395] [collision_monitor]: Robot to continue normal operation
[controller_server-15] [INFO] [1790432813.939399241] [controller_server]: Passing new path to controller.
[collision_monitor-23] [INFO] [1790432813.965808526] [collision_monitor]: Robot to approach for 1.200000 seconds away from collision
[collision_monitor-23] [INFO] [1790432814.005786955] [collision_monitor]: Robot to continue normal operation
[controller_server-15] [WARN] [1790432814.039797162] [controller_server]: RegulatedPurePursuitController detected collision ahead!
[collision_monitor-23] [INFO] [1790432814.165886994] [collision_monitor]: Robot to approach for 1.200000 seconds away from collision
[collision_monitor-23] [INFO] [1790432814.206064351] [collision_monitor]: Robot to continue normal operation
[controller_server-15] [WARN] [1790432814.239784213] [controller_server]: RegulatedPurePursuitController detected collision ahead!
[collision_monitor-23] [INFO] [1790432814.365962517] [collision_monitor]: Robot to approach for 1.200000 seconds away from collision
[controller_server-15] [WARN] [1790432814.389887657] [controller_server]: RegulatedPurePursuitController detected collision ahead!
[collision_monitor-23] [INFO] [1790432814.406005245] [collision_monitor]: Robot to continue normal operation
[controller_server-15] [WARN] [1790432814.439783763] [controller_server]: RegulatedPurePursuitController detected collision ahead!
[collision_monitor-23] [INFO] [1790432814.565908997] [collision_monitor]: Robot to approach for 1.200000 seconds away from collision
[controller_server-15] [WARN] [1790432814.639899506] [controller_server]: RegulatedPurePursuitController detected collision ahead!
[collision_monitor-23] [INFO] [1790432814.665902802] [collision_monitor]: Robot to continue normal operation
[collision_monitor-23] [INFO] [1790432814.765971462] [collision_monitor]: Robot to approach for 1.200000 seconds away from collision
[controller_server-15] [WARN] [1790432814.789846466] [controller_server]: RegulatedPurePursuitController detected collision ahead!
[collision_monitor-23] [INFO] [1790432814.805796816] [collision_monitor]: Robot to continue normal operation
[controller_server-15] [WARN] [1790432814.839866656] [controller_server]: RegulatedPurePursuitController detected collision ahead!
[controller_server-15] [WARN] [1790432814.939805576] [controller_server]: RegulatedPurePursuitController detected collision ahead!
[controller_server-15] [INFO] [1790432814.989396253] [controller_server]: Passing new path to controller.
[controller_server-15] [WARN] [1790432814.990016396] [controller_server]: RegulatedPurePursuitController detected collision ahead!
[controller_server-15] [WARN] [1790432815.039789591] [controller_server]: RegulatedPurePursuitController detected collision ahead!
[collision_monitor-23] [INFO] [1790432815.465894562] [collision_monitor]: Robot to approach for 1.200000 seconds away from collision
[collision_monitor-23] [INFO] [1790432815.505926174] [collision_monitor]: Robot to continue normal operation
[collision_monitor-23] [INFO] [1790432815.565950759] [collision_monitor]: Robot to approach for 1.200000 seconds away from collision
[controller_server-15] [WARN] [1790432815.589859412] [controller_server]: RegulatedPurePursuitController detected collision ahead!
[collision_monitor-23] [INFO] [1790432815.605807522] [collision_monitor]: Robot to continue normal operation
[controller_server-15] [WARN] [1790432815.639810735] [controller_server]: RegulatedPurePursuitController detected collision ahead!
[collision_monitor-23] [INFO] [1790432815.765911279] [collision_monitor]: Robot to approach for 1.200000 seconds away from collision
[collision_monitor-23] [INFO] [1790432815.805804632] [collision_monitor]: Robot to continue normal operation
[controller_server-15] [WARN] [1790432815.839947850] [controller_server]: RegulatedPurePursuitController detected collision ahead!
[collision_monitor-23] [INFO] [1790432815.965979682] [collision_monitor]: Robot to approach for 1.200000 seconds away from collision
[controller_server-15] [INFO] [1790432815.989407290] [controller_server]: Passing new path to controller.
[collision_monitor-23] [INFO] [1790432816.005790148] [collision_monitor]: Robot to continue normal operation
[controller_server-15] [WARN] [1790432816.039793768] [controller_server]: RegulatedPurePursuitController detected collision ahead!
[controller_server-15] [WARN] [1790432816.139774031] [controller_server]: RegulatedPurePursuitController detected collision ahead!
[controller_server-15] [WARN] [1790432816.189791325] [controller_server]: RegulatedPurePursuitController detected collision ahead!
[controller_server-15] [WARN] [1790432816.239767840] [controller_server]: RegulatedPurePursuitController detected collision ahead!
[collision_monitor-23] [INFO] [1790432816.465943362] [collision_monitor]: Robot to approach for 1.200000 seconds away from collision
[collision_monitor-23] [INFO] [1790432816.505853530] [collision_monitor]: Robot to continue normal operation
[collision_monitor-23] [INFO] [1790432816.565976344] [collision_monitor]: Robot to approach for 1.200000 seconds away from collision
[collision_monitor-23] [INFO] [1790432816.605975194] [collision_monitor]: Robot to continue normal operation
[controller_server-15] [WARN] [1790432816.639799846] [controller_server]: RegulatedPurePursuitController detected collision ahead!
[collision_monitor-23] [INFO] [1790432816.765910823] [collision_monitor]: Robot to approach for 1.200000 seconds away from collision
[controller_server-15] [WARN] [1790432816.789823239] [controller_server]: RegulatedPurePursuitController detected collision ahead!
[collision_monitor-23] [INFO] [1790432816.805750884] [collision_monitor]: Robot to continue normal operation
[controller_server-15] [WARN] [1790432816.839741168] [controller_server]: RegulatedPurePursuitController detected collision ahead!
[controller_server-15] [INFO] [1790432817.039417480] [controller_server]: Passing new path to controller.
[collision_monitor-23] [INFO] [1790432817.165887683] [collision_monitor]: Robot to approach for 1.200000 seconds away from collision
[collision_monitor-23] [INFO] [1790432817.205949366] [collision_monitor]: Robot to continue normal operation
[controller_server-15] [WARN] [1790432817.240049130] [controller_server]: RegulatedPurePursuitController detected collision ahead!
[controller_server-15] [WARN] [1790432817.289833602] [controller_server]: RegulatedPurePursuitController detected collision ahead!
[controller_server-15] [WARN] [1790432817.339795996] [controller_server]: RegulatedPurePursuitController detected collision ahead!
[controller_server-15] [WARN] [1790432817.389790161] [controller_server]: RegulatedPurePursuitController detected collision ahead!
[controller_server-15] [WARN] [1790432817.439770850] [controller_server]: RegulatedPurePursuitController detected collision ahead!
[controller_server-15] [WARN] [1790432817.689757529] [controller_server]: RegulatedPurePursuitController detected collision ahead!
[controller_server-15] [WARN] [1790432817.739663851] [controller_server]: RegulatedPurePursuitController detected collision ahead!
[controller_server-15] [WARN] [1790432817.789687973] [controller_server]: RegulatedPurePursuitController detected collision ahead!
[controller_server-15] [WARN] [1790432817.839648202] [controller_server]: RegulatedPurePursuitController detected collision ahead!
[controller_server-15] [INFO] [1790432818.039406570] [controller_server]: Passing new path to controller.
[controller_server-15] [WARN] [1790432818.039907447] [controller_server]: RegulatedPurePursuitController detected collision ahead!
[controller_server-15] [WARN] [1790432818.089756564] [controller_server]: RegulatedPurePursuitController detected collision ahead!
[controller_server-15] [WARN] [1790432818.139660427] [controller_server]: RegulatedPurePursuitController detected collision ahead!
[controller_server-15] [WARN] [1790432818.189669940] [controller_server]: RegulatedPurePursuitController detected collision ahead!
[controller_server-15] [WARN] [1790432818.239677777] [controller_server]: RegulatedPurePursuitController detected collision ahead!
[controller_server-15] [WARN] [1790432818.289658730] [controller_server]: RegulatedPurePursuitController detected collision ahead!
[controller_server-15] [WARN] [1790432818.339624949] [controller_server]: RegulatedPurePursuitController detected collision ahead!
[controller_server-15] [ERROR] [1790432818.339688842] [controller_server]: Controller patience exceeded
[controller_server-15] [WARN] [1790432818.339778082] [controller_server]: [follow_path] [ActionServer] Aborting handle.
[controller_server-15] [INFO] [1790432818.358895392] [local_costmap.local_costmap]: Received request to clear entirely the local_costmap
[controller_server-15] [INFO] [1790432818.359595767] [controller_server]: Received a goal, begin computing control effort.
[controller_server-15] [WARN] [1790432818.449962114] [controller_server]: RegulatedPurePursuitController detected collision ahead!
[controller_server-15] [WARN] [1790432818.450111267] [controller_server]: Control loop missed its desired rate of 20.0000 Hz. Current loop rate is 10.9890 Hz.
[controller_server-15] [WARN] [1790432818.450511172] [controller_server]: RegulatedPurePursuitController detected collision ahead!
[controller_server-15] [WARN] [1790432818.500461750] [controller_server]: RegulatedPurePursuitController detected collision ahead!
[controller_server-15] [WARN] [1790432818.550698832] [controller_server]: RegulatedPurePursuitController detected collision ahead!
[controller_server-15] [WARN] [1790432818.600470022] [controller_server]: RegulatedPurePursuitController detected collision ahead!
[controller_server-15] [WARN] [1790432818.650452511] [controller_server]: RegulatedPurePursuitController detected collision ahead!
[controller_server-15] [WARN] [1790432818.700460906] [controller_server]: RegulatedPurePursuitController detected collision ahead!
[controller_server-15] [ERROR] [1790432818.700503362] [controller_server]: Controller patience exceeded
[controller_server-15] [WARN] [1790432818.700579684] [controller_server]: [follow_path] [ActionServer] Aborting handle.
[controller_server-15] [INFO] [1790432818.718921763] [local_costmap.local_costmap]: Received request to clear entirely the local_costmap
[planner_server-17] [INFO] [1790432818.719417193] [global_costmap.global_costmap]: Received request to clear entirely the global_costmap
[controller_server-15] [INFO] [1790432818.839218152] [controller_server]: Received a goal, begin computing control effort.
[controller_server-15] [WARN] [1790432819.089762516] [controller_server]: RegulatedPurePursuitController detected collision ahead!
[controller_server-15] [WARN] [1790432819.139726626] [controller_server]: RegulatedPurePursuitController detected collision ahead!
[controller_server-15] [WARN] [1790432819.189809862] [controller_server]: RegulatedPurePursuitController detected collision ahead!
[controller_server-15] [WARN] [1790432819.239696952] [controller_server]: RegulatedPurePursuitController detected collision ahead!
[controller_server-15] [WARN] [1790432819.289929201] [controller_server]: RegulatedPurePursuitController detected collision ahead!
[controller_server-15] [WARN] [1790432819.339659247] [controller_server]: RegulatedPurePursuitController detected collision ahead!
[controller_server-15] [WARN] [1790432819.389721256] [controller_server]: RegulatedPurePursuitController detected collision ahead!
[controller_server-15] [ERROR] [1790432819.389773557] [controller_server]: Controller patience exceeded
[controller_server-15] [WARN] [1790432819.389902390] [controller_server]: [follow_path] [ActionServer] Aborting handle.
[controller_server-15] [INFO] [1790432819.408885904] [local_costmap.local_costmap]: Received request to clear entirely the local_costmap
[controller_server-15] [INFO] [1790432819.409684597] [controller_server]: Received a goal, begin computing control effort.
[controller_server-15] [WARN] [1790432819.450062088] [controller_server]: RegulatedPurePursuitController detected collision ahead!
[controller_server-15] [WARN] [1790432819.460086109] [controller_server]: RegulatedPurePursuitController detected collision ahead!
[controller_server-15] [WARN] [1790432819.510118651] [controller_server]: RegulatedPurePursuitController detected collision ahead!
[controller_server-15] [WARN] [1790432819.560204750] [controller_server]: RegulatedPurePursuitController detected collision ahead!
[controller_server-15] [WARN] [1790432819.610153079] [controller_server]: RegulatedPurePursuitController detected collision ahead!
[controller_server-15] [WARN] [1790432819.660317735] [controller_server]: RegulatedPurePursuitController detected collision ahead!
[controller_server-15] [WARN] [1790432819.710285266] [controller_server]: RegulatedPurePursuitController detected collision ahead!
[controller_server-15] [ERROR] [1790432819.710343014] [controller_server]: Controller patience exceeded
[controller_server-15] [WARN] [1790432819.710444474] [controller_server]: [follow_path] [ActionServer] Aborting handle.
[behavior_server-19] [INFO] [1790432819.729181425] [behavior_server]: Running spin
[behavior_server-19] [INFO] [1790432819.729258236] [behavior_server]: Turning 1.57 for spin behavior.
[behavior_server-19] [WARN] [1790432819.929472753] [behavior_server]: Collision Ahead - Exiting Spin
[behavior_server-19] [WARN] [1790432819.929508575] [behavior_server]: spin failed
[behavior_server-19] [WARN] [1790432819.929523448] [behavior_server]: [spin] [ActionServer] Aborting handle.
[behavior_server-19] [INFO] [1790432819.948883685] [behavior_server]: Running wait
[gazebo-1] [WARN] [1790432821.404140499] [diff_drive_base_controller]: Velocity command timed out. Braking.
[gazebo-1] [WARN] [1790432822.404006839] [diff_drive_base_controller]: Velocity command timed out. Braking.
[gazebo-1] [WARN] [1790432823.413989170] [diff_drive_base_controller]: Velocity command timed out. Braking.
[gazebo-1] [WARN] [1790432824.414063637] [diff_drive_base_controller]: Velocity command timed out. Braking.
[behavior_server-19] [INFO] [1790432824.949168345] [behavior_server]: wait completed successfully
[controller_server-15] [INFO] [1790432824.989130376] [controller_server]: Received a goal, begin computing control effort.
[controller_server-15] [WARN] [1790432824.990405992] [controller_server]: RegulatedPurePursuitController detected collision ahead!
[controller_server-15] [WARN] [1790432825.039713783] [controller_server]: RegulatedPurePursuitController detected collision ahead!
[controller_server-15] [WARN] [1790432825.089536832] [controller_server]: RegulatedPurePursuitController detected collision ahead!
[controller_server-15] [WARN] [1790432825.139683812] [controller_server]: RegulatedPurePursuitController detected collision ahead!
[controller_server-15] [WARN] [1790432825.189512168] [controller_server]: RegulatedPurePursuitController detected collision ahead!
[controller_server-15] [WARN] [1790432825.239521029] [controller_server]: RegulatedPurePursuitController detected collision ahead!
[controller_server-15] [WARN] [1790432825.289508522] [controller_server]: RegulatedPurePursuitController detected collision ahead!
[controller_server-15] [WARN] [1790432825.339517453] [controller_server]: RegulatedPurePursuitController detected collision ahead!
[controller_server-15] [ERROR] [1790432825.339564237] [controller_server]: Controller patience exceeded
[controller_server-15] [WARN] [1790432825.339646634] [controller_server]: [follow_path] [ActionServer] Aborting handle.
[controller_server-15] [INFO] [1790432825.358946788] [local_costmap.local_costmap]: Received request to clear entirely the local_costmap
[controller_server-15] [INFO] [1790432825.360109213] [controller_server]: Received a goal, begin computing control effort.
[controller_server-15] [WARN] [1790432825.450490265] [controller_server]: RegulatedPurePursuitController detected collision ahead!
[controller_server-15] [WARN] [1790432825.450619307] [controller_server]: Control loop missed its desired rate of 20.0000 Hz. Current loop rate is 10.9890 Hz.
[controller_server-15] [WARN] [1790432825.450851624] [controller_server]: RegulatedPurePursuitController detected collision ahead!
[controller_server-15] [WARN] [1790432825.501026605] [controller_server]: RegulatedPurePursuitController detected collision ahead!
[controller_server-15] [WARN] [1790432825.551023316] [controller_server]: RegulatedPurePursuitController detected collision ahead!
[controller_server-15] [WARN] [1790432825.601005642] [controller_server]: RegulatedPurePursuitController detected collision ahead!
[controller_server-15] [WARN] [1790432825.650966601] [controller_server]: RegulatedPurePursuitController detected collision ahead!
[controller_server-15] [WARN] [1790432825.700982863] [controller_server]: RegulatedPurePursuitController detected collision ahead!
[controller_server-15] [ERROR] [1790432825.701048571] [controller_server]: Controller patience exceeded
[controller_server-15] [WARN] [1790432825.701160645] [controller_server]: [follow_path] [ActionServer] Aborting handle.
[behavior_server-19] [INFO] [1790432825.719167307] [behavior_server]: Running backup
[behavior_server-19] [INFO] [1790432828.919443354] [behavior_server]: backup completed successfully
[controller_server-15] [INFO] [1790432828.959602053] [controller_server]: Received a goal, begin computing control effort.
[collision_monitor-23] [INFO] [1790432829.655781888] [collision_monitor]: Robot to approach for 1.200000 seconds away from collision
[collision_monitor-23] [INFO] [1790432829.715817075] [collision_monitor]: Robot to continue normal operation
[controller_server-15] [WARN] [1790432829.810128725] [controller_server]: RegulatedPurePursuitController detected collision ahead!
[collision_monitor-23] [INFO] [1790432829.928500466] [collision_monitor]: Robot to approach for 1.200000 seconds away from collision
[controller_server-15] [WARN] [1790432829.960328206] [controller_server]: RegulatedPurePursuitController detected collision ahead!
[collision_monitor-23] [INFO] [1790432829.966273209] [collision_monitor]: Robot to continue normal operation
[controller_server-15] [INFO] [1790432830.009904506] [controller_server]: Passing new path to controller.
[controller_server-15] [WARN] [1790432830.010595383] [controller_server]: RegulatedPurePursuitController detected collision ahead!
[controller_server-15] [WARN] [1790432830.060193322] [controller_server]: RegulatedPurePursuitController detected collision ahead!
[controller_server-15] [WARN] [1790432830.110291926] [controller_server]: RegulatedPurePursuitController detected collision ahead!
[controller_server-15] [WARN] [1790432830.160220499] [controller_server]: RegulatedPurePursuitController detected collision ahead!
[controller_server-15] [WARN] [1790432830.210203120] [controller_server]: RegulatedPurePursuitController detected collision ahead!
[controller_server-15] [WARN] [1790432830.560535412] [controller_server]: RegulatedPurePursuitController detected collision ahead!
[controller_server-15] [WARN] [1790432830.610282712] [controller_server]: RegulatedPurePursuitController detected collision ahead!
[controller_server-15] [WARN] [1790432830.660268125] [controller_server]: RegulatedPurePursuitController detected collision ahead!
[controller_server-15] [WARN] [1790432830.760194611] [controller_server]: RegulatedPurePursuitController detected collision ahead!
[controller_server-15] [WARN] [1790432830.810201322] [controller_server]: RegulatedPurePursuitController detected collision ahead!
[controller_server-15] [WARN] [1790432830.860091211] [controller_server]: RegulatedPurePursuitController detected collision ahead!
[controller_server-15] [WARN] [1790432830.960137661] [controller_server]: RegulatedPurePursuitController detected collision ahead!
[controller_server-15] [INFO] [1790432831.009793974] [controller_server]: Passing new path to controller.
[controller_server-15] [WARN] [1790432831.010307278] [controller_server]: RegulatedPurePursuitController detected collision ahead!
[controller_server-15] [WARN] [1790432831.060134941] [controller_server]: RegulatedPurePursuitController detected collision ahead!
[controller_server-15] [WARN] [1790432831.310273117] [controller_server]: RegulatedPurePursuitController detected collision ahead!
[controller_server-15] [WARN] [1790432831.360238479] [controller_server]: RegulatedPurePursuitController detected collision ahead!
[controller_server-15] [WARN] [1790432831.410443282] [controller_server]: RegulatedPurePursuitController detected collision ahead!
[controller_server-15] [WARN] [1790432831.460133802] [controller_server]: RegulatedPurePursuitController detected collision ahead!
[controller_server-15] [WARN] [1790432831.510542711] [controller_server]: RegulatedPurePursuitController detected collision ahead!
[controller_server-15] [WARN] [1790432831.560126954] [controller_server]: RegulatedPurePursuitController detected collision ahead!
[controller_server-15] [WARN] [1790432831.611316957] [controller_server]: RegulatedPurePursuitController detected collision ahead!
[controller_server-15] [ERROR] [1790432831.611369816] [controller_server]: Controller patience exceeded
[controller_server-15] [WARN] [1790432831.611474558] [controller_server]: [follow_path] [ActionServer] Aborting handle.
[controller_server-15] [INFO] [1790432831.628969219] [local_costmap.local_costmap]: Received request to clear entirely the local_costmap
[controller_server-15] [INFO] [1790432831.629507521] [controller_server]: Received a goal, begin computing control effort.
[controller_server-15] [WARN] [1790432831.880095249] [controller_server]: RegulatedPurePursuitController detected collision ahead!
[controller_server-15] [WARN] [1790432831.930475319] [controller_server]: RegulatedPurePursuitController detected collision ahead!
[controller_server-15] [WARN] [1790432831.979958102] [controller_server]: RegulatedPurePursuitController detected collision ahead!
[controller_server-15] [WARN] [1790432832.029952996] [controller_server]: RegulatedPurePursuitController detected collision ahead!
[controller_server-15] [INFO] [1790432832.079670809] [controller_server]: Passing new path to controller.
[controller_server-15] [WARN] [1790432832.080096410] [controller_server]: RegulatedPurePursuitController detected collision ahead!
[controller_server-15] [WARN] [1790432832.129952762] [controller_server]: RegulatedPurePursuitController detected collision ahead!
[controller_server-15] [WARN] [1790432832.180100715] [controller_server]: RegulatedPurePursuitController detected collision ahead!
[controller_server-15] [ERROR] [1790432832.180160836] [controller_server]: Controller patience exceeded
[controller_server-15] [WARN] [1790432832.180282057] [controller_server]: [follow_path] [ActionServer] Aborting handle.
[controller_server-15] [INFO] [1790432832.199139963] [local_costmap.local_costmap]: Received request to clear entirely the local_costmap
[planner_server-17] [INFO] [1790432832.199549852] [global_costmap.global_costmap]: Received request to clear entirely the global_costmap
[controller_server-15] [INFO] [1790432832.839202398] [controller_server]: Received a goal, begin computing control effort.
[controller_server-15] [WARN] [1790432832.839525562] [controller_server]: RegulatedPurePursuitController detected collision ahead!
[controller_server-15] [WARN] [1790432832.889594958] [controller_server]: RegulatedPurePursuitController detected collision ahead!
[controller_server-15] [WARN] [1790432832.939574207] [controller_server]: RegulatedPurePursuitController detected collision ahead!
[controller_server-15] [WARN] [1790432832.989577965] [controller_server]: RegulatedPurePursuitController detected collision ahead!
[controller_server-15] [WARN] [1790432833.039568519] [controller_server]: RegulatedPurePursuitController detected collision ahead!
[controller_server-15] [WARN] [1790432833.539580452] [controller_server]: RegulatedPurePursuitController detected collision ahead!
[controller_server-15] [WARN] [1790432833.589795430] [controller_server]: RegulatedPurePursuitController detected collision ahead!
[controller_server-15] [WARN] [1790432833.639561764] [controller_server]: RegulatedPurePursuitController detected collision ahead!
[controller_server-15] [WARN] [1790432833.689680450] [controller_server]: RegulatedPurePursuitController detected collision ahead!
[controller_server-15] [WARN] [1790432833.739568075] [controller_server]: RegulatedPurePursuitController detected collision ahead!
[controller_server-15] [WARN] [1790432833.789658760] [controller_server]: RegulatedPurePursuitController detected collision ahead!
[controller_server-15] [WARN] [1790432833.839568311] [controller_server]: RegulatedPurePursuitController detected collision ahead!
[controller_server-15] [ERROR] [1790432833.839638767] [controller_server]: Controller patience exceeded
[controller_server-15] [WARN] [1790432833.839740017] [controller_server]: [follow_path] [ActionServer] Aborting handle.
[controller_server-15] [INFO] [1790432833.859153469] [local_costmap.local_costmap]: Received request to clear entirely the local_costmap
[controller_server-15] [INFO] [1790432833.859682275] [controller_server]: Received a goal, begin computing control effort.
[controller_server-15] [INFO] [1790432834.049830735] [controller_server]: Passing new path to controller.
[controller_server-15] [WARN] [1790432834.050367432] [controller_server]: Control loop missed its desired rate of 20.0000 Hz. Current loop rate is 5.2356 Hz.
[controller_server-15] [WARN] [1790432834.500816636] [controller_server]: RegulatedPurePursuitController detected collision ahead!
[controller_server-15] [WARN] [1790432834.550751037] [controller_server]: RegulatedPurePursuitController detected collision ahead!
[controller_server-15] [WARN] [1790432834.600858750] [controller_server]: RegulatedPurePursuitController detected collision ahead!
[controller_server-15] [WARN] [1790432834.650724301] [controller_server]: RegulatedPurePursuitController detected collision ahead!
[controller_server-15] [WARN] [1790432834.700767773] [controller_server]: RegulatedPurePursuitController detected collision ahead!
[controller_server-15] [WARN] [1790432834.750728289] [controller_server]: RegulatedPurePursuitController detected collision ahead!
[controller_server-15] [WARN] [1790432834.800807653] [controller_server]: RegulatedPurePursuitController detected collision ahead!
[controller_server-15] [ERROR] [1790432834.800863515] [controller_server]: Controller patience exceeded
[controller_server-15] [WARN] [1790432834.800977055] [controller_server]: [follow_path] [ActionServer] Aborting handle.
[behavior_server-19] [INFO] [1790432834.819212020] [behavior_server]: Running spin
[behavior_server-19] [INFO] [1790432834.819291204] [behavior_server]: Turning 1.57 for spin behavior.
[behavior_server-19] [WARN] [1790432834.919515011] [behavior_server]: Collision Ahead - Exiting Spin
[behavior_server-19] [WARN] [1790432834.919549087] [behavior_server]: spin failed
[behavior_server-19] [WARN] [1790432834.919563122] [behavior_server]: [spin] [ActionServer] Aborting handle.
[behavior_server-19] [INFO] [1790432834.938961976] [behavior_server]: Running wait
[gazebo-1] [WARN] [1790432836.398093543] [diff_drive_base_controller]: Velocity command timed out. Braking.
[gazebo-1] [WARN] [1790432837.399265341] [diff_drive_base_controller]: Velocity command timed out. Braking.
[gazebo-1] [WARN] [1790432838.399307861] [diff_drive_base_controller]: Velocity command timed out. Braking.
[gazebo-1] [WARN] [1790432839.409229518] [diff_drive_base_controller]: Velocity command timed out. Braking.
[behavior_server-19] [INFO] [1790432840.039177685] [behavior_server]: wait completed successfully
[controller_server-15] [INFO] [1790432840.069178950] [controller_server]: Received a goal, begin computing control effort.
[controller_server-15] [WARN] [1790432840.419789524] [controller_server]: RegulatedPurePursuitController detected collision ahead!
[controller_server-15] [WARN] [1790432840.869807800] [controller_server]: RegulatedPurePursuitController detected collision ahead!
[controller_server-15] [WARN] [1790432840.919684823] [controller_server]: RegulatedPurePursuitController detected collision ahead!
[controller_server-15] [WARN] [1790432840.969599624] [controller_server]: RegulatedPurePursuitController detected collision ahead!
[controller_server-15] [INFO] [1790432841.119345962] [controller_server]: Passing new path to controller.
[controller_server-15] [WARN] [1790432841.169575958] [controller_server]: RegulatedPurePursuitController detected collision ahead!
[controller_server-15] [WARN] [1790432841.219608411] [controller_server]: RegulatedPurePursuitController detected collision ahead!
[controller_server-15] [WARN] [1790432842.119724558] [controller_server]: RegulatedPurePursuitController detected collision ahead!
[controller_server-15] [INFO] [1790432842.169367923] [controller_server]: Passing new path to controller.
[controller_server-15] [WARN] [1790432842.169805953] [controller_server]: RegulatedPurePursuitController detected collision ahead!
[controller_server-15] [WARN] [1790432842.219654891] [controller_server]: RegulatedPurePursuitController detected collision ahead!
[controller_server-15] [WARN] [1790432842.369946489] [controller_server]: RegulatedPurePursuitController detected collision ahead!
[controller_server-15] [WARN] [1790432842.419738867] [controller_server]: RegulatedPurePursuitController detected collision ahead!
[collision_monitor-23] [INFO] [1790432842.665915331] [collision_monitor]: Robot to approach for 1.200000 seconds away from collision
[controller_server-15] [WARN] [1790432842.819607676] [controller_server]: RegulatedPurePursuitController detected collision ahead!
[collision_monitor-23] [INFO] [1790432842.865842823] [collision_monitor]: Robot to continue normal operation
[collision_monitor-23] [INFO] [1790432842.905732517] [collision_monitor]: Robot to approach for 1.200000 seconds away from collision
[collision_monitor-23] [INFO] [1790432842.965885229] [collision_monitor]: Robot to continue normal operation
[controller_server-15] [WARN] [1790432842.969677292] [controller_server]: RegulatedPurePursuitController detected collision ahead!
[controller_server-15] [WARN] [1790432843.019770346] [controller_server]: RegulatedPurePursuitController detected collision ahead!
[controller_server-15] [WARN] [1790432843.119658769] [controller_server]: RegulatedPurePursuitController detected collision ahead!
[controller_server-15] [INFO] [1790432843.169354917] [controller_server]: Passing new path to controller.
[controller_server-15] [WARN] [1790432843.569666799] [controller_server]: RegulatedPurePursuitController detected collision ahead!
[controller_server-15] [WARN] [1790432843.619679127] [controller_server]: RegulatedPurePursuitController detected collision ahead!
[controller_server-15] [INFO] [1790432844.169358953] [controller_server]: Passing new path to controller.
[collision_monitor-23] [INFO] [1790432844.205830992] [collision_monitor]: Robot to approach for 1.200000 seconds away from collision
[collision_monitor-23] [INFO] [1790432844.265868123] [collision_monitor]: Robot to continue normal operation
[collision_monitor-23] [INFO] [1790432844.305802636] [collision_monitor]: Robot to approach for 1.200000 seconds away from collision
[controller_server-15] [WARN] [1790432844.519674590] [controller_server]: RegulatedPurePursuitController detected collision ahead!
[collision_monitor-23] [INFO] [1790432844.565875089] [collision_monitor]: Robot to continue normal operation
[controller_server-15] [WARN] [1790432844.569604515] [controller_server]: RegulatedPurePursuitController detected collision ahead!
[controller_server-15] [WARN] [1790432844.619680031] [controller_server]: RegulatedPurePursuitController detected collision ahead!
[controller_server-15] [WARN] [1790432844.719592671] [controller_server]: RegulatedPurePursuitController detected collision ahead!
[controller_server-15] [WARN] [1790432844.769620914] [controller_server]: RegulatedPurePursuitController detected collision ahead!
[controller_server-15] [WARN] [1790432844.819607958] [controller_server]: RegulatedPurePursuitController detected collision ahead!
[collision_monitor-23] [INFO] [1790432845.105903689] [collision_monitor]: Robot to approach for 1.200000 seconds away from collision
[controller_server-15] [INFO] [1790432845.219351152] [controller_server]: Passing new path to controller.
[collision_monitor-23] [INFO] [1790432845.265846527] [collision_monitor]: Robot to continue normal operation
[collision_monitor-23] [INFO] [1790432845.305795490] [collision_monitor]: Robot to approach for 1.200000 seconds away from collision
[collision_monitor-23] [INFO] [1790432845.365899997] [collision_monitor]: Robot to continue normal operation
[controller_server-15] [WARN] [1790432845.369625233] [controller_server]: RegulatedPurePursuitController detected collision ahead!
[controller_server-15] [WARN] [1790432845.419608989] [controller_server]: RegulatedPurePursuitController detected collision ahead!
[controller_server-15] [WARN] [1790432845.569596008] [controller_server]: RegulatedPurePursuitController detected collision ahead!
[controller_server-15] [WARN] [1790432845.619645053] [controller_server]: RegulatedPurePursuitController detected collision ahead!
[collision_monitor-23] [INFO] [1790432845.905760955] [collision_monitor]: Robot to approach for 1.200000 seconds away from collision
[collision_monitor-23] [INFO] [1790432845.965882570] [collision_monitor]: Robot to continue normal operation
[collision_monitor-23] [INFO] [1790432846.005847662] [collision_monitor]: Robot to approach for 1.200000 seconds away from collision
[collision_monitor-23] [INFO] [1790432846.065869625] [collision_monitor]: Robot to continue normal operation
[collision_monitor-23] [INFO] [1790432846.105880520] [collision_monitor]: Robot to approach for 1.200000 seconds away from collision
[controller_server-15] [WARN] [1790432846.119697387] [controller_server]: RegulatedPurePursuitController detected collision ahead!
[collision_monitor-23] [INFO] [1790432846.165834681] [collision_monitor]: Robot to continue normal operation
[controller_server-15] [WARN] [1790432846.169571158] [controller_server]: RegulatedPurePursuitController detected collision ahead!
[controller_server-15] [INFO] [1790432846.219353665] [controller_server]: Passing new path to controller.
[controller_server-15] [WARN] [1790432846.219833730] [controller_server]: RegulatedPurePursuitController detected collision ahead!
[controller_server-15] [WARN] [1790432846.369575845] [controller_server]: RegulatedPurePursuitController detected collision ahead!
[controller_server-15] [WARN] [1790432846.419559735] [controller_server]: RegulatedPurePursuitController detected collision ahead!
[collision_monitor-23] [INFO] [1790432846.605819198] [collision_monitor]: Robot to approach for 1.200000 seconds away from collision
[collision_monitor-23] [INFO] [1790432846.665900724] [collision_monitor]: Robot to continue normal operation
[collision_monitor-23] [INFO] [1790432846.705801989] [collision_monitor]: Robot to approach for 1.200000 seconds away from collision
[collision_monitor-23] [INFO] [1790432846.765842876] [collision_monitor]: Robot to continue normal operation
[collision_monitor-23] [INFO] [1790432846.805733667] [collision_monitor]: Robot to approach for 1.200000 seconds away from collision
[collision_monitor-23] [INFO] [1790432846.865856881] [collision_monitor]: Robot to continue normal operation
[controller_server-15] [WARN] [1790432846.869558374] [controller_server]: RegulatedPurePursuitController detected collision ahead!
[controller_server-15] [WARN] [1790432846.919586325] [controller_server]: RegulatedPurePursuitController detected collision ahead!
[controller_server-15] [WARN] [1790432846.969539490] [controller_server]: RegulatedPurePursuitController detected collision ahead!
[controller_server-15] [WARN] [1790432847.019593694] [controller_server]: RegulatedPurePursuitController detected collision ahead!
[controller_server-15] [WARN] [1790432847.169677388] [controller_server]: RegulatedPurePursuitController detected collision ahead!
[controller_server-15] [WARN] [1790432847.219611065] [controller_server]: RegulatedPurePursuitController detected collision ahead!
[controller_server-15] [INFO] [1790432847.269373246] [controller_server]: Passing new path to controller.
[collision_monitor-23] [INFO] [1790432847.505760764] [collision_monitor]: Robot to approach for 1.200000 seconds away from collision
[collision_monitor-23] [INFO] [1790432847.565856039] [collision_monitor]: Robot to continue normal operation
[collision_monitor-23] [INFO] [1790432847.605752761] [collision_monitor]: Robot to approach for 1.200000 seconds away from collision
[collision_monitor-23] [INFO] [1790432847.665823875] [collision_monitor]: Robot to continue normal operation
[collision_monitor-23] [INFO] [1790432847.705780998] [collision_monitor]: Robot to approach for 1.200000 seconds away from collision
[collision_monitor-23] [INFO] [1790432847.765830466] [collision_monitor]: Robot to continue normal operation
[collision_monitor-23] [INFO] [1790432847.805740386] [collision_monitor]: Robot to approach for 1.200000 seconds away from collision
[collision_monitor-23] [INFO] [1790432847.865855701] [collision_monitor]: Robot to continue normal operation
[controller_server-15] [WARN] [1790432847.969561551] [controller_server]: RegulatedPurePursuitController detected collision ahead!
[controller_server-15] [WARN] [1790432848.019520574] [controller_server]: RegulatedPurePursuitController detected collision ahead!
[controller_server-15] [WARN] [1790432848.119536300] [controller_server]: RegulatedPurePursuitController detected collision ahead!
[controller_server-15] [WARN] [1790432848.169561865] [controller_server]: RegulatedPurePursuitController detected collision ahead!
[controller_server-15] [INFO] [1790432848.269460002] [controller_server]: Passing new path to controller.
[controller_server-15] [INFO] [1790432849.319368654] [controller_server]: Passing new path to controller.
[controller_server-15] [INFO] [1790432850.319420263] [controller_server]: Passing new path to controller.
[controller_server-15] [INFO] [1790432851.369518345] [controller_server]: Passing new path to controller.
[controller_server-15] [INFO] [1790432852.369370223] [controller_server]: Passing new path to controller.
[controller_server-15] [INFO] [1790432853.419348696] [controller_server]: Passing new path to controller.
[controller_server-15] [INFO] [1790432854.269368180] [controller_server]: Reached the goal!
[bt_navigator-20] [INFO] [1790432854.298695894] [bt_navigator]: Goal succeeded
[bt_navigator-20] [INFO] [1790432855.299951195] [bt_navigator]: Begin navigating from current location (-2.44, 2.03) to (0.30, 0.00)
[nav_benchmark_runner.py-9] [INFO] [1790432855.301103309] [nav_benchmark_runner]: Goal 'return_to_start' accepted: x=0.30, y=0.00, yaw=0.0000
[controller_server-15] [INFO] [1790432855.320698125] [controller_server]: Received a goal, begin computing control effort.
[controller_server-15] [INFO] [1790432856.370854197] [controller_server]: Passing new path to controller.
[controller_server-15] [INFO] [1790432857.370849154] [controller_server]: Passing new path to controller.
[controller_server-15] [INFO] [1790432858.420850643] [controller_server]: Passing new path to controller.
[controller_server-15] [WARN] [1790432858.971090018] [controller_server]: RegulatedPurePursuitController detected collision ahead!
[controller_server-15] [WARN] [1790432859.021110535] [controller_server]: RegulatedPurePursuitController detected collision ahead!
[controller_server-15] [WARN] [1790432859.171073041] [controller_server]: RegulatedPurePursuitController detected collision ahead!
[controller_server-15] [WARN] [1790432859.221076613] [controller_server]: RegulatedPurePursuitController detected collision ahead!
[collision_monitor-23] [INFO] [1790432859.416089796] [collision_monitor]: Robot to approach for 1.200000 seconds away from collision
[controller_server-15] [WARN] [1790432859.421100124] [controller_server]: RegulatedPurePursuitController detected collision ahead!
[collision_monitor-23] [INFO] [1790432859.455905446] [collision_monitor]: Robot to continue normal operation
[controller_server-15] [INFO] [1790432859.470856988] [controller_server]: Passing new path to controller.
[controller_server-15] [WARN] [1790432859.471245810] [controller_server]: RegulatedPurePursuitController detected collision ahead!
[controller_server-15] [WARN] [1790432859.521173574] [controller_server]: RegulatedPurePursuitController detected collision ahead!
[controller_server-15] [WARN] [1790432859.571078910] [controller_server]: RegulatedPurePursuitController detected collision ahead!
[controller_server-15] [WARN] [1790432859.621075495] [controller_server]: RegulatedPurePursuitController detected collision ahead!
[controller_server-15] [WARN] [1790432860.021076584] [controller_server]: RegulatedPurePursuitController detected collision ahead!
[collision_monitor-23] [INFO] [1790432860.115953075] [collision_monitor]: Robot to approach for 1.200000 seconds away from collision
[controller_server-15] [WARN] [1790432860.121160321] [controller_server]: RegulatedPurePursuitController detected collision ahead!
[controller_server-15] [WARN] [1790432860.171089911] [controller_server]: RegulatedPurePursuitController detected collision ahead!
[collision_monitor-23] [INFO] [1790432860.176068617] [collision_monitor]: Robot to continue normal operation
[controller_server-15] [WARN] [1790432860.221131430] [controller_server]: RegulatedPurePursuitController detected collision ahead!
[controller_server-15] [WARN] [1790432860.271281805] [controller_server]: RegulatedPurePursuitController detected collision ahead!
[controller_server-15] [WARN] [1790432860.321193369] [controller_server]: RegulatedPurePursuitController detected collision ahead!
[controller_server-15] [WARN] [1790432860.371285753] [controller_server]: RegulatedPurePursuitController detected collision ahead!
[controller_server-15] [WARN] [1790432860.421186976] [controller_server]: RegulatedPurePursuitController detected collision ahead!
[controller_server-15] [ERROR] [1790432860.421235534] [controller_server]: Controller patience exceeded
[controller_server-15] [WARN] [1790432860.421323080] [controller_server]: [follow_path] [ActionServer] Aborting handle.
[controller_server-15] [INFO] [1790432860.441745359] [local_costmap.local_costmap]: Received request to clear entirely the local_costmap
[controller_server-15] [INFO] [1790432860.442536273] [controller_server]: Received a goal, begin computing control effort.
[controller_server-15] [INFO] [1790432860.452660252] [controller_server]: Passing new path to controller.
[collision_monitor-23] [INFO] [1790432860.915982767] [collision_monitor]: Robot to approach for 1.200000 seconds away from collision
[collision_monitor-23] [INFO] [1790432860.955849234] [collision_monitor]: Robot to continue normal operation
[controller_server-15] [WARN] [1790432860.992896079] [controller_server]: RegulatedPurePursuitController detected collision ahead!
[controller_server-15] [WARN] [1790432861.042903090] [controller_server]: RegulatedPurePursuitController detected collision ahead!
[controller_server-15] [WARN] [1790432861.192905144] [controller_server]: RegulatedPurePursuitController detected collision ahead!
[controller_server-15] [WARN] [1790432861.242936338] [controller_server]: RegulatedPurePursuitController detected collision ahead!
[controller_server-15] [WARN] [1790432861.292952370] [controller_server]: RegulatedPurePursuitController detected collision ahead!
[controller_server-15] [WARN] [1790432861.343139160] [controller_server]: RegulatedPurePursuitController detected collision ahead!
[controller_server-15] [WARN] [1790432861.392997500] [controller_server]: RegulatedPurePursuitController detected collision ahead!
[controller_server-15] [WARN] [1790432861.442937376] [controller_server]: RegulatedPurePursuitController detected collision ahead!
[controller_server-15] [INFO] [1790432861.492666110] [controller_server]: Passing new path to controller.
[collision_monitor-23] [INFO] [1790432861.915823124] [collision_monitor]: Robot to approach for 1.200000 seconds away from collision
[collision_monitor-23] [INFO] [1790432861.956395706] [collision_monitor]: Robot to continue normal operation
[controller_server-15] [WARN] [1790432861.992884982] [controller_server]: RegulatedPurePursuitController detected collision ahead!
[controller_server-15] [WARN] [1790432862.043052648] [controller_server]: RegulatedPurePursuitController detected collision ahead!
[controller_server-15] [WARN] [1790432862.142927484] [controller_server]: RegulatedPurePursuitController detected collision ahead!
[controller_server-15] [WARN] [1790432862.192916359] [controller_server]: RegulatedPurePursuitController detected collision ahead!
[controller_server-15] [WARN] [1790432862.242899714] [controller_server]: RegulatedPurePursuitController detected collision ahead!
[controller_server-15] [WARN] [1790432862.392884016] [controller_server]: RegulatedPurePursuitController detected collision ahead!
[controller_server-15] [WARN] [1790432862.442893152] [controller_server]: RegulatedPurePursuitController detected collision ahead!
[controller_server-15] [INFO] [1790432862.542666540] [controller_server]: Passing new path to controller.
[collision_monitor-23] [INFO] [1790432862.815810663] [collision_monitor]: Robot to approach for 1.200000 seconds away from collision
[controller_server-15] [WARN] [1790432862.842922578] [controller_server]: RegulatedPurePursuitController detected collision ahead!
[collision_monitor-23] [INFO] [1790432862.855725747] [collision_monitor]: Robot to continue normal operation
[collision_monitor-23] [INFO] [1790432862.915803994] [collision_monitor]: Robot to approach for 1.200000 seconds away from collision
[collision_monitor-23] [INFO] [1790432862.955723060] [collision_monitor]: Robot to continue normal operation
[controller_server-15] [WARN] [1790432862.992935875] [controller_server]: RegulatedPurePursuitController detected collision ahead!
[controller_server-15] [WARN] [1790432863.042923231] [controller_server]: RegulatedPurePursuitController detected collision ahead!
[controller_server-15] [WARN] [1790432863.192887005] [controller_server]: RegulatedPurePursuitController detected collision ahead!
[controller_server-15] [WARN] [1790432863.242894842] [controller_server]: RegulatedPurePursuitController detected collision ahead!
[controller_server-15] [WARN] [1790432863.342894865] [controller_server]: RegulatedPurePursuitController detected collision ahead!
[controller_server-15] [WARN] [1790432863.392924989] [controller_server]: RegulatedPurePursuitController detected collision ahead!
[controller_server-15] [WARN] [1790432863.442923743] [controller_server]: RegulatedPurePursuitController detected collision ahead!
[controller_server-15] [INFO] [1790432863.542667215] [controller_server]: Passing new path to controller.
[controller_server-15] [WARN] [1790432863.543183043] [controller_server]: RegulatedPurePursuitController detected collision ahead!
[controller_server-15] [WARN] [1790432863.592972476] [controller_server]: RegulatedPurePursuitController detected collision ahead!
[controller_server-15] [WARN] [1790432863.642904926] [controller_server]: RegulatedPurePursuitController detected collision ahead!
[collision_monitor-23] [INFO] [1790432864.215873238] [collision_monitor]: Robot to approach for 1.200000 seconds away from collision
[controller_server-15] [WARN] [1790432864.242902918] [controller_server]: RegulatedPurePursuitController detected collision ahead!
[collision_monitor-23] [INFO] [1790432864.255720351] [collision_monitor]: Robot to continue normal operation
[collision_monitor-23] [INFO] [1790432864.315827566] [collision_monitor]: Robot to approach for 1.200000 seconds away from collision
[collision_monitor-23] [INFO] [1790432864.355770116] [collision_monitor]: Robot to continue normal operation
[controller_server-15] [WARN] [1790432864.392936870] [controller_server]: RegulatedPurePursuitController detected collision ahead!
[controller_server-15] [WARN] [1790432864.442902191] [controller_server]: RegulatedPurePursuitController detected collision ahead!
[controller_server-15] [WARN] [1790432864.492898673] [controller_server]: RegulatedPurePursuitController detected collision ahead!
[controller_server-15] [WARN] [1790432864.542881532] [controller_server]: RegulatedPurePursuitController detected collision ahead!
[controller_server-15] [INFO] [1790432864.592661218] [controller_server]: Passing new path to controller.
[controller_server-15] [WARN] [1790432864.593079299] [controller_server]: RegulatedPurePursuitController detected collision ahead!
[controller_server-15] [WARN] [1790432864.642888050] [controller_server]: RegulatedPurePursuitController detected collision ahead!
[controller_server-15] [WARN] [1790432864.742957099] [controller_server]: RegulatedPurePursuitController detected collision ahead!
[controller_server-15] [WARN] [1790432864.793001090] [controller_server]: RegulatedPurePursuitController detected collision ahead!
[controller_server-15] [WARN] [1790432864.842918763] [controller_server]: RegulatedPurePursuitController detected collision ahead!
[collision_monitor-23] [INFO] [1790432865.415813334] [collision_monitor]: Robot to approach for 1.200000 seconds away from collision
[collision_monitor-23] [INFO] [1790432865.455734621] [collision_monitor]: Robot to continue normal operation
[collision_monitor-23] [INFO] [1790432865.515866323] [collision_monitor]: Robot to approach for 1.200000 seconds away from collision
[collision_monitor-23] [INFO] [1790432865.555717465] [collision_monitor]: Robot to continue normal operation
[controller_server-15] [INFO] [1790432865.592666164] [controller_server]: Passing new path to controller.
[controller_server-15] [WARN] [1790432865.593173950] [controller_server]: RegulatedPurePursuitController detected collision ahead!
[controller_server-15] [WARN] [1790432865.642924124] [controller_server]: RegulatedPurePursuitController detected collision ahead!
[controller_server-15] [WARN] [1790432865.793057474] [controller_server]: RegulatedPurePursuitController detected collision ahead!
[controller_server-15] [WARN] [1790432865.843157887] [controller_server]: RegulatedPurePursuitController detected collision ahead!
[controller_server-15] [WARN] [1790432865.992907393] [controller_server]: RegulatedPurePursuitController detected collision ahead!
[controller_server-15] [WARN] [1790432866.043127099] [controller_server]: RegulatedPurePursuitController detected collision ahead!
[collision_monitor-23] [INFO] [1790432866.205733178] [collision_monitor]: Robot to approach for 1.200000 seconds away from collision
[controller_server-15] [WARN] [1790432866.242895948] [controller_server]: RegulatedPurePursuitController detected collision ahead!
[collision_monitor-23] [INFO] [1790432866.265831943] [collision_monitor]: Robot to continue normal operation
[collision_monitor-23] [INFO] [1790432866.305707170] [collision_monitor]: Robot to approach for 1.200000 seconds away from collision
[controller_server-15] [WARN] [1790432866.342945255] [controller_server]: RegulatedPurePursuitController detected collision ahead!
[collision_monitor-23] [INFO] [1790432866.365846248] [collision_monitor]: Robot to continue normal operation
[controller_server-15] [WARN] [1790432866.392884114] [controller_server]: RegulatedPurePursuitController detected collision ahead!
[controller_server-15] [WARN] [1790432866.442886900] [controller_server]: RegulatedPurePursuitController detected collision ahead!
[controller_server-15] [WARN] [1790432866.593115333] [controller_server]: RegulatedPurePursuitController detected collision ahead!
[controller_server-15] [INFO] [1790432866.642666788] [controller_server]: Passing new path to controller.
[controller_server-15] [WARN] [1790432866.643172055] [controller_server]: RegulatedPurePursuitController detected collision ahead!
[collision_monitor-23] [INFO] [1790432866.805709875] [collision_monitor]: Robot to approach for 1.200000 seconds away from collision
[collision_monitor-23] [INFO] [1790432866.865842595] [collision_monitor]: Robot to continue normal operation
[collision_monitor-23] [INFO] [1790432866.905747305] [collision_monitor]: Robot to approach for 1.200000 seconds away from collision
[controller_server-15] [WARN] [1790432866.942916224] [controller_server]: RegulatedPurePursuitController detected collision ahead!
[collision_monitor-23] [INFO] [1790432866.965839154] [collision_monitor]: Robot to continue normal operation
[controller_server-15] [WARN] [1790432866.992912372] [controller_server]: RegulatedPurePursuitController detected collision ahead!
[controller_server-15] [WARN] [1790432867.042927632] [controller_server]: RegulatedPurePursuitController detected collision ahead!
[controller_server-15] [WARN] [1790432867.192884374] [controller_server]: RegulatedPurePursuitController detected collision ahead!
[controller_server-15] [WARN] [1790432867.242875474] [controller_server]: RegulatedPurePursuitController detected collision ahead!
[controller_server-15] [WARN] [1790432867.392943999] [controller_server]: RegulatedPurePursuitController detected collision ahead!
[controller_server-15] [WARN] [1790432867.592888487] [controller_server]: RegulatedPurePursuitController detected collision ahead!
[controller_server-15] [INFO] [1790432867.642666219] [controller_server]: Passing new path to controller.
[controller_server-15] [WARN] [1790432867.643124603] [controller_server]: RegulatedPurePursuitController detected collision ahead!
[controller_server-15] [WARN] [1790432867.692888851] [controller_server]: RegulatedPurePursuitController detected collision ahead!
[controller_server-15] [WARN] [1790432867.793063040] [controller_server]: RegulatedPurePursuitController detected collision ahead!
[controller_server-15] [WARN] [1790432867.842923213] [controller_server]: RegulatedPurePursuitController detected collision ahead!
[collision_monitor-23] [INFO] [1790432868.205722132] [collision_monitor]: Robot to approach for 1.200000 seconds away from collision
[collision_monitor-23] [INFO] [1790432868.365842017] [collision_monitor]: Robot to continue normal operation
[controller_server-15] [WARN] [1790432868.392896606] [controller_server]: RegulatedPurePursuitController detected collision ahead!
[controller_server-15] [WARN] [1790432868.442899430] [controller_server]: RegulatedPurePursuitController detected collision ahead!
[collision_monitor-23] [INFO] [1790432868.565796515] [collision_monitor]: Robot to approach for 1.200000 seconds away from collision
[controller_server-15] [WARN] [1790432868.592891555] [controller_server]: RegulatedPurePursuitController detected collision ahead!
[collision_monitor-23] [INFO] [1790432868.605952085] [collision_monitor]: Robot to continue normal operation
[controller_server-15] [INFO] [1790432868.642661452] [controller_server]: Passing new path to controller.
[controller_server-15] [WARN] [1790432868.643068971] [controller_server]: RegulatedPurePursuitController detected collision ahead!
[controller_server-15] [WARN] [1790432868.792915709] [controller_server]: RegulatedPurePursuitController detected collision ahead!
[controller_server-15] [WARN] [1790432868.842904770] [controller_server]: RegulatedPurePursuitController detected collision ahead!
[controller_server-15] [WARN] [1790432868.892898512] [controller_server]: RegulatedPurePursuitController detected collision ahead!
[collision_monitor-23] [INFO] [1790432869.506000094] [collision_monitor]: Robot to approach for 1.200000 seconds away from collision
[collision_monitor-23] [INFO] [1790432869.565795462] [collision_monitor]: Robot to continue normal operation
[collision_monitor-23] [INFO] [1790432869.605851609] [collision_monitor]: Robot to approach for 1.200000 seconds away from collision
[collision_monitor-23] [INFO] [1790432869.666826770] [collision_monitor]: Robot to continue normal operation
[controller_server-15] [INFO] [1790432869.692671332] [controller_server]: Passing new path to controller.
[collision_monitor-23] [INFO] [1790432869.716065835] [collision_monitor]: Robot to approach for 1.200000 seconds away from collision
[controller_server-15] [WARN] [1790432869.742919721] [controller_server]: RegulatedPurePursuitController detected collision ahead!
[collision_monitor-23] [INFO] [1790432869.775906545] [collision_monitor]: Robot to continue normal operation
[controller_server-15] [WARN] [1790432869.792953628] [controller_server]: RegulatedPurePursuitController detected collision ahead!
[controller_server-15] [WARN] [1790432869.842895315] [controller_server]: RegulatedPurePursuitController detected collision ahead!
[collision_monitor-23] [INFO] [1790432870.015782638] [collision_monitor]: Robot to approach for 1.200000 seconds away from collision
[controller_server-15] [WARN] [1790432870.143073654] [controller_server]: RegulatedPurePursuitController detected collision ahead!
[collision_monitor-23] [INFO] [1790432870.175936937] [collision_monitor]: Robot to continue normal operation
[controller_server-15] [WARN] [1790432870.192914248] [controller_server]: RegulatedPurePursuitController detected collision ahead!
[controller_server-15] [WARN] [1790432870.242926286] [controller_server]: RegulatedPurePursuitController detected collision ahead!
[controller_server-15] [WARN] [1790432870.492878188] [controller_server]: RegulatedPurePursuitController detected collision ahead!
[controller_server-15] [WARN] [1790432870.542907901] [controller_server]: RegulatedPurePursuitController detected collision ahead!
[controller_server-15] [WARN] [1790432870.592932305] [controller_server]: RegulatedPurePursuitController detected collision ahead!
[controller_server-15] [WARN] [1790432870.642935540] [controller_server]: RegulatedPurePursuitController detected collision ahead!
[controller_server-15] [INFO] [1790432870.692665400] [controller_server]: Passing new path to controller.
[collision_monitor-23] [INFO] [1790432870.915791480] [collision_monitor]: Robot to approach for 1.200000 seconds away from collision
[collision_monitor-23] [INFO] [1790432870.975905285] [collision_monitor]: Robot to continue normal operation
[collision_monitor-23] [INFO] [1790432871.015810917] [collision_monitor]: Robot to approach for 1.200000 seconds away from collision
[controller_server-15] [WARN] [1790432871.042931376] [controller_server]: RegulatedPurePursuitController detected collision ahead!
[collision_monitor-23] [INFO] [1790432871.075936254] [collision_monitor]: Robot to continue normal operation
[controller_server-15] [WARN] [1790432871.092939086] [controller_server]: RegulatedPurePursuitController detected collision ahead!
[controller_server-15] [WARN] [1790432871.142894958] [controller_server]: RegulatedPurePursuitController detected collision ahead!
[controller_server-15] [WARN] [1790432871.192948220] [controller_server]: RegulatedPurePursuitController detected collision ahead!
[controller_server-15] [WARN] [1790432871.243002599] [controller_server]: RegulatedPurePursuitController detected collision ahead!
[controller_server-15] [WARN] [1790432871.442889803] [controller_server]: RegulatedPurePursuitController detected collision ahead!
[controller_server-15] [INFO] [1790432871.742673521] [controller_server]: Passing new path to controller.
[controller_server-15] [WARN] [1790432871.793088533] [controller_server]: RegulatedPurePursuitController detected collision ahead!
[controller_server-15] [WARN] [1790432871.842903561] [controller_server]: RegulatedPurePursuitController detected collision ahead!
[collision_monitor-23] [INFO] [1790432872.015827814] [collision_monitor]: Robot to approach for 1.200000 seconds away from collision
[controller_server-15] [WARN] [1790432872.043037303] [controller_server]: RegulatedPurePursuitController detected collision ahead!
[collision_monitor-23] [INFO] [1790432872.055911285] [collision_monitor]: Robot to continue normal operation
[collision_monitor-23] [INFO] [1790432872.116026852] [collision_monitor]: Robot to approach for 1.200000 seconds away from collision
[collision_monitor-23] [INFO] [1790432872.155738656] [collision_monitor]: Robot to continue normal operation
[controller_server-15] [WARN] [1790432872.192889230] [controller_server]: RegulatedPurePursuitController detected collision ahead!
[controller_server-15] [WARN] [1790432872.242884304] [controller_server]: RegulatedPurePursuitController detected collision ahead!
[collision_monitor-23] [INFO] [1790432872.416065976] [collision_monitor]: Robot to approach for 1.200000 seconds away from collision
[controller_server-15] [WARN] [1790432872.442896950] [controller_server]: RegulatedPurePursuitController detected collision ahead!
[collision_monitor-23] [INFO] [1790432872.455759056] [collision_monitor]: Robot to continue normal operation
[controller_server-15] [WARN] [1790432872.592857234] [controller_server]: RegulatedPurePursuitController detected collision ahead!
[controller_server-15] [WARN] [1790432872.642967652] [controller_server]: RegulatedPurePursuitController detected collision ahead!
[controller_server-15] [INFO] [1790432872.742664449] [controller_server]: Passing new path to controller.
[controller_server-15] [WARN] [1790432872.843022145] [controller_server]: RegulatedPurePursuitController detected collision ahead!
[controller_server-15] [WARN] [1790432872.892904881] [controller_server]: RegulatedPurePursuitController detected collision ahead!
[controller_server-15] [WARN] [1790432872.942871871] [controller_server]: RegulatedPurePursuitController detected collision ahead!
[controller_server-15] [WARN] [1790432872.992895240] [controller_server]: RegulatedPurePursuitController detected collision ahead!
[controller_server-15] [WARN] [1790432873.042847766] [controller_server]: RegulatedPurePursuitController detected collision ahead!
[controller_server-15] [INFO] [1790432873.792678120] [controller_server]: Passing new path to controller.
[controller_server-15] [WARN] [1790432873.793119159] [controller_server]: RegulatedPurePursuitController detected collision ahead!
[controller_server-15] [WARN] [1790432873.842881888] [controller_server]: RegulatedPurePursuitController detected collision ahead!
[controller_server-15] [WARN] [1790432874.042908293] [controller_server]: RegulatedPurePursuitController detected collision ahead!
[controller_server-15] [WARN] [1790432874.192897674] [controller_server]: RegulatedPurePursuitController detected collision ahead!
[controller_server-15] [WARN] [1790432874.242875248] [controller_server]: RegulatedPurePursuitController detected collision ahead!
[controller_server-15] [WARN] [1790432874.342854639] [controller_server]: RegulatedPurePursuitController detected collision ahead!
[controller_server-15] [WARN] [1790432874.392873152] [controller_server]: RegulatedPurePursuitController detected collision ahead!
[controller_server-15] [WARN] [1790432874.442819149] [controller_server]: RegulatedPurePursuitController detected collision ahead!
[controller_server-15] [INFO] [1790432874.792768779] [controller_server]: Passing new path to controller.
[controller_server-15] [WARN] [1790432874.842820407] [controller_server]: RegulatedPurePursuitController detected collision ahead!
[controller_server-15] [WARN] [1790432874.992863721] [controller_server]: RegulatedPurePursuitController detected collision ahead!
[controller_server-15] [WARN] [1790432875.042833274] [controller_server]: RegulatedPurePursuitController detected collision ahead!
[controller_server-15] [INFO] [1790432875.842671947] [controller_server]: Passing new path to controller.
[controller_server-15] [INFO] [1790432876.842667005] [controller_server]: Passing new path to controller.
[controller_server-15] [INFO] [1790432877.892666125] [controller_server]: Passing new path to controller.
[controller_server-15] [INFO] [1790432878.892662074] [controller_server]: Passing new path to controller.
[controller_server-15] [INFO] [1790432879.942663837] [controller_server]: Passing new path to controller.
[controller_server-15] [INFO] [1790432880.792695954] [controller_server]: Reached the goal!
[bt_navigator-20] [INFO] [1790432880.820319306] [bt_navigator]: Goal succeeded
[nav_benchmark_runner.py-9] [INFO] [1790432881.827938374] [nav_benchmark_runner]: Saved trial 9 (north_west_turn): SUCCEEDED, error=0.066 m
[bt_navigator-20] [INFO] [1790432881.828824600] [bt_navigator]: Begin navigating from current location (0.25, 0.07) to (3.40, 2.20)
[nav_benchmark_runner.py-9] [INFO] [1790432881.829946738] [nav_benchmark_runner]: Goal 'north_east_corridor' accepted: x=3.40, y=2.20, yaw=0.0000
[controller_server-15] [INFO] [1790432881.849777065] [controller_server]: Received a goal, begin computing control effort.
[collision_monitor-23] [INFO] [1790432882.415861617] [collision_monitor]: Robot to approach for 1.200000 seconds away from collision
[collision_monitor-23] [INFO] [1790432882.555720557] [collision_monitor]: Robot to continue normal operation
[controller_server-15] [WARN] [1790432882.600430887] [controller_server]: RegulatedPurePursuitController detected collision ahead!
[collision_monitor-23] [INFO] [1790432882.615880994] [collision_monitor]: Robot to approach for 1.200000 seconds away from collision
[collision_monitor-23] [INFO] [1790432882.655716972] [collision_monitor]: Robot to continue normal operation
[controller_server-15] [WARN] [1790432882.850326604] [controller_server]: RegulatedPurePursuitController detected collision ahead!
[controller_server-15] [INFO] [1790432882.899973460] [controller_server]: Passing new path to controller.
[controller_server-15] [INFO] [1790432883.899979423] [controller_server]: Passing new path to controller.
[controller_server-15] [INFO] [1790432884.949972530] [controller_server]: Passing new path to controller.
[collision_monitor-23] [INFO] [1790432885.015918624] [collision_monitor]: Robot to approach for 1.200000 seconds away from collision
[collision_monitor-23] [INFO] [1790432885.055728153] [collision_monitor]: Robot to continue normal operation
[collision_monitor-23] [INFO] [1790432885.315835114] [collision_monitor]: Robot to approach for 1.200000 seconds away from collision
[collision_monitor-23] [INFO] [1790432885.355726725] [collision_monitor]: Robot to continue normal operation
[collision_monitor-23] [INFO] [1790432885.415862674] [collision_monitor]: Robot to approach for 1.200000 seconds away from collision
[collision_monitor-23] [INFO] [1790432885.455722430] [collision_monitor]: Robot to continue normal operation
[controller_server-15] [WARN] [1790432885.600244266] [controller_server]: RegulatedPurePursuitController detected collision ahead!
[collision_monitor-23] [INFO] [1790432885.615827469] [collision_monitor]: Robot to approach for 1.200000 seconds away from collision
[collision_monitor-23] [INFO] [1790432885.655782789] [collision_monitor]: Robot to continue normal operation
[controller_server-15] [WARN] [1790432885.800316850] [controller_server]: RegulatedPurePursuitController detected collision ahead!
[controller_server-15] [INFO] [1790432885.999974764] [controller_server]: Passing new path to controller.
[controller_server-15] [WARN] [1790432886.000456008] [controller_server]: RegulatedPurePursuitController detected collision ahead!
[collision_monitor-23] [INFO] [1790432886.415801325] [collision_monitor]: Robot to approach for 1.200000 seconds away from collision
[collision_monitor-23] [INFO] [1790432886.455732956] [collision_monitor]: Robot to continue normal operation
[collision_monitor-23] [INFO] [1790432886.915819458] [collision_monitor]: Robot to approach for 1.200000 seconds away from collision
[collision_monitor-23] [INFO] [1790432886.955743195] [collision_monitor]: Robot to continue normal operation
[controller_server-15] [INFO] [1790432886.999969328] [controller_server]: Passing new path to controller.
[controller_server-15] [WARN] [1790432887.000484730] [controller_server]: RegulatedPurePursuitController detected collision ahead!
[collision_monitor-23] [INFO] [1790432887.115828795] [collision_monitor]: Robot to approach for 1.200000 seconds away from collision
[collision_monitor-23] [INFO] [1790432887.155730871] [collision_monitor]: Robot to continue normal operation
[controller_server-15] [WARN] [1790432887.200361654] [controller_server]: RegulatedPurePursuitController detected collision ahead!
[collision_monitor-23] [INFO] [1790432887.215895719] [collision_monitor]: Robot to approach for 1.200000 seconds away from collision
[collision_monitor-23] [INFO] [1790432887.255742120] [collision_monitor]: Robot to continue normal operation
[collision_monitor-23] [INFO] [1790432887.315819159] [collision_monitor]: Robot to approach for 1.200000 seconds away from collision
[collision_monitor-23] [INFO] [1790432887.355723261] [collision_monitor]: Robot to continue normal operation
[collision_monitor-23] [INFO] [1790432887.415921849] [collision_monitor]: Robot to approach for 1.200000 seconds away from collision
[collision_monitor-23] [INFO] [1790432887.455720539] [collision_monitor]: Robot to continue normal operation
[controller_server-15] [INFO] [1790432888.049965821] [controller_server]: Passing new path to controller.
[controller_server-15] [INFO] [1790432889.049975950] [controller_server]: Passing new path to controller.
[collision_monitor-23] [INFO] [1790432889.515830111] [collision_monitor]: Robot to approach for 1.200000 seconds away from collision
[collision_monitor-23] [INFO] [1790432889.555745391] [collision_monitor]: Robot to continue normal operation
[collision_monitor-23] [INFO] [1790432889.615833675] [collision_monitor]: Robot to approach for 1.200000 seconds away from collision
[collision_monitor-23] [INFO] [1790432889.655757128] [collision_monitor]: Robot to continue normal operation
[controller_server-15] [WARN] [1790432889.800331141] [controller_server]: RegulatedPurePursuitController detected collision ahead!
[controller_server-15] [WARN] [1790432889.900326253] [controller_server]: RegulatedPurePursuitController detected collision ahead!
[controller_server-15] [WARN] [1790432889.950288497] [controller_server]: RegulatedPurePursuitController detected collision ahead!
[controller_server-15] [WARN] [1790432890.000417555] [controller_server]: RegulatedPurePursuitController detected collision ahead!
[controller_server-15] [INFO] [1790432890.099968367] [controller_server]: Passing new path to controller.
[controller_server-15] [WARN] [1790432890.150361640] [controller_server]: RegulatedPurePursuitController detected collision ahead!
[controller_server-15] [WARN] [1790432890.200300157] [controller_server]: RegulatedPurePursuitController detected collision ahead!
[controller_server-15] [WARN] [1790432890.600325778] [controller_server]: RegulatedPurePursuitController detected collision ahead!
[collision_monitor-23] [INFO] [1790432890.615843324] [collision_monitor]: Robot to approach for 1.200000 seconds away from collision
[collision_monitor-23] [INFO] [1790432890.655751134] [collision_monitor]: Robot to continue normal operation
[controller_server-15] [WARN] [1790432890.700333929] [controller_server]: RegulatedPurePursuitController detected collision ahead!
[controller_server-15] [WARN] [1790432890.750291377] [controller_server]: RegulatedPurePursuitController detected collision ahead!
[controller_server-15] [WARN] [1790432890.800337121] [controller_server]: RegulatedPurePursuitController detected collision ahead!
[controller_server-15] [WARN] [1790432890.950370200] [controller_server]: RegulatedPurePursuitController detected collision ahead!
[controller_server-15] [WARN] [1790432891.000305923] [controller_server]: RegulatedPurePursuitController detected collision ahead!
[controller_server-15] [INFO] [1790432891.099963949] [controller_server]: Passing new path to controller.
[controller_server-15] [WARN] [1790432891.100502180] [controller_server]: RegulatedPurePursuitController detected collision ahead!
[controller_server-15] [WARN] [1790432891.150323089] [controller_server]: RegulatedPurePursuitController detected collision ahead!
[controller_server-15] [WARN] [1790432891.200243122] [controller_server]: RegulatedPurePursuitController detected collision ahead!
[controller_server-15] [WARN] [1790432891.300356599] [controller_server]: RegulatedPurePursuitController detected collision ahead!
[controller_server-15] [WARN] [1790432891.350396852] [controller_server]: RegulatedPurePursuitController detected collision ahead!
[controller_server-15] [WARN] [1790432891.400338680] [controller_server]: RegulatedPurePursuitController detected collision ahead!
[collision_monitor-23] [INFO] [1790432891.815830924] [collision_monitor]: Robot to approach for 1.200000 seconds away from collision
[collision_monitor-23] [INFO] [1790432891.855780656] [collision_monitor]: Robot to continue normal operation
[collision_monitor-23] [INFO] [1790432891.915999168] [collision_monitor]: Robot to approach for 1.200000 seconds away from collision
[controller_server-15] [WARN] [1790432891.950602355] [controller_server]: RegulatedPurePursuitController detected collision ahead!
[collision_monitor-23] [INFO] [1790432891.955757777] [collision_monitor]: Robot to continue normal operation
[controller_server-15] [WARN] [1790432892.000311636] [controller_server]: RegulatedPurePursuitController detected collision ahead!
[controller_server-15] [WARN] [1790432892.100414844] [controller_server]: RegulatedPurePursuitController detected collision ahead!
[controller_server-15] [INFO] [1790432892.149967894] [controller_server]: Passing new path to controller.
[controller_server-15] [WARN] [1790432892.150479927] [controller_server]: RegulatedPurePursuitController detected collision ahead!
[controller_server-15] [WARN] [1790432892.200317284] [controller_server]: RegulatedPurePursuitController detected collision ahead!
[controller_server-15] [WARN] [1790432892.300441581] [controller_server]: RegulatedPurePursuitController detected collision ahead!
[controller_server-15] [WARN] [1790432892.350296052] [controller_server]: RegulatedPurePursuitController detected collision ahead!
[controller_server-15] [WARN] [1790432892.400364418] [controller_server]: RegulatedPurePursuitController detected collision ahead!
[collision_monitor-23] [INFO] [1790432893.055791418] [collision_monitor]: Robot to approach for 1.200000 seconds away from collision
[controller_server-15] [INFO] [1790432893.149965615] [controller_server]: Passing new path to controller.
[collision_monitor-23] [INFO] [1790432893.155804438] [collision_monitor]: Robot to continue normal operation
[controller_server-15] [WARN] [1790432893.200322024] [controller_server]: RegulatedPurePursuitController detected collision ahead!
[collision_monitor-23] [INFO] [1790432893.215875035] [collision_monitor]: Robot to approach for 1.200000 seconds away from collision
[collision_monitor-23] [INFO] [1790432893.255766534] [collision_monitor]: Robot to continue normal operation
[collision_monitor-23] [INFO] [1790432893.315833429] [collision_monitor]: Robot to approach for 1.200000 seconds away from collision
[collision_monitor-23] [INFO] [1790432893.355735057] [collision_monitor]: Robot to continue normal operation
[controller_server-15] [WARN] [1790432893.400347435] [controller_server]: RegulatedPurePursuitController detected collision ahead!
[collision_monitor-23] [INFO] [1790432893.415959542] [collision_monitor]: Robot to approach for 1.200000 seconds away from collision
[collision_monitor-23] [INFO] [1790432893.456034408] [collision_monitor]: Robot to continue normal operation
[collision_monitor-23] [INFO] [1790432893.506783327] [collision_monitor]: Robot to approach for 1.200000 seconds away from collision
[controller_server-15] [WARN] [1790432893.600227549] [controller_server]: RegulatedPurePursuitController detected collision ahead!
[collision_monitor-23] [INFO] [1790432893.665943123] [collision_monitor]: Robot to continue normal operation
[collision_monitor-23] [INFO] [1790432893.705753452] [collision_monitor]: Robot to approach for 1.200000 seconds away from collision
[controller_server-15] [WARN] [1790432893.800206856] [controller_server]: RegulatedPurePursuitController detected collision ahead!
[collision_monitor-23] [INFO] [1790432893.865972865] [collision_monitor]: Robot to continue normal operation
[collision_monitor-23] [INFO] [1790432893.905743796] [collision_monitor]: Robot to approach for 1.200000 seconds away from collision
[controller_server-15] [WARN] [1790432894.000240649] [controller_server]: RegulatedPurePursuitController detected collision ahead!
[collision_monitor-23] [INFO] [1790432894.066083253] [collision_monitor]: Robot to continue normal operation
[collision_monitor-23] [INFO] [1790432894.105812779] [collision_monitor]: Robot to approach for 1.200000 seconds away from collision
[controller_server-15] [WARN] [1790432894.150268540] [controller_server]: RegulatedPurePursuitController detected collision ahead!
[controller_server-15] [INFO] [1790432894.199968152] [controller_server]: Passing new path to controller.
[controller_server-15] [WARN] [1790432894.200344174] [controller_server]: RegulatedPurePursuitController detected collision ahead!
[collision_monitor-23] [INFO] [1790432894.205881830] [collision_monitor]: Robot to continue normal operation
[controller_server-15] [WARN] [1790432894.350229702] [controller_server]: RegulatedPurePursuitController detected collision ahead!
[collision_monitor-23] [INFO] [1790432894.366054439] [collision_monitor]: Robot to approach for 1.200000 seconds away from collision
[controller_server-15] [WARN] [1790432894.400285008] [controller_server]: RegulatedPurePursuitController detected collision ahead!
[collision_monitor-23] [INFO] [1790432894.405893915] [collision_monitor]: Robot to continue normal operation
[collision_monitor-23] [INFO] [1790432894.565955945] [collision_monitor]: Robot to approach for 1.200000 seconds away from collision
[controller_server-15] [WARN] [1790432894.600224096] [controller_server]: RegulatedPurePursuitController detected collision ahead!
[collision_monitor-23] [INFO] [1790432894.605830208] [collision_monitor]: Robot to continue normal operation
[collision_monitor-23] [INFO] [1790432894.765918783] [collision_monitor]: Robot to approach for 1.200000 seconds away from collision
[collision_monitor-23] [INFO] [1790432894.805717325] [collision_monitor]: Robot to continue normal operation
[collision_monitor-23] [INFO] [1790432894.865958635] [collision_monitor]: Robot to approach for 1.200000 seconds away from collision
[collision_monitor-23] [INFO] [1790432894.905853854] [collision_monitor]: Robot to continue normal operation
[collision_monitor-23] [INFO] [1790432894.966012667] [collision_monitor]: Robot to approach for 1.200000 seconds away from collision
[collision_monitor-23] [INFO] [1790432895.005895916] [collision_monitor]: Robot to continue normal operation
[collision_monitor-23] [INFO] [1790432895.065965660] [collision_monitor]: Robot to approach for 1.200000 seconds away from collision
[collision_monitor-23] [INFO] [1790432895.105885768] [collision_monitor]: Robot to continue normal operation
[collision_monitor-23] [INFO] [1790432895.165906895] [collision_monitor]: Robot to approach for 1.200000 seconds away from collision
[controller_server-15] [INFO] [1790432895.199970213] [controller_server]: Passing new path to controller.
[controller_server-15] [WARN] [1790432895.200357201] [controller_server]: RegulatedPurePursuitController detected collision ahead!
[collision_monitor-23] [INFO] [1790432895.205725785] [collision_monitor]: Robot to continue normal operation
[collision_monitor-23] [INFO] [1790432895.366096020] [collision_monitor]: Robot to approach for 1.200000 seconds away from collision
[collision_monitor-23] [INFO] [1790432895.405861821] [collision_monitor]: Robot to continue normal operation
[collision_monitor-23] [INFO] [1790432895.466011897] [collision_monitor]: Robot to approach for 1.200000 seconds away from collision
[collision_monitor-23] [INFO] [1790432895.505873398] [collision_monitor]: Robot to continue normal operation
[collision_monitor-23] [INFO] [1790432895.565947054] [collision_monitor]: Robot to approach for 1.200000 seconds away from collision
[controller_server-15] [WARN] [1790432895.600241936] [controller_server]: RegulatedPurePursuitController detected collision ahead!
[collision_monitor-23] [INFO] [1790432895.605735558] [collision_monitor]: Robot to continue normal operation
[collision_monitor-23] [INFO] [1790432895.705744969] [collision_monitor]: Robot to approach for 1.200000 seconds away from collision
[controller_server-15] [WARN] [1790432895.750215678] [controller_server]: RegulatedPurePursuitController detected collision ahead!
[controller_server-15] [WARN] [1790432895.800243365] [controller_server]: RegulatedPurePursuitController detected collision ahead!
[collision_monitor-23] [INFO] [1790432895.805784767] [collision_monitor]: Robot to continue normal operation
[controller_server-15] [WARN] [1790432895.950237993] [controller_server]: RegulatedPurePursuitController detected collision ahead!
[collision_monitor-23] [INFO] [1790432895.965934614] [collision_monitor]: Robot to approach for 1.200000 seconds away from collision
[controller_server-15] [WARN] [1790432896.000523090] [controller_server]: RegulatedPurePursuitController detected collision ahead!
[collision_monitor-23] [INFO] [1790432896.005800212] [collision_monitor]: Robot to continue normal operation
[collision_monitor-23] [INFO] [1790432896.165947776] [collision_monitor]: Robot to approach for 1.200000 seconds away from collision
[controller_server-15] [WARN] [1790432896.200217282] [controller_server]: RegulatedPurePursuitController detected collision ahead!
[controller_server-15] [INFO] [1790432896.249964835] [controller_server]: Passing new path to controller.
[collision_monitor-23] [INFO] [1790432896.266014699] [collision_monitor]: Robot to continue normal operation
[controller_server-15] [WARN] [1790432896.350490903] [controller_server]: RegulatedPurePursuitController detected collision ahead!
[collision_monitor-23] [INFO] [1790432896.366077292] [collision_monitor]: Robot to approach for 1.200000 seconds away from collision
[controller_server-15] [WARN] [1790432896.400231400] [controller_server]: RegulatedPurePursuitController detected collision ahead!
[collision_monitor-23] [INFO] [1790432896.405823769] [collision_monitor]: Robot to continue normal operation
[controller_server-15] [WARN] [1790432896.550207307] [controller_server]: RegulatedPurePursuitController detected collision ahead!
[collision_monitor-23] [INFO] [1790432896.565930259] [collision_monitor]: Robot to approach for 1.200000 seconds away from collision
[controller_server-15] [WARN] [1790432896.600216180] [controller_server]: RegulatedPurePursuitController detected collision ahead!
[collision_monitor-23] [INFO] [1790432896.605750641] [collision_monitor]: Robot to continue normal operation
[controller_server-15] [WARN] [1790432896.800256494] [controller_server]: RegulatedPurePursuitController detected collision ahead!
[controller_server-15] [WARN] [1790432897.150201686] [controller_server]: RegulatedPurePursuitController detected collision ahead!
[controller_server-15] [WARN] [1790432897.200386080] [controller_server]: RegulatedPurePursuitController detected collision ahead!
[controller_server-15] [INFO] [1790432897.249971416] [controller_server]: Passing new path to controller.
[controller_server-15] [WARN] [1790432897.250477639] [controller_server]: RegulatedPurePursuitController detected collision ahead!
[controller_server-15] [WARN] [1790432897.300235581] [controller_server]: RegulatedPurePursuitController detected collision ahead!
[controller_server-15] [WARN] [1790432897.350249674] [controller_server]: RegulatedPurePursuitController detected collision ahead!
[controller_server-15] [WARN] [1790432897.400363097] [controller_server]: RegulatedPurePursuitController detected collision ahead!
[collision_monitor-23] [INFO] [1790432897.805717100] [collision_monitor]: Robot to approach for 1.200000 seconds away from collision
[collision_monitor-23] [INFO] [1790432898.065957906] [collision_monitor]: Robot to continue normal operation
[controller_server-15] [WARN] [1790432898.250304674] [controller_server]: RegulatedPurePursuitController detected collision ahead!
[controller_server-15] [INFO] [1790432898.300014753] [controller_server]: Passing new path to controller.
[controller_server-15] [WARN] [1790432898.300377077] [controller_server]: RegulatedPurePursuitController detected collision ahead!
[controller_server-15] [WARN] [1790432898.350280368] [controller_server]: RegulatedPurePursuitController detected collision ahead!
[controller_server-15] [WARN] [1790432898.400386230] [controller_server]: RegulatedPurePursuitController detected collision ahead!
[collision_monitor-23] [INFO] [1790432898.966020304] [collision_monitor]: Robot to approach for 1.200000 seconds away from collision
[collision_monitor-23] [INFO] [1790432899.005737621] [collision_monitor]: Robot to continue normal operation
[controller_server-15] [INFO] [1790432899.300016173] [controller_server]: Passing new path to controller.
[collision_monitor-23] [INFO] [1790432900.005790945] [collision_monitor]: Robot to approach for 1.200000 seconds away from collision
[collision_monitor-23] [INFO] [1790432900.166086520] [collision_monitor]: Robot to continue normal operation
[controller_server-15] [INFO] [1790432900.349992294] [controller_server]: Passing new path to controller.
[collision_monitor-23] [INFO] [1790432901.065928630] [collision_monitor]: Robot to approach for 1.200000 seconds away from collision
[collision_monitor-23] [INFO] [1790432901.105745821] [collision_monitor]: Robot to continue normal operation
[controller_server-15] [INFO] [1790432901.350038225] [controller_server]: Passing new path to controller.
[collision_monitor-23] [INFO] [1790432901.665922515] [collision_monitor]: Robot to approach for 1.200000 seconds away from collision
[controller_server-15] [WARN] [1790432901.700268166] [controller_server]: RegulatedPurePursuitController detected collision ahead!
[collision_monitor-23] [INFO] [1790432901.765963186] [collision_monitor]: Robot to continue normal operation
[controller_server-15] [WARN] [1790432902.200428342] [controller_server]: RegulatedPurePursuitController detected collision ahead!
[controller_server-15] [INFO] [1790432902.399976918] [controller_server]: Passing new path to controller.
[collision_monitor-23] [INFO] [1790432902.676002753] [collision_monitor]: Robot to approach for 1.200000 seconds away from collision
[collision_monitor-23] [INFO] [1790432902.705709786] [collision_monitor]: Robot to continue normal operation
[controller_server-15] [WARN] [1790432903.100268846] [controller_server]: RegulatedPurePursuitController detected collision ahead!
[controller_server-15] [WARN] [1790432903.150283732] [controller_server]: RegulatedPurePursuitController detected collision ahead!
[controller_server-15] [WARN] [1790432903.200303297] [controller_server]: RegulatedPurePursuitController detected collision ahead!
[controller_server-15] [WARN] [1790432903.300311763] [controller_server]: RegulatedPurePursuitController detected collision ahead!
[controller_server-15] [WARN] [1790432903.350308487] [controller_server]: RegulatedPurePursuitController detected collision ahead!
[controller_server-15] [INFO] [1790432903.399977401] [controller_server]: Passing new path to controller.
[controller_server-15] [WARN] [1790432903.400771466] [controller_server]: RegulatedPurePursuitController detected collision ahead!
[collision_monitor-23] [INFO] [1790432903.775952992] [collision_monitor]: Robot to approach for 1.200000 seconds away from collision
[controller_server-15] [WARN] [1790432904.000274841] [controller_server]: RegulatedPurePursuitController detected collision ahead!
[collision_monitor-23] [INFO] [1790432904.065897653] [collision_monitor]: Robot to continue normal operation
[collision_monitor-23] [INFO] [1790432904.105735371] [collision_monitor]: Robot to approach for 1.200000 seconds away from collision
[controller_server-15] [WARN] [1790432904.200298078] [controller_server]: RegulatedPurePursuitController detected collision ahead!
[collision_monitor-23] [INFO] [1790432904.205691248] [collision_monitor]: Robot to continue normal operation
[collision_monitor-23] [INFO] [1790432904.365880957] [collision_monitor]: Robot to approach for 1.200000 seconds away from collision
[controller_server-15] [WARN] [1790432904.400302594] [controller_server]: RegulatedPurePursuitController detected collision ahead!
[controller_server-15] [INFO] [1790432904.449976612] [controller_server]: Passing new path to controller.
[collision_monitor-23] [INFO] [1790432904.465857020] [collision_monitor]: Robot to continue normal operation
[collision_monitor-23] [INFO] [1790432904.505762982] [collision_monitor]: Robot to approach for 1.200000 seconds away from collision
[controller_server-15] [WARN] [1790432904.600287970] [controller_server]: RegulatedPurePursuitController detected collision ahead!
[collision_monitor-23] [INFO] [1790432904.606758936] [collision_monitor]: Robot to continue normal operation
[collision_monitor-23] [INFO] [1790432904.775967832] [collision_monitor]: Robot to approach for 1.200000 seconds away from collision
[controller_server-15] [WARN] [1790432904.800326853] [controller_server]: RegulatedPurePursuitController detected collision ahead!
[collision_monitor-23] [INFO] [1790432904.805758161] [collision_monitor]: Robot to continue normal operation
[collision_monitor-23] [INFO] [1790432904.965908753] [collision_monitor]: Robot to approach for 1.200000 seconds away from collision
[controller_server-15] [WARN] [1790432905.000250341] [controller_server]: RegulatedPurePursuitController detected collision ahead!
[collision_monitor-23] [INFO] [1790432905.005742123] [collision_monitor]: Robot to continue normal operation
[collision_monitor-23] [INFO] [1790432905.165846735] [collision_monitor]: Robot to approach for 1.200000 seconds away from collision
[controller_server-15] [WARN] [1790432905.200336198] [controller_server]: RegulatedPurePursuitController detected collision ahead!
[collision_monitor-23] [INFO] [1790432905.205729276] [collision_monitor]: Robot to continue normal operation
[collision_monitor-23] [INFO] [1790432905.365857427] [collision_monitor]: Robot to approach for 1.200000 seconds away from collision
[controller_server-15] [WARN] [1790432905.400280183] [controller_server]: RegulatedPurePursuitController detected collision ahead!
[collision_monitor-23] [INFO] [1790432905.405755405] [collision_monitor]: Robot to continue normal operation
[controller_server-15] [INFO] [1790432905.449973419] [controller_server]: Passing new path to controller.
[collision_monitor-23] [INFO] [1790432905.566065307] [collision_monitor]: Robot to approach for 1.200000 seconds away from collision
[controller_server-15] [WARN] [1790432905.600230804] [controller_server]: RegulatedPurePursuitController detected collision ahead!
[collision_monitor-23] [INFO] [1790432905.605770008] [collision_monitor]: Robot to continue normal operation
[collision_monitor-23] [INFO] [1790432905.705713677] [collision_monitor]: Robot to approach for 1.200000 seconds away from collision
[collision_monitor-23] [INFO] [1790432905.805840981] [collision_monitor]: Robot to continue normal operation
[collision_monitor-23] [INFO] [1790432905.875955604] [collision_monitor]: Robot to approach for 1.200000 seconds away from collision
[collision_monitor-23] [INFO] [1790432905.905752658] [collision_monitor]: Robot to continue normal operation
[collision_monitor-23] [INFO] [1790432905.975910658] [collision_monitor]: Robot to approach for 1.200000 seconds away from collision
[collision_monitor-23] [INFO] [1790432906.005691560] [collision_monitor]: Robot to continue normal operation
[collision_monitor-23] [INFO] [1790432906.066202912] [collision_monitor]: Robot to approach for 1.200000 seconds away from collision
[collision_monitor-23] [INFO] [1790432906.105735415] [collision_monitor]: Robot to continue normal operation
[collision_monitor-23] [INFO] [1790432906.165885921] [collision_monitor]: Robot to approach for 1.200000 seconds away from collision
[collision_monitor-23] [INFO] [1790432906.205728907] [collision_monitor]: Robot to continue normal operation
[controller_server-15] [INFO] [1790432906.499975530] [controller_server]: Passing new path to controller.
[controller_server-15] [INFO] [1790432907.499994628] [controller_server]: Passing new path to controller.
[controller_server-15] [INFO] [1790432908.500050419] [controller_server]: Passing new path to controller.
[controller_server-15] [INFO] [1790432909.549974707] [controller_server]: Passing new path to controller.
[controller_server-15] [INFO] [1790432910.549962856] [controller_server]: Passing new path to controller.
[controller_server-15] [INFO] [1790432911.599965799] [controller_server]: Passing new path to controller.
[controller_server-15] [INFO] [1790432912.599962760] [controller_server]: Passing new path to controller.
[controller_server-15] [INFO] [1790432913.049982639] [controller_server]: Reached the goal!
[bt_navigator-20] [INFO] [1790432913.079435770] [bt_navigator]: Goal succeeded
[bt_navigator-20] [INFO] [1790432914.080606265] [bt_navigator]: Begin navigating from current location (3.41, 2.13) to (0.30, 0.00)
[nav_benchmark_runner.py-9] [INFO] [1790432914.081759735] [nav_benchmark_runner]: Goal 'return_to_start' accepted: x=0.30, y=0.00, yaw=0.0000
[controller_server-15] [INFO] [1790432914.101354831] [controller_server]: Received a goal, begin computing control effort.
[controller_server-15] [INFO] [1790432915.151516195] [controller_server]: Passing new path to controller.
[controller_server-15] [INFO] [1790432916.201525623] [controller_server]: Passing new path to controller.
[controller_server-15] [INFO] [1790432917.201661179] [controller_server]: Passing new path to controller.
[controller_server-15] [INFO] [1790432918.251517817] [controller_server]: Passing new path to controller.
[collision_monitor-23] [INFO] [1790432918.376086461] [collision_monitor]: Robot to approach for 1.200000 seconds away from collision
[collision_monitor-23] [INFO] [1790432918.415827147] [collision_monitor]: Robot to continue normal operation
[collision_monitor-23] [INFO] [1790432918.476248229] [collision_monitor]: Robot to approach for 1.200000 seconds away from collision
[collision_monitor-23] [INFO] [1790432918.515811154] [collision_monitor]: Robot to continue normal operation
[collision_monitor-23] [INFO] [1790432918.576003416] [collision_monitor]: Robot to approach for 1.200000 seconds away from collision
[collision_monitor-23] [INFO] [1790432918.615815137] [collision_monitor]: Robot to continue normal operation
[collision_monitor-23] [INFO] [1790432918.676018714] [collision_monitor]: Robot to approach for 1.200000 seconds away from collision
[controller_server-15] [WARN] [1790432918.801940925] [controller_server]: RegulatedPurePursuitController detected collision ahead!
[collision_monitor-23] [INFO] [1790432918.875962840] [collision_monitor]: Robot to continue normal operation
[collision_monitor-23] [INFO] [1790432918.915913208] [collision_monitor]: Robot to approach for 1.200000 seconds away from collision
[controller_server-15] [WARN] [1790432919.001962161] [controller_server]: RegulatedPurePursuitController detected collision ahead!
[collision_monitor-23] [INFO] [1790432919.076009679] [collision_monitor]: Robot to continue normal operation
[collision_monitor-23] [INFO] [1790432919.115794240] [collision_monitor]: Robot to approach for 1.200000 seconds away from collision
[controller_server-15] [WARN] [1790432919.151773614] [controller_server]: RegulatedPurePursuitController detected collision ahead!
[controller_server-15] [WARN] [1790432919.201947476] [controller_server]: RegulatedPurePursuitController detected collision ahead!
[collision_monitor-23] [INFO] [1790432919.215797270] [collision_monitor]: Robot to continue normal operation
[controller_server-15] [INFO] [1790432919.251524777] [controller_server]: Passing new path to controller.
[controller_server-15] [WARN] [1790432919.351805099] [controller_server]: RegulatedPurePursuitController detected collision ahead!
[collision_monitor-23] [INFO] [1790432919.375972042] [collision_monitor]: Robot to approach for 1.200000 seconds away from collision
[controller_server-15] [WARN] [1790432919.401879150] [controller_server]: RegulatedPurePursuitController detected collision ahead!
[collision_monitor-23] [INFO] [1790432919.415889661] [collision_monitor]: Robot to continue normal operation
[controller_server-15] [WARN] [1790432919.551771486] [controller_server]: RegulatedPurePursuitController detected collision ahead!
[collision_monitor-23] [INFO] [1790432919.575988579] [collision_monitor]: Robot to approach for 1.200000 seconds away from collision
[controller_server-15] [WARN] [1790432919.601970283] [controller_server]: RegulatedPurePursuitController detected collision ahead!
[collision_monitor-23] [INFO] [1790432919.615955091] [collision_monitor]: Robot to continue normal operation
[collision_monitor-23] [INFO] [1790432919.775989331] [collision_monitor]: Robot to approach for 1.200000 seconds away from collision
[controller_server-15] [WARN] [1790432919.801946239] [controller_server]: RegulatedPurePursuitController detected collision ahead!
[collision_monitor-23] [INFO] [1790432919.876209445] [collision_monitor]: Robot to continue normal operation
[collision_monitor-23] [INFO] [1790432919.915924089] [collision_monitor]: Robot to approach for 1.200000 seconds away from collision
[controller_server-15] [WARN] [1790432920.001929804] [controller_server]: RegulatedPurePursuitController detected collision ahead!
[collision_monitor-23] [INFO] [1790432920.075922746] [collision_monitor]: Robot to continue normal operation
[collision_monitor-23] [INFO] [1790432920.115836605] [collision_monitor]: Robot to approach for 1.200000 seconds away from collision
[controller_server-15] [WARN] [1790432920.201990754] [controller_server]: RegulatedPurePursuitController detected collision ahead!
[collision_monitor-23] [INFO] [1790432920.255815409] [collision_monitor]: Robot to continue normal operation
[controller_server-15] [INFO] [1790432920.301521860] [controller_server]: Passing new path to controller.
[collision_monitor-23] [INFO] [1790432920.315934434] [collision_monitor]: Robot to approach for 1.200000 seconds away from collision
[controller_server-15] [WARN] [1790432920.401979273] [controller_server]: RegulatedPurePursuitController detected collision ahead!
[collision_monitor-23] [INFO] [1790432920.416291686] [collision_monitor]: Robot to continue normal operation
[collision_monitor-23] [INFO] [1790432920.555829479] [collision_monitor]: Robot to approach for 1.200000 seconds away from collision
[controller_server-15] [WARN] [1790432920.601999222] [controller_server]: RegulatedPurePursuitController detected collision ahead!
[collision_monitor-23] [INFO] [1790432920.655817033] [collision_monitor]: Robot to continue normal operation
[collision_monitor-23] [INFO] [1790432920.715943671] [collision_monitor]: Robot to approach for 1.200000 seconds away from collision
[controller_server-15] [WARN] [1790432920.801990884] [controller_server]: RegulatedPurePursuitController detected collision ahead!
[collision_monitor-23] [INFO] [1790432920.815971317] [collision_monitor]: Robot to continue normal operation
[collision_monitor-23] [INFO] [1790432920.955812174] [collision_monitor]: Robot to approach for 1.200000 seconds away from collision
[controller_server-15] [WARN] [1790432921.002205561] [controller_server]: RegulatedPurePursuitController detected collision ahead!
[collision_monitor-23] [INFO] [1790432921.015820513] [collision_monitor]: Robot to continue normal operation
[controller_server-15] [WARN] [1790432921.152087937] [controller_server]: RegulatedPurePursuitController detected collision ahead!
[collision_monitor-23] [INFO] [1790432921.156290876] [collision_monitor]: Robot to approach for 1.200000 seconds away from collision
[controller_server-15] [WARN] [1790432921.202151474] [controller_server]: RegulatedPurePursuitController detected collision ahead!
[collision_monitor-23] [INFO] [1790432921.227578293] [collision_monitor]: Robot to continue normal operation
[controller_server-15] [INFO] [1790432921.301783335] [controller_server]: Passing new path to controller.
[collision_monitor-23] [INFO] [1790432921.466176094] [collision_monitor]: Robot to approach for 1.200000 seconds away from collision
[collision_monitor-23] [INFO] [1790432921.506312290] [collision_monitor]: Robot to continue normal operation
[controller_server-15] [WARN] [1790432921.551799419] [controller_server]: RegulatedPurePursuitController detected collision ahead!
[collision_monitor-23] [INFO] [1790432921.565995144] [collision_monitor]: Robot to approach for 1.200000 seconds away from collision
[controller_server-15] [WARN] [1790432921.602385755] [controller_server]: RegulatedPurePursuitController detected collision ahead!
[collision_monitor-23] [INFO] [1790432921.605942335] [collision_monitor]: Robot to continue normal operation
[collision_monitor-23] [INFO] [1790432921.865971392] [collision_monitor]: Robot to approach for 1.200000 seconds away from collision
[controller_server-15] [WARN] [1790432921.902001246] [controller_server]: RegulatedPurePursuitController detected collision ahead!
[controller_server-15] [WARN] [1790432921.951980408] [controller_server]: RegulatedPurePursuitController detected collision ahead!
[collision_monitor-23] [INFO] [1790432921.966006197] [collision_monitor]: Robot to continue normal operation
[controller_server-15] [WARN] [1790432922.001942383] [controller_server]: RegulatedPurePursuitController detected collision ahead!
[collision_monitor-23] [INFO] [1790432922.265936363] [collision_monitor]: Robot to approach for 1.200000 seconds away from collision
[controller_server-15] [WARN] [1790432922.302027431] [controller_server]: RegulatedPurePursuitController detected collision ahead!
[collision_monitor-23] [INFO] [1790432922.305804155] [collision_monitor]: Robot to continue normal operation
[controller_server-15] [INFO] [1790432922.351540355] [controller_server]: Passing new path to controller.
[controller_server-15] [WARN] [1790432922.351997708] [controller_server]: RegulatedPurePursuitController detected collision ahead!
[controller_server-15] [WARN] [1790432922.551798001] [controller_server]: RegulatedPurePursuitController detected collision ahead!
[controller_server-15] [WARN] [1790432922.601997023] [controller_server]: RegulatedPurePursuitController detected collision ahead!
[collision_monitor-23] [INFO] [1790432923.005853044] [collision_monitor]: Robot to approach for 1.200000 seconds away from collision
[collision_monitor-23] [INFO] [1790432923.165947939] [collision_monitor]: Robot to continue normal operation
[controller_server-15] [INFO] [1790432923.351520764] [controller_server]: Passing new path to controller.
[controller_server-15] [INFO] [1790432924.401911012] [controller_server]: Passing new path to controller.
[controller_server-15] [INFO] [1790432925.401595404] [controller_server]: Passing new path to controller.
[controller_server-15] [WARN] [1790432925.702463655] [controller_server]: RegulatedPurePursuitController detected collision ahead!
[controller_server-15] [WARN] [1790432925.751798796] [controller_server]: RegulatedPurePursuitController detected collision ahead!
[controller_server-15] [WARN] [1790432925.802209837] [controller_server]: RegulatedPurePursuitController detected collision ahead!
[controller_server-15] [WARN] [1790432926.401997740] [controller_server]: RegulatedPurePursuitController detected collision ahead!
[controller_server-15] [INFO] [1790432926.451530748] [controller_server]: Passing new path to controller.
[collision_monitor-23] [INFO] [1790432927.066036542] [collision_monitor]: Robot to approach for 1.200000 seconds away from collision
[collision_monitor-23] [INFO] [1790432927.105822306] [collision_monitor]: Robot to continue normal operation
[controller_server-15] [WARN] [1790432927.402364569] [controller_server]: RegulatedPurePursuitController detected collision ahead!
[controller_server-15] [INFO] [1790432927.451563297] [controller_server]: Passing new path to controller.
[collision_monitor-23] [INFO] [1790432927.966032755] [collision_monitor]: Robot to approach for 1.200000 seconds away from collision
[collision_monitor-23] [INFO] [1790432928.005765701] [collision_monitor]: Robot to continue normal operation
[collision_monitor-23] [INFO] [1790432928.065964664] [collision_monitor]: Robot to approach for 1.200000 seconds away from collision
[controller_server-15] [WARN] [1790432928.202261889] [controller_server]: RegulatedPurePursuitController detected collision ahead!
[collision_monitor-23] [INFO] [1790432928.266015263] [collision_monitor]: Robot to continue normal operation
[collision_monitor-23] [INFO] [1790432928.305715913] [collision_monitor]: Robot to approach for 1.200000 seconds away from collision
[controller_server-15] [WARN] [1790432928.402076273] [controller_server]: RegulatedPurePursuitController detected collision ahead!
[collision_monitor-23] [INFO] [1790432928.466419557] [collision_monitor]: Robot to continue normal operation
[controller_server-15] [INFO] [1790432928.501736597] [controller_server]: Passing new path to controller.
[collision_monitor-23] [INFO] [1790432928.505832795] [collision_monitor]: Robot to approach for 1.200000 seconds away from collision
[controller_server-15] [WARN] [1790432928.602207752] [controller_server]: RegulatedPurePursuitController detected collision ahead!
[collision_monitor-23] [INFO] [1790432928.665991578] [collision_monitor]: Robot to continue normal operation
[collision_monitor-23] [INFO] [1790432928.705732110] [collision_monitor]: Robot to approach for 1.200000 seconds away from collision
[controller_server-15] [WARN] [1790432928.801964304] [controller_server]: RegulatedPurePursuitController detected collision ahead!
[collision_monitor-23] [INFO] [1790432928.866274481] [collision_monitor]: Robot to continue normal operation
[controller_server-15] [WARN] [1790432928.951897014] [controller_server]: RegulatedPurePursuitController detected collision ahead!
[collision_monitor-23] [INFO] [1790432928.966035452] [collision_monitor]: Robot to approach for 1.200000 seconds away from collision
[controller_server-15] [WARN] [1790432929.001966147] [controller_server]: RegulatedPurePursuitController detected collision ahead!
[collision_monitor-23] [INFO] [1790432929.005783513] [collision_monitor]: Robot to continue normal operation
[controller_server-15] [WARN] [1790432929.151759800] [controller_server]: RegulatedPurePursuitController detected collision ahead!
[collision_monitor-23] [INFO] [1790432929.165957288] [collision_monitor]: Robot to approach for 1.200000 seconds away from collision
[controller_server-15] [WARN] [1790432929.202001385] [controller_server]: RegulatedPurePursuitController detected collision ahead!
[collision_monitor-23] [INFO] [1790432929.205789207] [collision_monitor]: Robot to continue normal operation
[collision_monitor-23] [INFO] [1790432929.366231534] [collision_monitor]: Robot to approach for 1.200000 seconds away from collision
[controller_server-15] [WARN] [1790432929.402124487] [controller_server]: RegulatedPurePursuitController detected collision ahead!
[collision_monitor-23] [INFO] [1790432929.405840019] [collision_monitor]: Robot to continue normal operation
[controller_server-15] [INFO] [1790432929.501616070] [controller_server]: Passing new path to controller.
[collision_monitor-23] [INFO] [1790432929.506597050] [collision_monitor]: Robot to approach for 1.200000 seconds away from collision
[collision_monitor-23] [INFO] [1790432929.605790535] [collision_monitor]: Robot to continue normal operation
[controller_server-15] [WARN] [1790432929.902328767] [controller_server]: RegulatedPurePursuitController detected collision ahead!
[controller_server-15] [WARN] [1790432929.951938955] [controller_server]: RegulatedPurePursuitController detected collision ahead!
[controller_server-15] [WARN] [1790432930.002299271] [controller_server]: RegulatedPurePursuitController detected collision ahead!
[controller_server-15] [WARN] [1790432930.151771021] [controller_server]: RegulatedPurePursuitController detected collision ahead!
[controller_server-15] [WARN] [1790432930.201952332] [controller_server]: RegulatedPurePursuitController detected collision ahead!
[collision_monitor-23] [INFO] [1790432930.475919267] [collision_monitor]: Robot to approach for 1.200000 seconds away from collision
[collision_monitor-23] [INFO] [1790432930.515824414] [collision_monitor]: Robot to continue normal operation
[controller_server-15] [INFO] [1790432930.551515628] [controller_server]: Passing new path to controller.
[collision_monitor-23] [INFO] [1790432930.576014106] [collision_monitor]: Robot to approach for 1.200000 seconds away from collision
[controller_server-15] [WARN] [1790432930.601911502] [controller_server]: RegulatedPurePursuitController detected collision ahead!
[collision_monitor-23] [INFO] [1790432930.615807711] [collision_monitor]: Robot to continue normal operation
[collision_monitor-23] [INFO] [1790432930.775915395] [collision_monitor]: Robot to approach for 1.200000 seconds away from collision
[controller_server-15] [WARN] [1790432930.802247922] [controller_server]: RegulatedPurePursuitController detected collision ahead!
[collision_monitor-23] [INFO] [1790432930.816027980] [collision_monitor]: Robot to continue normal operation
[collision_monitor-23] [INFO] [1790432930.975931578] [collision_monitor]: Robot to approach for 1.200000 seconds away from collision
[controller_server-15] [WARN] [1790432931.002388005] [controller_server]: RegulatedPurePursuitController detected collision ahead!
[collision_monitor-23] [INFO] [1790432931.015815451] [collision_monitor]: Robot to continue normal operation
[collision_monitor-23] [INFO] [1790432931.175916908] [collision_monitor]: Robot to approach for 1.200000 seconds away from collision
[controller_server-15] [WARN] [1790432931.202088164] [controller_server]: RegulatedPurePursuitController detected collision ahead!
[collision_monitor-23] [INFO] [1790432931.215919101] [collision_monitor]: Robot to continue normal operation
[controller_server-15] [WARN] [1790432931.401959302] [controller_server]: RegulatedPurePursuitController detected collision ahead!
[controller_server-15] [INFO] [1790432931.551517676] [controller_server]: Passing new path to controller.
[collision_monitor-23] [INFO] [1790432931.575934092] [collision_monitor]: Robot to approach for 1.200000 seconds away from collision
[controller_server-15] [WARN] [1790432931.602027681] [controller_server]: RegulatedPurePursuitController detected collision ahead!
[collision_monitor-23] [INFO] [1790432931.615798133] [collision_monitor]: Robot to continue normal operation
[collision_monitor-23] [INFO] [1790432931.755725104] [collision_monitor]: Robot to approach for 1.200000 seconds away from collision
[controller_server-15] [WARN] [1790432931.802311878] [controller_server]: RegulatedPurePursuitController detected collision ahead!
[collision_monitor-23] [INFO] [1790432931.815895497] [collision_monitor]: Robot to continue normal operation
[collision_monitor-23] [INFO] [1790432931.955715327] [collision_monitor]: Robot to approach for 1.200000 seconds away from collision
[controller_server-15] [WARN] [1790432932.001864662] [controller_server]: RegulatedPurePursuitController detected collision ahead!
[collision_monitor-23] [INFO] [1790432932.015795580] [collision_monitor]: Robot to continue normal operation
[collision_monitor-23] [INFO] [1790432932.255763126] [collision_monitor]: Robot to approach for 1.200000 seconds away from collision
[collision_monitor-23] [INFO] [1790432932.315844169] [collision_monitor]: Robot to continue normal operation
[controller_server-15] [WARN] [1790432932.451813188] [controller_server]: RegulatedPurePursuitController detected collision ahead!
[collision_monitor-23] [INFO] [1790432932.455731867] [collision_monitor]: Robot to approach for 1.200000 seconds away from collision
[controller_server-15] [WARN] [1790432932.502175407] [controller_server]: RegulatedPurePursuitController detected collision ahead!
[collision_monitor-23] [INFO] [1790432932.515954274] [collision_monitor]: Robot to continue normal operation
[controller_server-15] [INFO] [1790432932.551528099] [controller_server]: Passing new path to controller.
[controller_server-15] [WARN] [1790432932.602092797] [controller_server]: RegulatedPurePursuitController detected collision ahead!
[controller_server-15] [WARN] [1790432932.751786205] [controller_server]: RegulatedPurePursuitController detected collision ahead!
[collision_monitor-23] [INFO] [1790432932.755761737] [collision_monitor]: Robot to approach for 1.200000 seconds away from collision
[controller_server-15] [WARN] [1790432932.802020190] [controller_server]: RegulatedPurePursuitController detected collision ahead!
[collision_monitor-23] [INFO] [1790432932.815865619] [collision_monitor]: Robot to continue normal operation
[collision_monitor-23] [INFO] [1790432932.955736694] [collision_monitor]: Robot to approach for 1.200000 seconds away from collision
[collision_monitor-23] [INFO] [1790432933.015838723] [collision_monitor]: Robot to continue normal operation
[collision_monitor-23] [INFO] [1790432933.055868644] [collision_monitor]: Robot to approach for 1.200000 seconds away from collision
[collision_monitor-23] [INFO] [1790432933.115757040] [collision_monitor]: Robot to continue normal operation
[controller_server-15] [WARN] [1790432933.151832392] [controller_server]: RegulatedPurePursuitController detected collision ahead!
[collision_monitor-23] [INFO] [1790432933.155730318] [collision_monitor]: Robot to approach for 1.200000 seconds away from collision
[controller_server-15] [WARN] [1790432933.201992353] [controller_server]: RegulatedPurePursuitController detected collision ahead!
[collision_monitor-23] [INFO] [1790432933.215849758] [collision_monitor]: Robot to continue normal operation
[controller_server-15] [WARN] [1790432933.351905519] [controller_server]: RegulatedPurePursuitController detected collision ahead!
[collision_monitor-23] [INFO] [1790432933.355743169] [collision_monitor]: Robot to approach for 1.200000 seconds away from collision
[controller_server-15] [WARN] [1790432933.402321388] [controller_server]: RegulatedPurePursuitController detected collision ahead!
[collision_monitor-23] [INFO] [1790432933.416068999] [collision_monitor]: Robot to continue normal operation
[controller_server-15] [WARN] [1790432933.551824150] [controller_server]: RegulatedPurePursuitController detected collision ahead!
[collision_monitor-23] [INFO] [1790432933.555784028] [collision_monitor]: Robot to approach for 1.200000 seconds away from collision
[controller_server-15] [INFO] [1790432933.601542417] [controller_server]: Passing new path to controller.
[controller_server-15] [WARN] [1790432933.602108712] [controller_server]: RegulatedPurePursuitController detected collision ahead!
[collision_monitor-23] [INFO] [1790432933.615841167] [collision_monitor]: Robot to continue normal operation
[controller_server-15] [WARN] [1790432933.701947198] [controller_server]: RegulatedPurePursuitController detected collision ahead!
[controller_server-15] [WARN] [1790432933.751800194] [controller_server]: RegulatedPurePursuitController detected collision ahead!
[controller_server-15] [WARN] [1790432933.801993120] [controller_server]: RegulatedPurePursuitController detected collision ahead!
[controller_server-15] [WARN] [1790432933.951940440] [controller_server]: RegulatedPurePursuitController detected collision ahead!
[controller_server-15] [WARN] [1790432934.002527285] [controller_server]: RegulatedPurePursuitController detected collision ahead!
[collision_monitor-23] [INFO] [1790432934.255817495] [collision_monitor]: Robot to approach for 1.200000 seconds away from collision
[collision_monitor-23] [INFO] [1790432934.315791017] [collision_monitor]: Robot to continue normal operation
[controller_server-15] [WARN] [1790432934.351923688] [controller_server]: RegulatedPurePursuitController detected collision ahead!
[collision_monitor-23] [INFO] [1790432934.355807775] [collision_monitor]: Robot to approach for 1.200000 seconds away from collision
[controller_server-15] [WARN] [1790432934.401904370] [controller_server]: RegulatedPurePursuitController detected collision ahead!
[collision_monitor-23] [INFO] [1790432934.415824670] [collision_monitor]: Robot to continue normal operation
[controller_server-15] [WARN] [1790432934.551900546] [controller_server]: RegulatedPurePursuitController detected collision ahead!
[collision_monitor-23] [INFO] [1790432934.555724567] [collision_monitor]: Robot to approach for 1.200000 seconds away from collision
[controller_server-15] [INFO] [1790432934.601600037] [controller_server]: Passing new path to controller.
[controller_server-15] [WARN] [1790432934.602096767] [controller_server]: RegulatedPurePursuitController detected collision ahead!
[collision_monitor-23] [INFO] [1790432934.615808233] [collision_monitor]: Robot to continue normal operation
[controller_server-15] [WARN] [1790432934.751792125] [controller_server]: RegulatedPurePursuitController detected collision ahead!
[collision_monitor-23] [INFO] [1790432934.755726709] [collision_monitor]: Robot to approach for 1.200000 seconds away from collision
[controller_server-15] [WARN] [1790432934.801873732] [controller_server]: RegulatedPurePursuitController detected collision ahead!
[collision_monitor-23] [INFO] [1790432934.815950551] [collision_monitor]: Robot to continue normal operation
[controller_server-15] [WARN] [1790432934.951807397] [controller_server]: RegulatedPurePursuitController detected collision ahead!
[collision_monitor-23] [INFO] [1790432934.955741213] [collision_monitor]: Robot to approach for 1.200000 seconds away from collision
[controller_server-15] [WARN] [1790432935.001891588] [controller_server]: RegulatedPurePursuitController detected collision ahead!
[collision_monitor-23] [INFO] [1790432935.015938758] [collision_monitor]: Robot to continue normal operation
[collision_monitor-23] [INFO] [1790432935.155723549] [collision_monitor]: Robot to approach for 1.200000 seconds away from collision
[controller_server-15] [WARN] [1790432935.201899301] [controller_server]: RegulatedPurePursuitController detected collision ahead!
[collision_monitor-23] [INFO] [1790432935.255722866] [collision_monitor]: Robot to continue normal operation
[collision_monitor-23] [INFO] [1790432935.315821607] [collision_monitor]: Robot to approach for 1.200000 seconds away from collision
[collision_monitor-23] [INFO] [1790432935.355833095] [collision_monitor]: Robot to continue normal operation
[controller_server-15] [WARN] [1790432935.403079551] [controller_server]: RegulatedPurePursuitController detected collision ahead!
[controller_server-15] [WARN] [1790432935.451899026] [controller_server]: RegulatedPurePursuitController detected collision ahead!
[controller_server-15] [WARN] [1790432935.501868128] [controller_server]: RegulatedPurePursuitController detected collision ahead!
[controller_server-15] [WARN] [1790432935.551724013] [controller_server]: RegulatedPurePursuitController detected collision ahead!
[controller_server-15] [WARN] [1790432935.601805284] [controller_server]: RegulatedPurePursuitController detected collision ahead!
[controller_server-15] [INFO] [1790432935.651515126] [controller_server]: Passing new path to controller.
[controller_server-15] [WARN] [1790432936.151710743] [controller_server]: RegulatedPurePursuitController detected collision ahead!
[collision_monitor-23] [INFO] [1790432936.155729608] [collision_monitor]: Robot to approach for 1.200000 seconds away from collision
[controller_server-15] [WARN] [1790432936.201818570] [controller_server]: RegulatedPurePursuitController detected collision ahead!
[collision_monitor-23] [INFO] [1790432936.216001411] [collision_monitor]: Robot to continue normal operation
[controller_server-15] [WARN] [1790432936.351748692] [controller_server]: RegulatedPurePursuitController detected collision ahead!
[collision_monitor-23] [INFO] [1790432936.355876443] [collision_monitor]: Robot to approach for 1.200000 seconds away from collision
[controller_server-15] [WARN] [1790432936.401849883] [controller_server]: RegulatedPurePursuitController detected collision ahead!
[collision_monitor-23] [INFO] [1790432936.415916226] [collision_monitor]: Robot to continue normal operation
[collision_monitor-23] [INFO] [1790432936.555726792] [collision_monitor]: Robot to approach for 1.200000 seconds away from collision
[controller_server-15] [WARN] [1790432936.601902709] [controller_server]: RegulatedPurePursuitController detected collision ahead!
[collision_monitor-23] [INFO] [1790432936.615789553] [collision_monitor]: Robot to continue normal operation
[controller_server-15] [INFO] [1790432936.651667045] [controller_server]: Passing new path to controller.
[collision_monitor-23] [INFO] [1790432936.755732543] [collision_monitor]: Robot to approach for 1.200000 seconds away from collision
[controller_server-15] [WARN] [1790432936.801808933] [controller_server]: RegulatedPurePursuitController detected collision ahead!
[collision_monitor-23] [INFO] [1790432936.815835604] [collision_monitor]: Robot to continue normal operation
[collision_monitor-23] [INFO] [1790432936.955758618] [collision_monitor]: Robot to approach for 1.200000 seconds away from collision
[collision_monitor-23] [INFO] [1790432937.015825396] [collision_monitor]: Robot to continue normal operation
[collision_monitor-23] [INFO] [1790432937.055773339] [collision_monitor]: Robot to approach for 1.200000 seconds away from collision
[collision_monitor-23] [INFO] [1790432937.115832113] [collision_monitor]: Robot to continue normal operation
[collision_monitor-23] [INFO] [1790432937.155751351] [collision_monitor]: Robot to approach for 1.200000 seconds away from collision
[collision_monitor-23] [INFO] [1790432937.215904622] [collision_monitor]: Robot to continue normal operation
[collision_monitor-23] [INFO] [1790432937.255736277] [collision_monitor]: Robot to approach for 1.200000 seconds away from collision
[controller_server-15] [WARN] [1790432937.301797607] [controller_server]: RegulatedPurePursuitController detected collision ahead!
[collision_monitor-23] [INFO] [1790432937.315838562] [collision_monitor]: Robot to continue normal operation
[controller_server-15] [WARN] [1790432937.351758152] [controller_server]: RegulatedPurePursuitController detected collision ahead!
[controller_server-15] [WARN] [1790432937.401788959] [controller_server]: RegulatedPurePursuitController detected collision ahead!
[controller_server-15] [INFO] [1790432937.651514714] [controller_server]: Passing new path to controller.
[collision_monitor-23] [INFO] [1790432937.755775519] [collision_monitor]: Robot to approach for 1.200000 seconds away from collision
[collision_monitor-23] [INFO] [1790432937.815799021] [collision_monitor]: Robot to continue normal operation
[collision_monitor-23] [INFO] [1790432937.855801373] [collision_monitor]: Robot to approach for 1.200000 seconds away from collision
[collision_monitor-23] [INFO] [1790432937.916009331] [collision_monitor]: Robot to continue normal operation
[controller_server-15] [WARN] [1790432938.001765773] [controller_server]: RegulatedPurePursuitController detected collision ahead!
[controller_server-15] [INFO] [1790432938.701524821] [controller_server]: Passing new path to controller.
[controller_server-15] [INFO] [1790432939.701519902] [controller_server]: Passing new path to controller.
[controller_server-15] [INFO] [1790432940.751517112] [controller_server]: Passing new path to controller.
[controller_server-15] [INFO] [1790432941.751517839] [controller_server]: Passing new path to controller.
[controller_server-15] [INFO] [1790432942.801518027] [controller_server]: Passing new path to controller.
[controller_server-15] [INFO] [1790432943.801526158] [controller_server]: Passing new path to controller.
[controller_server-15] [INFO] [1790432944.851517258] [controller_server]: Passing new path to controller.
[controller_server-15] [INFO] [1790432945.851514640] [controller_server]: Passing new path to controller.
[controller_server-15] [INFO] [1790432946.851517161] [controller_server]: Passing new path to controller.
[controller_server-15] [INFO] [1790432947.901528557] [controller_server]: Passing new path to controller.
[controller_server-15] [INFO] [1790432948.951510310] [controller_server]: Passing new path to controller.
[controller_server-15] [INFO] [1790432949.951531314] [controller_server]: Passing new path to controller.
[controller_server-15] [INFO] [1790432951.001798101] [controller_server]: Passing new path to controller.
[controller_server-15] [INFO] [1790432952.001597568] [controller_server]: Passing new path to controller.
[controller_server-15] [INFO] [1790432953.051527214] [controller_server]: Passing new path to controller.
[controller_server-15] [INFO] [1790432954.051526417] [controller_server]: Passing new path to controller.
[controller_server-15] [INFO] [1790432955.101554265] [controller_server]: Passing new path to controller.
[controller_server-15] [INFO] [1790432956.101519570] [controller_server]: Passing new path to controller.
[controller_server-15] [INFO] [1790432957.151520313] [controller_server]: Passing new path to controller.
[controller_server-15] [INFO] [1790432958.151519096] [controller_server]: Passing new path to controller.
[controller_server-15] [INFO] [1790432959.051607293] [controller_server]: Reached the goal!
[bt_navigator-20] [INFO] [1790432959.080986965] [bt_navigator]: Goal succeeded
[nav_benchmark_runner.py-9] [INFO] [1790432960.088884657] [nav_benchmark_runner]: Saved trial 10 (north_east_corridor): SUCCEEDED, error=0.075 m
[bt_navigator-20] [INFO] [1790432960.089784686] [bt_navigator]: Begin navigating from current location (0.38, 0.06) to (2.80, 0.00)
[nav_benchmark_runner.py-9] [INFO] [1790432960.091117514] [nav_benchmark_runner]: Goal 'straight_east' accepted: x=2.80, y=0.00, yaw=0.0000
[controller_server-15] [INFO] [1790432960.100620443] [controller_server]: Received a goal, begin computing control effort.
[collision_monitor-23] [INFO] [1790432960.565825427] [collision_monitor]: Robot to approach for 1.200000 seconds away from collision
[collision_monitor-23] [INFO] [1790432960.605900706] [collision_monitor]: Robot to continue normal operation
[collision_monitor-23] [INFO] [1790432960.665833613] [collision_monitor]: Robot to approach for 1.200000 seconds away from collision
[collision_monitor-23] [INFO] [1790432960.705851973] [collision_monitor]: Robot to continue normal operation
[collision_monitor-23] [INFO] [1790432960.765866593] [collision_monitor]: Robot to approach for 1.200000 seconds away from collision
[controller_server-15] [WARN] [1790432960.801222010] [controller_server]: RegulatedPurePursuitController detected collision ahead!
[collision_monitor-23] [INFO] [1790432960.805735076] [collision_monitor]: Robot to continue normal operation
[controller_server-15] [WARN] [1790432961.001240896] [controller_server]: RegulatedPurePursuitController detected collision ahead!
[controller_server-15] [INFO] [1790432961.150805320] [controller_server]: Passing new path to controller.
[controller_server-15] [WARN] [1790432961.201058658] [controller_server]: RegulatedPurePursuitController detected collision ahead!
[collision_monitor-23] [INFO] [1790432962.165839437] [collision_monitor]: Robot to approach for 1.200000 seconds away from collision
[controller_server-15] [INFO] [1790432962.200796441] [controller_server]: Passing new path to controller.
[collision_monitor-23] [INFO] [1790432962.205791945] [collision_monitor]: Robot to continue normal operation
[collision_monitor-23] [INFO] [1790432962.765852409] [collision_monitor]: Robot to approach for 1.200000 seconds away from collision
[collision_monitor-23] [INFO] [1790432962.805733261] [collision_monitor]: Robot to continue normal operation
[controller_server-15] [INFO] [1790432963.200808029] [controller_server]: Passing new path to controller.
[controller_server-15] [WARN] [1790432963.201494274] [controller_server]: RegulatedPurePursuitController detected collision ahead!
[collision_monitor-23] [INFO] [1790432964.165820183] [collision_monitor]: Robot to approach for 1.200000 seconds away from collision
[collision_monitor-23] [INFO] [1790432964.205780664] [collision_monitor]: Robot to continue normal operation
[controller_server-15] [INFO] [1790432964.250795297] [controller_server]: Passing new path to controller.
[controller_server-15] [INFO] [1790432965.250798430] [controller_server]: Passing new path to controller.
[controller_server-15] [INFO] [1790432966.300804795] [controller_server]: Passing new path to controller.
[collision_monitor-23] [INFO] [1790432966.366006086] [collision_monitor]: Robot to approach for 1.200000 seconds away from collision
[collision_monitor-23] [INFO] [1790432966.405790027] [collision_monitor]: Robot to continue normal operation
[controller_server-15] [WARN] [1790432967.201007334] [controller_server]: RegulatedPurePursuitController detected collision ahead!
[controller_server-15] [INFO] [1790432967.300796713] [controller_server]: Passing new path to controller.
[controller_server-15] [INFO] [1790432968.350801958] [controller_server]: Passing new path to controller.
[controller_server-15] [INFO] [1790432969.350793518] [controller_server]: Passing new path to controller.
[controller_server-15] [INFO] [1790432970.400790275] [controller_server]: Passing new path to controller.
[controller_server-15] [INFO] [1790432971.400794705] [controller_server]: Passing new path to controller.
[controller_server-15] [INFO] [1790432972.450792643] [controller_server]: Passing new path to controller.
[controller_server-15] [INFO] [1790432973.450791738] [controller_server]: Passing new path to controller.
[controller_server-15] [INFO] [1790432973.650820905] [controller_server]: Reached the goal!
[bt_navigator-20] [INFO] [1790432973.680145261] [bt_navigator]: Goal succeeded
[bt_navigator-20] [INFO] [1790432974.681210499] [bt_navigator]: Begin navigating from current location (2.73, 0.02) to (0.30, 0.00)
[nav_benchmark_runner.py-9] [INFO] [1790432974.682305638] [nav_benchmark_runner]: Goal 'return_to_start' accepted: x=0.30, y=0.00, yaw=0.0000
[controller_server-15] [INFO] [1790432974.702323473] [controller_server]: Received a goal, begin computing control effort.
[controller_server-15] [INFO] [1790432975.752490709] [controller_server]: Passing new path to controller.
[controller_server-15] [INFO] [1790432976.802504375] [controller_server]: Passing new path to controller.
[controller_server-15] [INFO] [1790432977.802490026] [controller_server]: Passing new path to controller.
[controller_server-15] [INFO] [1790432978.852485822] [controller_server]: Passing new path to controller.
[controller_server-15] [INFO] [1790432979.852487507] [controller_server]: Passing new path to controller.
[collision_monitor-23] [INFO] [1790432980.765886044] [collision_monitor]: Robot to approach for 1.200000 seconds away from collision
[collision_monitor-23] [INFO] [1790432980.805850169] [collision_monitor]: Robot to continue normal operation
[controller_server-15] [INFO] [1790432980.852484455] [controller_server]: Passing new path to controller.
[controller_server-15] [WARN] [1790432980.952746820] [controller_server]: RegulatedPurePursuitController detected collision ahead!
[controller_server-15] [WARN] [1790432981.002787665] [controller_server]: RegulatedPurePursuitController detected collision ahead!
[controller_server-15] [WARN] [1790432981.152756030] [controller_server]: RegulatedPurePursuitController detected collision ahead!
[controller_server-15] [WARN] [1790432981.202865676] [controller_server]: RegulatedPurePursuitController detected collision ahead!
[controller_server-15] [WARN] [1790432981.352889493] [controller_server]: RegulatedPurePursuitController detected collision ahead!
[controller_server-15] [WARN] [1790432981.402781314] [controller_server]: RegulatedPurePursuitController detected collision ahead!
[controller_server-15] [WARN] [1790432981.602797240] [controller_server]: RegulatedPurePursuitController detected collision ahead!
[controller_server-15] [WARN] [1790432981.802838167] [controller_server]: RegulatedPurePursuitController detected collision ahead!
[controller_server-15] [INFO] [1790432981.902486115] [controller_server]: Passing new path to controller.
[collision_monitor-23] [INFO] [1790432982.065809236] [collision_monitor]: Robot to approach for 1.200000 seconds away from collision
[collision_monitor-23] [INFO] [1790432982.105744071] [collision_monitor]: Robot to continue normal operation
[collision_monitor-23] [INFO] [1790432982.165907029] [collision_monitor]: Robot to approach for 1.200000 seconds away from collision
[collision_monitor-23] [INFO] [1790432982.405922359] [collision_monitor]: Robot to continue normal operation
[collision_monitor-23] [INFO] [1790432982.465904717] [collision_monitor]: Robot to approach for 1.200000 seconds away from collision
[collision_monitor-23] [INFO] [1790432982.505733678] [collision_monitor]: Robot to continue normal operation
[collision_monitor-23] [INFO] [1790432982.565991965] [collision_monitor]: Robot to approach for 1.200000 seconds away from collision
[collision_monitor-23] [INFO] [1790432982.606009069] [collision_monitor]: Robot to continue normal operation
[collision_monitor-23] [INFO] [1790432982.665821371] [collision_monitor]: Robot to approach for 1.200000 seconds away from collision
[collision_monitor-23] [INFO] [1790432982.705953778] [collision_monitor]: Robot to continue normal operation
[collision_monitor-23] [INFO] [1790432982.865836986] [collision_monitor]: Robot to approach for 1.200000 seconds away from collision
[controller_server-15] [INFO] [1790432982.902490629] [controller_server]: Passing new path to controller.
[collision_monitor-23] [INFO] [1790432982.905737392] [collision_monitor]: Robot to continue normal operation
[collision_monitor-23] [INFO] [1790432983.665848445] [collision_monitor]: Robot to approach for 1.200000 seconds away from collision
[collision_monitor-23] [INFO] [1790432983.705724849] [collision_monitor]: Robot to continue normal operation
[collision_monitor-23] [INFO] [1790432983.865869550] [collision_monitor]: Robot to approach for 1.200000 seconds away from collision
[collision_monitor-23] [INFO] [1790432983.905754544] [collision_monitor]: Robot to continue normal operation
[controller_server-15] [INFO] [1790432983.952492022] [controller_server]: Passing new path to controller.
[collision_monitor-23] [INFO] [1790432984.266011388] [collision_monitor]: Robot to approach for 1.200000 seconds away from collision
[collision_monitor-23] [INFO] [1790432984.305704980] [collision_monitor]: Robot to continue normal operation
[collision_monitor-23] [INFO] [1790432984.365851525] [collision_monitor]: Robot to approach for 1.200000 seconds away from collision
[collision_monitor-23] [INFO] [1790432984.405739964] [collision_monitor]: Robot to continue normal operation
[controller_server-15] [INFO] [1790432984.952489795] [controller_server]: Passing new path to controller.
[collision_monitor-23] [INFO] [1790432985.565833009] [collision_monitor]: Robot to approach for 1.200000 seconds away from collision
[collision_monitor-23] [INFO] [1790432985.605758347] [collision_monitor]: Robot to continue normal operation
[controller_server-15] [INFO] [1790432986.002489046] [controller_server]: Passing new path to controller.
[collision_monitor-23] [INFO] [1790432986.365880876] [collision_monitor]: Robot to approach for 1.200000 seconds away from collision
[collision_monitor-23] [INFO] [1790432986.405726693] [collision_monitor]: Robot to continue normal operation
[collision_monitor-23] [INFO] [1790432986.765834062] [collision_monitor]: Robot to approach for 1.200000 seconds away from collision
[collision_monitor-23] [INFO] [1790432986.805715567] [collision_monitor]: Robot to continue normal operation
[controller_server-15] [INFO] [1790432987.002490071] [controller_server]: Passing new path to controller.
[collision_monitor-23] [INFO] [1790432987.365866412] [collision_monitor]: Robot to approach for 1.200000 seconds away from collision
[collision_monitor-23] [INFO] [1790432987.405711836] [collision_monitor]: Robot to continue normal operation
[collision_monitor-23] [INFO] [1790432987.665871596] [collision_monitor]: Robot to approach for 1.200000 seconds away from collision
[collision_monitor-23] [INFO] [1790432987.705838049] [collision_monitor]: Robot to continue normal operation
[controller_server-15] [INFO] [1790432988.052486231] [controller_server]: Passing new path to controller.
[controller_server-15] [INFO] [1790432989.052701842] [controller_server]: Passing new path to controller.
[controller_server-15] [INFO] [1790432990.102533788] [controller_server]: Passing new path to controller.
[controller_server-15] [INFO] [1790432991.102491397] [controller_server]: Passing new path to controller.
[controller_server-15] [INFO] [1790432992.152523545] [controller_server]: Passing new path to controller.
[controller_server-15] [INFO] [1790432993.152516190] [controller_server]: Passing new path to controller.
[controller_server-15] [INFO] [1790432994.202492936] [controller_server]: Passing new path to controller.
[controller_server-15] [INFO] [1790432995.202490304] [controller_server]: Passing new path to controller.
[controller_server-15] [INFO] [1790432996.252492029] [controller_server]: Passing new path to controller.
[controller_server-15] [INFO] [1790432997.252493416] [controller_server]: Passing new path to controller.
[controller_server-15] [INFO] [1790432998.302488623] [controller_server]: Passing new path to controller.
[controller_server-15] [INFO] [1790432999.302493114] [controller_server]: Passing new path to controller.
[controller_server-15] [INFO] [1790433000.352501422] [controller_server]: Passing new path to controller.
[controller_server-15] [INFO] [1790433001.352484497] [controller_server]: Passing new path to controller.
[controller_server-15] [INFO] [1790433002.402486134] [controller_server]: Passing new path to controller.
[controller_server-15] [INFO] [1790433003.402491011] [controller_server]: Passing new path to controller.
[controller_server-15] [INFO] [1790433004.452483945] [controller_server]: Passing new path to controller.
[controller_server-15] [INFO] [1790433005.452488474] [controller_server]: Passing new path to controller.
[controller_server-15] [INFO] [1790433006.502494272] [controller_server]: Passing new path to controller.
[controller_server-15] [INFO] [1790433007.502484471] [controller_server]: Passing new path to controller.
[controller_server-15] [INFO] [1790433008.552494740] [controller_server]: Passing new path to controller.
[controller_server-15] [INFO] [1790433009.202517415] [controller_server]: Reached the goal!
[bt_navigator-20] [INFO] [1790433009.231657553] [bt_navigator]: Goal succeeded
[nav_benchmark_runner.py-9] [INFO] [1790433010.239712688] [nav_benchmark_runner]: Saved trial 11 (straight_east): SUCCEEDED, error=0.071 m
[bt_navigator-20] [INFO] [1790433010.240824965] [bt_navigator]: Begin navigating from current location (0.37, -0.00) to (2.80, -2.00)
[nav_benchmark_runner.py-9] [INFO] [1790433010.241553006] [nav_benchmark_runner]: Goal 'east_detour' accepted: x=2.80, y=-2.00, yaw=-1.5708
[controller_server-15] [INFO] [1790433010.261772481] [controller_server]: Received a goal, begin computing control effort.
[collision_monitor-23] [INFO] [1790433010.616005074] [collision_monitor]: Robot to approach for 1.200000 seconds away from collision
[collision_monitor-23] [INFO] [1790433010.855912658] [collision_monitor]: Robot to continue normal operation
[collision_monitor-23] [INFO] [1790433010.916902455] [collision_monitor]: Robot to approach for 1.200000 seconds away from collision
[collision_monitor-23] [INFO] [1790433010.955981488] [collision_monitor]: Robot to continue normal operation
[controller_server-15] [WARN] [1790433011.012478168] [controller_server]: RegulatedPurePursuitController detected collision ahead!
[collision_monitor-23] [INFO] [1790433011.025898471] [collision_monitor]: Robot to approach for 1.200000 seconds away from collision
[collision_monitor-23] [INFO] [1790433011.066107490] [collision_monitor]: Robot to continue normal operation
[collision_monitor-23] [INFO] [1790433011.116002405] [collision_monitor]: Robot to approach for 1.200000 seconds away from collision
[collision_monitor-23] [INFO] [1790433011.156059532] [collision_monitor]: Robot to continue normal operation
[controller_server-15] [WARN] [1790433011.212458268] [controller_server]: RegulatedPurePursuitController detected collision ahead!
[collision_monitor-23] [INFO] [1790433011.226229635] [collision_monitor]: Robot to approach for 1.200000 seconds away from collision
[collision_monitor-23] [INFO] [1790433011.255922131] [collision_monitor]: Robot to continue normal operation
[controller_server-15] [INFO] [1790433011.312797776] [controller_server]: Passing new path to controller.
[collision_monitor-23] [INFO] [1790433011.325973304] [collision_monitor]: Robot to approach for 1.200000 seconds away from collision
[collision_monitor-23] [INFO] [1790433011.355892905] [collision_monitor]: Robot to continue normal operation
[controller_server-15] [WARN] [1790433011.412224389] [controller_server]: RegulatedPurePursuitController detected collision ahead!
[collision_monitor-23] [INFO] [1790433011.415969830] [collision_monitor]: Robot to approach for 1.200000 seconds away from collision
[collision_monitor-23] [INFO] [1790433011.455917105] [collision_monitor]: Robot to continue normal operation
[collision_monitor-23] [INFO] [1790433011.516139777] [collision_monitor]: Robot to approach for 1.200000 seconds away from collision
[collision_monitor-23] [INFO] [1790433011.555998220] [collision_monitor]: Robot to continue normal operation
[collision_monitor-23] [INFO] [1790433011.616013410] [collision_monitor]: Robot to approach for 1.200000 seconds away from collision
[collision_monitor-23] [INFO] [1790433011.665903646] [collision_monitor]: Robot to continue normal operation
[collision_monitor-23] [INFO] [1790433011.726000824] [collision_monitor]: Robot to approach for 1.200000 seconds away from collision
[collision_monitor-23] [INFO] [1790433011.756002553] [collision_monitor]: Robot to continue normal operation
[controller_server-15] [WARN] [1790433011.812329288] [controller_server]: RegulatedPurePursuitController detected collision ahead!
[collision_monitor-23] [INFO] [1790433011.826046253] [collision_monitor]: Robot to approach for 1.200000 seconds away from collision
[collision_monitor-23] [INFO] [1790433011.855906355] [collision_monitor]: Robot to continue normal operation
[collision_monitor-23] [INFO] [1790433011.925930641] [collision_monitor]: Robot to approach for 1.200000 seconds away from collision
[collision_monitor-23] [INFO] [1790433011.955854573] [collision_monitor]: Robot to continue normal operation
[collision_monitor-23] [INFO] [1790433012.025887919] [collision_monitor]: Robot to approach for 1.200000 seconds away from collision
[collision_monitor-23] [INFO] [1790433012.066011429] [collision_monitor]: Robot to continue normal operation
[collision_monitor-23] [INFO] [1790433012.116031313] [collision_monitor]: Robot to approach for 1.200000 seconds away from collision
[collision_monitor-23] [INFO] [1790433012.166102526] [collision_monitor]: Robot to continue normal operation
[collision_monitor-23] [INFO] [1790433012.225996855] [collision_monitor]: Robot to approach for 1.200000 seconds away from collision
[collision_monitor-23] [INFO] [1790433012.266008977] [collision_monitor]: Robot to continue normal operation
[collision_monitor-23] [INFO] [1790433012.325915457] [collision_monitor]: Robot to approach for 1.200000 seconds away from collision
[collision_monitor-23] [INFO] [1790433012.355894746] [collision_monitor]: Robot to continue normal operation
[controller_server-15] [INFO] [1790433012.361956990] [controller_server]: Passing new path to controller.
[controller_server-15] [WARN] [1790433012.412187359] [controller_server]: RegulatedPurePursuitController detected collision ahead!
[collision_monitor-23] [INFO] [1790433012.425999151] [collision_monitor]: Robot to approach for 1.200000 seconds away from collision
[collision_monitor-23] [INFO] [1790433012.455965660] [collision_monitor]: Robot to continue normal operation
[collision_monitor-23] [INFO] [1790433012.516267063] [collision_monitor]: Robot to approach for 1.200000 seconds away from collision
[collision_monitor-23] [INFO] [1790433012.566030719] [collision_monitor]: Robot to continue normal operation
[collision_monitor-23] [INFO] [1790433012.626076242] [collision_monitor]: Robot to approach for 1.200000 seconds away from collision
[collision_monitor-23] [INFO] [1790433012.665981795] [collision_monitor]: Robot to continue normal operation
[collision_monitor-23] [INFO] [1790433012.726441934] [collision_monitor]: Robot to approach for 1.200000 seconds away from collision
[collision_monitor-23] [INFO] [1790433012.765929099] [collision_monitor]: Robot to continue normal operation
[collision_monitor-23] [INFO] [1790433012.826006119] [collision_monitor]: Robot to approach for 1.200000 seconds away from collision
[collision_monitor-23] [INFO] [1790433012.866066637] [collision_monitor]: Robot to continue normal operation
[collision_monitor-23] [INFO] [1790433012.926007198] [collision_monitor]: Robot to approach for 1.200000 seconds away from collision
[collision_monitor-23] [INFO] [1790433012.955974405] [collision_monitor]: Robot to continue normal operation
[controller_server-15] [WARN] [1790433013.012291592] [controller_server]: RegulatedPurePursuitController detected collision ahead!
[collision_monitor-23] [INFO] [1790433013.016003715] [collision_monitor]: Robot to approach for 1.200000 seconds away from collision
[collision_monitor-23] [INFO] [1790433013.065982429] [collision_monitor]: Robot to continue normal operation
[collision_monitor-23] [INFO] [1790433013.116802245] [collision_monitor]: Robot to approach for 1.200000 seconds away from collision
[collision_monitor-23] [INFO] [1790433013.156163538] [collision_monitor]: Robot to continue normal operation
[controller_server-15] [WARN] [1790433013.162204826] [controller_server]: RegulatedPurePursuitController detected collision ahead!
[controller_server-15] [WARN] [1790433013.212345768] [controller_server]: RegulatedPurePursuitController detected collision ahead!
[controller_server-15] [INFO] [1790433013.361932590] [controller_server]: Passing new path to controller.
[controller_server-15] [WARN] [1790433013.412400993] [controller_server]: RegulatedPurePursuitController detected collision ahead!
[collision_monitor-23] [INFO] [1790433013.426038046] [collision_monitor]: Robot to approach for 1.200000 seconds away from collision
[collision_monitor-23] [INFO] [1790433013.456002787] [collision_monitor]: Robot to continue normal operation
[collision_monitor-23] [INFO] [1790433013.525988629] [collision_monitor]: Robot to approach for 1.200000 seconds away from collision
[collision_monitor-23] [INFO] [1790433013.555911189] [collision_monitor]: Robot to continue normal operation
[controller_server-15] [WARN] [1790433013.562197671] [controller_server]: RegulatedPurePursuitController detected collision ahead!
[controller_server-15] [WARN] [1790433013.612211303] [controller_server]: RegulatedPurePursuitController detected collision ahead!
[controller_server-15] [WARN] [1790433013.762223215] [controller_server]: RegulatedPurePursuitController detected collision ahead!
[collision_monitor-23] [INFO] [1790433013.766053012] [collision_monitor]: Robot to approach for 1.200000 seconds away from collision
[controller_server-15] [WARN] [1790433013.812212264] [controller_server]: RegulatedPurePursuitController detected collision ahead!
[collision_monitor-23] [INFO] [1790433013.826045416] [collision_monitor]: Robot to continue normal operation
[collision_monitor-23] [INFO] [1790433013.965886787] [collision_monitor]: Robot to approach for 1.200000 seconds away from collision
[controller_server-15] [WARN] [1790433014.012163704] [controller_server]: RegulatedPurePursuitController detected collision ahead!
[collision_monitor-23] [INFO] [1790433014.056279528] [collision_monitor]: Robot to continue normal operation
[controller_server-15] [WARN] [1790433014.112197669] [controller_server]: RegulatedPurePursuitController detected collision ahead!
[collision_monitor-23] [INFO] [1790433014.126005320] [collision_monitor]: Robot to approach for 1.200000 seconds away from collision
[collision_monitor-23] [INFO] [1790433014.155958936] [collision_monitor]: Robot to continue normal operation
[controller_server-15] [WARN] [1790433014.162171667] [controller_server]: RegulatedPurePursuitController detected collision ahead!
[controller_server-15] [WARN] [1790433014.212378777] [controller_server]: RegulatedPurePursuitController detected collision ahead!
[controller_server-15] [INFO] [1790433014.411949545] [controller_server]: Passing new path to controller.
[controller_server-15] [WARN] [1790433014.412491121] [controller_server]: RegulatedPurePursuitController detected collision ahead!
[collision_monitor-23] [INFO] [1790433014.416096952] [collision_monitor]: Robot to approach for 1.200000 seconds away from collision
[collision_monitor-23] [INFO] [1790433014.465993293] [collision_monitor]: Robot to continue normal operation
[collision_monitor-23] [INFO] [1790433014.525910440] [collision_monitor]: Robot to approach for 1.200000 seconds away from collision
[controller_server-15] [WARN] [1790433014.612208893] [controller_server]: RegulatedPurePursuitController detected collision ahead!
[collision_monitor-23] [INFO] [1790433014.665927207] [collision_monitor]: Robot to continue normal operation
[controller_server-15] [WARN] [1790433014.812200701] [controller_server]: RegulatedPurePursuitController detected collision ahead!
[controller_server-15] [WARN] [1790433014.862204170] [controller_server]: RegulatedPurePursuitController detected collision ahead!
[controller_server-15] [WARN] [1790433014.912307923] [controller_server]: RegulatedPurePursuitController detected collision ahead!
[controller_server-15] [WARN] [1790433014.962188551] [controller_server]: RegulatedPurePursuitController detected collision ahead!
[controller_server-15] [WARN] [1790433015.012293902] [controller_server]: RegulatedPurePursuitController detected collision ahead!
[controller_server-15] [WARN] [1790433015.262163295] [controller_server]: RegulatedPurePursuitController detected collision ahead!
[controller_server-15] [WARN] [1790433015.312201996] [controller_server]: RegulatedPurePursuitController detected collision ahead!
[controller_server-15] [WARN] [1790433015.362187411] [controller_server]: RegulatedPurePursuitController detected collision ahead!
[controller_server-15] [INFO] [1790433015.411946210] [controller_server]: Passing new path to controller.
[controller_server-15] [WARN] [1790433015.412346648] [controller_server]: RegulatedPurePursuitController detected collision ahead!
[collision_monitor-23] [INFO] [1790433015.826198167] [collision_monitor]: Robot to approach for 1.200000 seconds away from collision
[collision_monitor-23] [INFO] [1790433016.025996649] [collision_monitor]: Robot to continue normal operation
[controller_server-15] [WARN] [1790433016.412176743] [controller_server]: RegulatedPurePursuitController detected collision ahead!
[controller_server-15] [INFO] [1790433016.461946750] [controller_server]: Passing new path to controller.
[collision_monitor-23] [INFO] [1790433016.665952569] [collision_monitor]: Robot to approach for 1.200000 seconds away from collision
[collision_monitor-23] [INFO] [1790433016.766016560] [collision_monitor]: Robot to continue normal operation
[controller_server-15] [INFO] [1790433017.461940295] [controller_server]: Passing new path to controller.
[controller_server-15] [WARN] [1790433017.762169004] [controller_server]: RegulatedPurePursuitController detected collision ahead!
[controller_server-15] [WARN] [1790433017.812164406] [controller_server]: RegulatedPurePursuitController detected collision ahead!
[controller_server-15] [WARN] [1790433017.862176918] [controller_server]: RegulatedPurePursuitController detected collision ahead!
[controller_server-15] [WARN] [1790433017.912164708] [controller_server]: RegulatedPurePursuitController detected collision ahead!
[controller_server-15] [WARN] [1790433017.962177429] [controller_server]: RegulatedPurePursuitController detected collision ahead!
[controller_server-15] [WARN] [1790433018.012312006] [controller_server]: RegulatedPurePursuitController detected collision ahead!
[controller_server-15] [INFO] [1790433018.511950099] [controller_server]: Passing new path to controller.
[controller_server-15] [WARN] [1790433018.662199693] [controller_server]: RegulatedPurePursuitController detected collision ahead!
[controller_server-15] [WARN] [1790433018.712274673] [controller_server]: RegulatedPurePursuitController detected collision ahead!
[controller_server-15] [WARN] [1790433018.762232260] [controller_server]: RegulatedPurePursuitController detected collision ahead!
[controller_server-15] [WARN] [1790433018.812202417] [controller_server]: RegulatedPurePursuitController detected collision ahead!
[collision_monitor-23] [INFO] [1790433019.126153531] [collision_monitor]: Robot to approach for 1.200000 seconds away from collision
[controller_server-15] [WARN] [1790433019.312176420] [controller_server]: RegulatedPurePursuitController detected collision ahead!
[controller_server-15] [WARN] [1790433019.362165190] [controller_server]: RegulatedPurePursuitController detected collision ahead!
[collision_monitor-23] [INFO] [1790433019.365996018] [collision_monitor]: Robot to continue normal operation
[controller_server-15] [WARN] [1790433019.412351175] [controller_server]: RegulatedPurePursuitController detected collision ahead!
[controller_server-15] [INFO] [1790433019.511954257] [controller_server]: Passing new path to controller.
[collision_monitor-23] [INFO] [1790433020.205746487] [collision_monitor]: Robot to approach for 1.200000 seconds away from collision
[collision_monitor-23] [INFO] [1790433020.365864125] [collision_monitor]: Robot to continue normal operation
[collision_monitor-23] [INFO] [1790433020.405803673] [collision_monitor]: Robot to approach for 1.200000 seconds away from collision
[controller_server-15] [WARN] [1790433020.412200605] [controller_server]: RegulatedPurePursuitController detected collision ahead!
[collision_monitor-23] [INFO] [1790433020.466023590] [collision_monitor]: Robot to continue normal operation
[collision_monitor-23] [INFO] [1790433020.506015235] [collision_monitor]: Robot to approach for 1.200000 seconds away from collision
[controller_server-15] [INFO] [1790433020.561971066] [controller_server]: Passing new path to controller.
[collision_monitor-23] [INFO] [1790433020.565909928] [collision_monitor]: Robot to continue normal operation
[collision_monitor-23] [INFO] [1790433020.605784809] [collision_monitor]: Robot to approach for 1.200000 seconds away from collision
[controller_server-15] [WARN] [1790433020.612865919] [controller_server]: RegulatedPurePursuitController detected collision ahead!
[controller_server-15] [WARN] [1790433020.662179695] [controller_server]: RegulatedPurePursuitController detected collision ahead!
[collision_monitor-23] [INFO] [1790433020.665920643] [collision_monitor]: Robot to continue normal operation
[controller_server-15] [WARN] [1790433020.712224510] [controller_server]: RegulatedPurePursuitController detected collision ahead!
[controller_server-15] [WARN] [1790433020.762159054] [controller_server]: RegulatedPurePursuitController detected collision ahead!
[controller_server-15] [WARN] [1790433020.812180614] [controller_server]: RegulatedPurePursuitController detected collision ahead!
[controller_server-15] [WARN] [1790433020.912215911] [controller_server]: RegulatedPurePursuitController detected collision ahead!
[controller_server-15] [WARN] [1790433020.962405216] [controller_server]: RegulatedPurePursuitController detected collision ahead!
[controller_server-15] [WARN] [1790433021.012254693] [controller_server]: RegulatedPurePursuitController detected collision ahead!
[controller_server-15] [INFO] [1790433021.561942443] [controller_server]: Passing new path to controller.
[collision_monitor-23] [INFO] [1790433021.605839680] [collision_monitor]: Robot to approach for 1.200000 seconds away from collision
[collision_monitor-23] [INFO] [1790433021.665856615] [collision_monitor]: Robot to continue normal operation
[collision_monitor-23] [INFO] [1790433021.705735102] [collision_monitor]: Robot to approach for 1.200000 seconds away from collision
[controller_server-15] [WARN] [1790433021.762156140] [controller_server]: RegulatedPurePursuitController detected collision ahead!
[collision_monitor-23] [INFO] [1790433021.765855463] [collision_monitor]: Robot to continue normal operation
[controller_server-15] [WARN] [1790433021.812174035] [controller_server]: RegulatedPurePursuitController detected collision ahead!
[controller_server-15] [WARN] [1790433021.962150623] [controller_server]: RegulatedPurePursuitController detected collision ahead!
[controller_server-15] [WARN] [1790433022.012364819] [controller_server]: RegulatedPurePursuitController detected collision ahead!
[controller_server-15] [WARN] [1790433022.162180689] [controller_server]: RegulatedPurePursuitController detected collision ahead!
[controller_server-15] [WARN] [1790433022.212316574] [controller_server]: RegulatedPurePursuitController detected collision ahead!
[controller_server-15] [WARN] [1790433022.262152936] [controller_server]: RegulatedPurePursuitController detected collision ahead!
[controller_server-15] [WARN] [1790433022.312274086] [controller_server]: RegulatedPurePursuitController detected collision ahead!
[controller_server-15] [WARN] [1790433022.362303961] [controller_server]: RegulatedPurePursuitController detected collision ahead!
[controller_server-15] [WARN] [1790433022.412185575] [controller_server]: RegulatedPurePursuitController detected collision ahead!
[controller_server-15] [WARN] [1790433022.562273804] [controller_server]: RegulatedPurePursuitController detected collision ahead!
[controller_server-15] [INFO] [1790433022.612127275] [controller_server]: Passing new path to controller.
[controller_server-15] [WARN] [1790433022.612666963] [controller_server]: RegulatedPurePursuitController detected collision ahead!
[collision_monitor-23] [INFO] [1790433023.105915414] [collision_monitor]: Robot to approach for 1.200000 seconds away from collision
[collision_monitor-23] [INFO] [1790433023.165912440] [collision_monitor]: Robot to continue normal operation
[collision_monitor-23] [INFO] [1790433023.205773277] [collision_monitor]: Robot to approach for 1.200000 seconds away from collision
[controller_server-15] [WARN] [1790433023.212375792] [controller_server]: RegulatedPurePursuitController detected collision ahead!
[collision_monitor-23] [INFO] [1790433023.265997408] [collision_monitor]: Robot to continue normal operation
[collision_monitor-23] [INFO] [1790433023.305772557] [collision_monitor]: Robot to approach for 1.200000 seconds away from collision
[controller_server-15] [WARN] [1790433023.312333938] [controller_server]: RegulatedPurePursuitController detected collision ahead!
[controller_server-15] [WARN] [1790433023.362131440] [controller_server]: RegulatedPurePursuitController detected collision ahead!
[collision_monitor-23] [INFO] [1790433023.365887185] [collision_monitor]: Robot to continue normal operation
[controller_server-15] [WARN] [1790433023.412169105] [controller_server]: RegulatedPurePursuitController detected collision ahead!
[controller_server-15] [WARN] [1790433023.562162333] [controller_server]: RegulatedPurePursuitController detected collision ahead!
[controller_server-15] [INFO] [1790433023.612091962] [controller_server]: Passing new path to controller.
[controller_server-15] [WARN] [1790433023.612412716] [controller_server]: RegulatedPurePursuitController detected collision ahead!
[collision_monitor-23] [INFO] [1790433023.805915958] [collision_monitor]: Robot to approach for 1.200000 seconds away from collision
[controller_server-15] [WARN] [1790433023.912142178] [controller_server]: RegulatedPurePursuitController detected collision ahead!
[controller_server-15] [WARN] [1790433023.962206241] [controller_server]: RegulatedPurePursuitController detected collision ahead!
[collision_monitor-23] [INFO] [1790433023.965854440] [collision_monitor]: Robot to continue normal operation
[controller_server-15] [WARN] [1790433024.012255421] [controller_server]: RegulatedPurePursuitController detected collision ahead!
[controller_server-15] [WARN] [1790433024.162166011] [controller_server]: RegulatedPurePursuitController detected collision ahead!
[controller_server-15] [WARN] [1790433024.212176130] [controller_server]: RegulatedPurePursuitController detected collision ahead!
[controller_server-15] [WARN] [1790433024.312213058] [controller_server]: RegulatedPurePursuitController detected collision ahead!
[controller_server-15] [WARN] [1790433024.362134347] [controller_server]: RegulatedPurePursuitController detected collision ahead!
[controller_server-15] [WARN] [1790433024.412149564] [controller_server]: RegulatedPurePursuitController detected collision ahead!
[controller_server-15] [INFO] [1790433024.612098066] [controller_server]: Passing new path to controller.
[controller_server-15] [WARN] [1790433024.612519173] [controller_server]: RegulatedPurePursuitController detected collision ahead!
[collision_monitor-23] [INFO] [1790433024.805786391] [collision_monitor]: Robot to approach for 1.200000 seconds away from collision
[controller_server-15] [WARN] [1790433024.962459135] [controller_server]: RegulatedPurePursuitController detected collision ahead!
[collision_monitor-23] [INFO] [1790433024.966258106] [collision_monitor]: Robot to continue normal operation
[controller_server-15] [WARN] [1790433025.012238022] [controller_server]: RegulatedPurePursuitController detected collision ahead!
[controller_server-15] [WARN] [1790433025.162227084] [controller_server]: RegulatedPurePursuitController detected collision ahead!
[controller_server-15] [WARN] [1790433025.212213917] [controller_server]: RegulatedPurePursuitController detected collision ahead!
[collision_monitor-23] [INFO] [1790433025.515829552] [collision_monitor]: Robot to approach for 1.200000 seconds away from collision
[collision_monitor-23] [INFO] [1790433025.555733638] [collision_monitor]: Robot to continue normal operation
[collision_monitor-23] [INFO] [1790433025.616112240] [collision_monitor]: Robot to approach for 1.200000 seconds away from collision
[collision_monitor-23] [INFO] [1790433025.655723995] [collision_monitor]: Robot to continue normal operation
[controller_server-15] [INFO] [1790433025.661944084] [controller_server]: Passing new path to controller.
[controller_server-15] [WARN] [1790433025.712142238] [controller_server]: RegulatedPurePursuitController detected collision ahead!
[collision_monitor-23] [INFO] [1790433025.715818088] [collision_monitor]: Robot to approach for 1.200000 seconds away from collision
[collision_monitor-23] [INFO] [1790433025.755745848] [collision_monitor]: Robot to continue normal operation
[controller_server-15] [WARN] [1790433025.762205751] [controller_server]: RegulatedPurePursuitController detected collision ahead!
[controller_server-15] [WARN] [1790433025.812180572] [controller_server]: RegulatedPurePursuitController detected collision ahead!
[controller_server-15] [WARN] [1790433025.962196731] [controller_server]: RegulatedPurePursuitController detected collision ahead!
[controller_server-15] [WARN] [1790433026.012206953] [controller_server]: RegulatedPurePursuitController detected collision ahead!
[controller_server-15] [WARN] [1790433026.412182038] [controller_server]: RegulatedPurePursuitController detected collision ahead!
[collision_monitor-23] [INFO] [1790433026.416088760] [collision_monitor]: Robot to approach for 1.200000 seconds away from collision
[collision_monitor-23] [INFO] [1790433026.455728287] [collision_monitor]: Robot to continue normal operation
[controller_server-15] [WARN] [1790433026.562208093] [controller_server]: RegulatedPurePursuitController detected collision ahead!
[controller_server-15] [WARN] [1790433026.612185747] [controller_server]: RegulatedPurePursuitController detected collision ahead!
[controller_server-15] [INFO] [1790433026.711944890] [controller_server]: Passing new path to controller.
[controller_server-15] [WARN] [1790433026.812153282] [controller_server]: RegulatedPurePursuitController detected collision ahead!
[controller_server-15] [INFO] [1790433027.711949259] [controller_server]: Passing new path to controller.
[controller_server-15] [INFO] [1790433028.761944326] [controller_server]: Passing new path to controller.
[controller_server-15] [INFO] [1790433029.761942267] [controller_server]: Passing new path to controller.
[controller_server-15] [INFO] [1790433030.811952447] [controller_server]: Passing new path to controller.
[controller_server-15] [INFO] [1790433031.711988276] [controller_server]: Reached the goal!
[bt_navigator-20] [INFO] [1790433031.741236445] [bt_navigator]: Goal succeeded
[bt_navigator-20] [INFO] [1790433032.742576767] [bt_navigator]: Begin navigating from current location (2.76, -1.97) to (0.30, 0.00)
[nav_benchmark_runner.py-9] [INFO] [1790433032.744064531] [nav_benchmark_runner]: Goal 'return_to_start' accepted: x=0.30, y=0.00, yaw=0.0000
[controller_server-15] [INFO] [1790433032.763439133] [controller_server]: Received a goal, begin computing control effort.
[controller_server-15] [INFO] [1790433033.813590255] [controller_server]: Passing new path to controller.
[controller_server-15] [INFO] [1790433034.813577529] [controller_server]: Passing new path to controller.
[controller_server-15] [INFO] [1790433035.863589102] [controller_server]: Passing new path to controller.
[controller_server-15] [INFO] [1790433036.863605830] [controller_server]: Passing new path to controller.
[controller_server-15] [INFO] [1790433037.913583762] [controller_server]: Passing new path to controller.
[controller_server-15] [WARN] [1790433038.263876658] [controller_server]: RegulatedPurePursuitController detected collision ahead!
[controller_server-15] [WARN] [1790433038.313786736] [controller_server]: RegulatedPurePursuitController detected collision ahead!
[controller_server-15] [WARN] [1790433038.363839626] [controller_server]: RegulatedPurePursuitController detected collision ahead!
[controller_server-15] [INFO] [1790433038.913588914] [controller_server]: Passing new path to controller.
[collision_monitor-23] [INFO] [1790433039.215816758] [collision_monitor]: Robot to approach for 1.200000 seconds away from collision
[collision_monitor-23] [INFO] [1790433039.255788000] [collision_monitor]: Robot to continue normal operation
[controller_server-15] [WARN] [1790433039.413821651] [controller_server]: RegulatedPurePursuitController detected collision ahead!
[collision_monitor-23] [INFO] [1790433039.415825838] [collision_monitor]: Robot to approach for 1.200000 seconds away from collision
[collision_monitor-23] [INFO] [1790433039.455736394] [collision_monitor]: Robot to continue normal operation
[collision_monitor-23] [INFO] [1790433039.515824512] [collision_monitor]: Robot to approach for 1.200000 seconds away from collision
[collision_monitor-23] [INFO] [1790433039.555716003] [collision_monitor]: Robot to continue normal operation
[controller_server-15] [WARN] [1790433039.563821652] [controller_server]: RegulatedPurePursuitController detected collision ahead!
[controller_server-15] [WARN] [1790433039.613823399] [controller_server]: RegulatedPurePursuitController detected collision ahead!
[controller_server-15] [WARN] [1790433039.663820047] [controller_server]: RegulatedPurePursuitController detected collision ahead!
[controller_server-15] [WARN] [1790433039.713894142] [controller_server]: RegulatedPurePursuitController detected collision ahead!
[controller_server-15] [WARN] [1790433039.763868793] [controller_server]: RegulatedPurePursuitController detected collision ahead!
[controller_server-15] [WARN] [1790433039.813854407] [controller_server]: RegulatedPurePursuitController detected collision ahead!
[controller_server-15] [INFO] [1790433039.963584358] [controller_server]: Passing new path to controller.
[controller_server-15] [WARN] [1790433040.313886315] [controller_server]: RegulatedPurePursuitController detected collision ahead!
[controller_server-15] [WARN] [1790433040.363864084] [controller_server]: RegulatedPurePursuitController detected collision ahead!
[controller_server-15] [WARN] [1790433040.414009805] [controller_server]: RegulatedPurePursuitController detected collision ahead!
[controller_server-15] [WARN] [1790433040.563872090] [controller_server]: RegulatedPurePursuitController detected collision ahead!
[controller_server-15] [WARN] [1790433040.613901467] [controller_server]: RegulatedPurePursuitController detected collision ahead!
[controller_server-15] [WARN] [1790433040.713836263] [controller_server]: RegulatedPurePursuitController detected collision ahead!
[controller_server-15] [WARN] [1790433040.763841757] [controller_server]: RegulatedPurePursuitController detected collision ahead!
[controller_server-15] [WARN] [1790433040.813825531] [controller_server]: RegulatedPurePursuitController detected collision ahead!
[controller_server-15] [INFO] [1790433040.963586835] [controller_server]: Passing new path to controller.
[controller_server-15] [WARN] [1790433040.964000257] [controller_server]: RegulatedPurePursuitController detected collision ahead!
[controller_server-15] [WARN] [1790433041.013830738] [controller_server]: RegulatedPurePursuitController detected collision ahead!
[controller_server-15] [WARN] [1790433041.513840320] [controller_server]: RegulatedPurePursuitController detected collision ahead!
[collision_monitor-23] [INFO] [1790433041.515961548] [collision_monitor]: Robot to approach for 1.200000 seconds away from collision
[collision_monitor-23] [INFO] [1790433041.555801463] [collision_monitor]: Robot to continue normal operation
[controller_server-15] [WARN] [1790433041.563857941] [controller_server]: RegulatedPurePursuitController detected collision ahead!
[controller_server-15] [WARN] [1790433041.613976263] [controller_server]: RegulatedPurePursuitController detected collision ahead!
[controller_server-15] [WARN] [1790433041.763839105] [controller_server]: RegulatedPurePursuitController detected collision ahead!
[controller_server-15] [WARN] [1790433041.813906169] [controller_server]: RegulatedPurePursuitController detected collision ahead!
[controller_server-15] [INFO] [1790433042.013593393] [controller_server]: Passing new path to controller.
[collision_monitor-23] [INFO] [1790433042.015996054] [collision_monitor]: Robot to approach for 1.200000 seconds away from collision
[collision_monitor-23] [INFO] [1790433042.055862767] [collision_monitor]: Robot to continue normal operation
[collision_monitor-23] [INFO] [1790433042.115982295] [collision_monitor]: Robot to approach for 1.200000 seconds away from collision
[controller_server-15] [WARN] [1790433042.213997383] [controller_server]: RegulatedPurePursuitController detected collision ahead!
[collision_monitor-23] [INFO] [1790433042.255834690] [collision_monitor]: Robot to continue normal operation
[collision_monitor-23] [INFO] [1790433042.315962598] [collision_monitor]: Robot to approach for 1.200000 seconds away from collision
[collision_monitor-23] [INFO] [1790433042.355865694] [collision_monitor]: Robot to continue normal operation
[controller_server-15] [WARN] [1790433042.363933272] [controller_server]: RegulatedPurePursuitController detected collision ahead!
[controller_server-15] [WARN] [1790433042.414048847] [controller_server]: RegulatedPurePursuitController detected collision ahead!
[controller_server-15] [WARN] [1790433042.514004011] [controller_server]: RegulatedPurePursuitController detected collision ahead!
[controller_server-15] [WARN] [1790433042.563983270] [controller_server]: RegulatedPurePursuitController detected collision ahead!
[controller_server-15] [WARN] [1790433042.613958268] [controller_server]: RegulatedPurePursuitController detected collision ahead!
[controller_server-15] [WARN] [1790433042.663906519] [controller_server]: RegulatedPurePursuitController detected collision ahead!
[controller_server-15] [WARN] [1790433042.713928167] [controller_server]: RegulatedPurePursuitController detected collision ahead!
[controller_server-15] [WARN] [1790433042.764045977] [controller_server]: RegulatedPurePursuitController detected collision ahead!
[controller_server-15] [WARN] [1790433042.814670996] [controller_server]: RegulatedPurePursuitController detected collision ahead!
[controller_server-15] [ERROR] [1790433042.814987487] [controller_server]: Controller patience exceeded
[controller_server-15] [WARN] [1790433042.815093636] [controller_server]: [follow_path] [ActionServer] Aborting handle.
[controller_server-15] [INFO] [1790433042.833212932] [local_costmap.local_costmap]: Received request to clear entirely the local_costmap
[controller_server-15] [INFO] [1790433042.833783901] [controller_server]: Received a goal, begin computing control effort.
[controller_server-15] [INFO] [1790433043.033934585] [controller_server]: Passing new path to controller.
[collision_monitor-23] [INFO] [1790433043.416018952] [collision_monitor]: Robot to approach for 1.200000 seconds away from collision
[collision_monitor-23] [INFO] [1790433043.455860785] [collision_monitor]: Robot to continue normal operation
[collision_monitor-23] [INFO] [1790433043.515921135] [collision_monitor]: Robot to approach for 1.200000 seconds away from collision
[controller_server-15] [WARN] [1790433043.534190778] [controller_server]: RegulatedPurePursuitController detected collision ahead!
[collision_monitor-23] [INFO] [1790433043.555871352] [collision_monitor]: Robot to continue normal operation
[controller_server-15] [WARN] [1790433043.584209330] [controller_server]: RegulatedPurePursuitController detected collision ahead!
[controller_server-15] [WARN] [1790433043.634233538] [controller_server]: RegulatedPurePursuitController detected collision ahead!
[controller_server-15] [WARN] [1790433043.784201552] [controller_server]: RegulatedPurePursuitController detected collision ahead!
[controller_server-15] [WARN] [1790433043.834181346] [controller_server]: RegulatedPurePursuitController detected collision ahead!
[collision_monitor-23] [INFO] [1790433044.015948404] [collision_monitor]: Robot to approach for 1.200000 seconds away from collision
[controller_server-15] [INFO] [1790433044.033937093] [controller_server]: Passing new path to controller.
[controller_server-15] [WARN] [1790433044.034313851] [controller_server]: RegulatedPurePursuitController detected collision ahead!
[collision_monitor-23] [INFO] [1790433044.055898253] [collision_monitor]: Robot to continue normal operation
[collision_monitor-23] [INFO] [1790433044.215856035] [collision_monitor]: Robot to approach for 1.200000 seconds away from collision
[controller_server-15] [WARN] [1790433044.234170922] [controller_server]: RegulatedPurePursuitController detected collision ahead!
[collision_monitor-23] [INFO] [1790433044.255824600] [collision_monitor]: Robot to continue normal operation
[collision_monitor-23] [INFO] [1790433044.315864951] [collision_monitor]: Robot to approach for 1.200000 seconds away from collision
[collision_monitor-23] [INFO] [1790433044.355851114] [collision_monitor]: Robot to continue normal operation
[controller_server-15] [WARN] [1790433044.384209541] [controller_server]: RegulatedPurePursuitController detected collision ahead!
[controller_server-15] [WARN] [1790433044.434225835] [controller_server]: RegulatedPurePursuitController detected collision ahead!
[controller_server-15] [WARN] [1790433044.534249975] [controller_server]: RegulatedPurePursuitController detected collision ahead!
[controller_server-15] [WARN] [1790433044.584221156] [controller_server]: RegulatedPurePursuitController detected collision ahead!
[controller_server-15] [WARN] [1790433044.634205956] [controller_server]: RegulatedPurePursuitController detected collision ahead!
[controller_server-15] [WARN] [1790433044.684178045] [controller_server]: RegulatedPurePursuitController detected collision ahead!
[controller_server-15] [WARN] [1790433044.734213404] [controller_server]: RegulatedPurePursuitController detected collision ahead!
[controller_server-15] [WARN] [1790433044.784168803] [controller_server]: RegulatedPurePursuitController detected collision ahead!
[controller_server-15] [WARN] [1790433044.834172388] [controller_server]: RegulatedPurePursuitController detected collision ahead!
[controller_server-15] [ERROR] [1790433044.834223926] [controller_server]: Controller patience exceeded
[controller_server-15] [WARN] [1790433044.834317504] [controller_server]: [follow_path] [ActionServer] Aborting handle.
[controller_server-15] [INFO] [1790433044.853212437] [local_costmap.local_costmap]: Received request to clear entirely the local_costmap
[planner_server-17] [INFO] [1790433044.853537098] [global_costmap.global_costmap]: Received request to clear entirely the global_costmap
[controller_server-15] [INFO] [1790433045.833326645] [controller_server]: Received a goal, begin computing control effort.
[collision_monitor-23] [INFO] [1790433046.415908062] [collision_monitor]: Robot to approach for 1.200000 seconds away from collision
[collision_monitor-23] [INFO] [1790433046.455758501] [collision_monitor]: Robot to continue normal operation
[controller_server-15] [WARN] [1790433046.483889242] [controller_server]: RegulatedPurePursuitController detected collision ahead!
[controller_server-15] [WARN] [1790433046.533840546] [controller_server]: RegulatedPurePursuitController detected collision ahead!
[controller_server-15] [WARN] [1790433046.583933755] [controller_server]: RegulatedPurePursuitController detected collision ahead!
[controller_server-15] [WARN] [1790433046.633821509] [controller_server]: RegulatedPurePursuitController detected collision ahead!
[controller_server-15] [WARN] [1790433046.833838116] [controller_server]: RegulatedPurePursuitController detected collision ahead!
[controller_server-15] [INFO] [1790433046.883477609] [controller_server]: Passing new path to controller.
[controller_server-15] [WARN] [1790433046.983861028] [controller_server]: RegulatedPurePursuitController detected collision ahead!
[controller_server-15] [WARN] [1790433047.033799120] [controller_server]: RegulatedPurePursuitController detected collision ahead!
[collision_monitor-23] [INFO] [1790433047.215870830] [collision_monitor]: Robot to approach for 1.200000 seconds away from collision
[controller_server-15] [WARN] [1790433047.233847205] [controller_server]: RegulatedPurePursuitController detected collision ahead!
[collision_monitor-23] [INFO] [1790433047.255793322] [collision_monitor]: Robot to continue normal operation
[collision_monitor-23] [INFO] [1790433047.315864599] [collision_monitor]: Robot to approach for 1.200000 seconds away from collision
[collision_monitor-23] [INFO] [1790433047.355836045] [collision_monitor]: Robot to continue normal operation
[controller_server-15] [WARN] [1790433047.383897288] [controller_server]: RegulatedPurePursuitController detected collision ahead!
[controller_server-15] [WARN] [1790433047.433885444] [controller_server]: RegulatedPurePursuitController detected collision ahead!
[collision_monitor-23] [INFO] [1790433047.615989836] [collision_monitor]: Robot to approach for 1.200000 seconds away from collision
[controller_server-15] [WARN] [1790433047.633798958] [controller_server]: RegulatedPurePursuitController detected collision ahead!
[collision_monitor-23] [INFO] [1790433047.655806249] [collision_monitor]: Robot to continue normal operation
[collision_monitor-23] [INFO] [1790433047.715957208] [collision_monitor]: Robot to approach for 1.200000 seconds away from collision
[controller_server-15] [WARN] [1790433047.833875675] [controller_server]: RegulatedPurePursuitController detected collision ahead!
[collision_monitor-23] [INFO] [1790433047.855771790] [collision_monitor]: Robot to continue normal operation
[collision_monitor-23] [INFO] [1790433047.915902497] [collision_monitor]: Robot to approach for 1.200000 seconds away from collision
[controller_server-15] [INFO] [1790433047.933470200] [controller_server]: Passing new path to controller.
[controller_server-15] [WARN] [1790433047.934025524] [controller_server]: RegulatedPurePursuitController detected collision ahead!
[collision_monitor-23] [INFO] [1790433047.955748310] [collision_monitor]: Robot to continue normal operation
[controller_server-15] [WARN] [1790433047.984122202] [controller_server]: RegulatedPurePursuitController detected collision ahead!
[controller_server-15] [WARN] [1790433048.033764105] [controller_server]: RegulatedPurePursuitController detected collision ahead!
[collision_monitor-23] [INFO] [1790433048.215860878] [collision_monitor]: Robot to approach for 1.200000 seconds away from collision
[controller_server-15] [WARN] [1790433048.233817831] [controller_server]: RegulatedPurePursuitController detected collision ahead!
[collision_monitor-23] [INFO] [1790433048.255750111] [collision_monitor]: Robot to continue normal operation
[controller_server-15] [WARN] [1790433048.283849891] [controller_server]: RegulatedPurePursuitController detected collision ahead!
[controller_server-15] [WARN] [1790433048.433790619] [controller_server]: RegulatedPurePursuitController detected collision ahead!
[controller_server-15] [WARN] [1790433048.533823872] [controller_server]: RegulatedPurePursuitController detected collision ahead!
[controller_server-15] [WARN] [1790433048.583852091] [controller_server]: RegulatedPurePursuitController detected collision ahead!
[controller_server-15] [WARN] [1790433048.633755097] [controller_server]: RegulatedPurePursuitController detected collision ahead!
[controller_server-15] [INFO] [1790433048.933478938] [controller_server]: Passing new path to controller.
[collision_monitor-23] [INFO] [1790433049.015877866] [collision_monitor]: Robot to approach for 1.200000 seconds away from collision
[controller_server-15] [WARN] [1790433049.033822451] [controller_server]: RegulatedPurePursuitController detected collision ahead!
[collision_monitor-23] [INFO] [1790433049.055752418] [collision_monitor]: Robot to continue normal operation
[controller_server-15] [WARN] [1790433049.083854560] [controller_server]: RegulatedPurePursuitController detected collision ahead!
[controller_server-15] [WARN] [1790433049.133769836] [controller_server]: RegulatedPurePursuitController detected collision ahead!
[controller_server-15] [WARN] [1790433049.183819683] [controller_server]: RegulatedPurePursuitController detected collision ahead!
[controller_server-15] [WARN] [1790433049.233738939] [controller_server]: RegulatedPurePursuitController detected collision ahead!
[controller_server-15] [WARN] [1790433049.283829988] [controller_server]: RegulatedPurePursuitController detected collision ahead!
[controller_server-15] [WARN] [1790433049.333795475] [controller_server]: RegulatedPurePursuitController detected collision ahead!
[controller_server-15] [ERROR] [1790433049.333859862] [controller_server]: Controller patience exceeded
[controller_server-15] [WARN] [1790433049.333976765] [controller_server]: [follow_path] [ActionServer] Aborting handle.
[controller_server-15] [INFO] [1790433049.353221109] [local_costmap.local_costmap]: Received request to clear entirely the local_costmap
[controller_server-15] [INFO] [1790433049.353809883] [controller_server]: Received a goal, begin computing control effort.
[controller_server-15] [WARN] [1790433049.454275090] [controller_server]: Control loop missed its desired rate of 20.0000 Hz. Current loop rate is 9.9010 Hz.
[controller_server-15] [INFO] [1790433049.954415586] [controller_server]: Passing new path to controller.
[collision_monitor-23] [INFO] [1790433050.015831469] [collision_monitor]: Robot to approach for 1.200000 seconds away from collision
[controller_server-15] [WARN] [1790433050.154730207] [controller_server]: RegulatedPurePursuitController detected collision ahead!
[controller_server-15] [WARN] [1790433050.204705520] [controller_server]: RegulatedPurePursuitController detected collision ahead!
[collision_monitor-23] [INFO] [1790433050.216091879] [collision_monitor]: Robot to continue normal operation
[controller_server-15] [WARN] [1790433050.404704609] [controller_server]: RegulatedPurePursuitController detected collision ahead!
[collision_monitor-23] [INFO] [1790433050.755741331] [collision_monitor]: Robot to approach for 1.200000 seconds away from collision
[collision_monitor-23] [INFO] [1790433050.815855062] [collision_monitor]: Robot to continue normal operation
[controller_server-15] [INFO] [1790433051.004411714] [controller_server]: Passing new path to controller.
[controller_server-15] [WARN] [1790433051.454681609] [controller_server]: RegulatedPurePursuitController detected collision ahead!
[controller_server-15] [WARN] [1790433051.504659835] [controller_server]: RegulatedPurePursuitController detected collision ahead!
[controller_server-15] [WARN] [1790433051.554621649] [controller_server]: RegulatedPurePursuitController detected collision ahead!
[controller_server-15] [WARN] [1790433051.604660910] [controller_server]: RegulatedPurePursuitController detected collision ahead!
[controller_server-15] [INFO] [1790433052.004411711] [controller_server]: Passing new path to controller.
[controller_server-15] [WARN] [1790433052.354683395] [controller_server]: RegulatedPurePursuitController detected collision ahead!
[controller_server-15] [WARN] [1790433052.404697565] [controller_server]: RegulatedPurePursuitController detected collision ahead!
[controller_server-15] [WARN] [1790433053.004646023] [controller_server]: RegulatedPurePursuitController detected collision ahead!
[collision_monitor-23] [INFO] [1790433053.015829780] [collision_monitor]: Robot to approach for 1.200000 seconds away from collision
[controller_server-15] [INFO] [1790433053.054412332] [controller_server]: Passing new path to controller.
[collision_monitor-23] [INFO] [1790433053.055749031] [collision_monitor]: Robot to continue normal operation
[collision_monitor-23] [INFO] [1790433053.115829728] [collision_monitor]: Robot to approach for 1.200000 seconds away from collision
[controller_server-15] [WARN] [1790433053.154672693] [controller_server]: RegulatedPurePursuitController detected collision ahead!
[collision_monitor-23] [INFO] [1790433053.155722442] [collision_monitor]: Robot to continue normal operation
[controller_server-15] [WARN] [1790433053.204578321] [controller_server]: RegulatedPurePursuitController detected collision ahead!
[controller_server-15] [WARN] [1790433053.404692676] [controller_server]: RegulatedPurePursuitController detected collision ahead!
[collision_monitor-23] [INFO] [1790433053.415932440] [collision_monitor]: Robot to approach for 1.200000 seconds away from collision
[collision_monitor-23] [INFO] [1790433053.455718307] [collision_monitor]: Robot to continue normal operation
[controller_server-15] [WARN] [1790433053.504794863] [controller_server]: RegulatedPurePursuitController detected collision ahead!
[collision_monitor-23] [INFO] [1790433053.515843490] [collision_monitor]: Robot to approach for 1.200000 seconds away from collision
[controller_server-15] [WARN] [1790433053.554722838] [controller_server]: RegulatedPurePursuitController detected collision ahead!
[collision_monitor-23] [INFO] [1790433053.555731315] [collision_monitor]: Robot to continue normal operation
[controller_server-15] [WARN] [1790433053.604749279] [controller_server]: RegulatedPurePursuitController detected collision ahead!
[controller_server-15] [WARN] [1790433053.704638471] [controller_server]: RegulatedPurePursuitController detected collision ahead!
[controller_server-15] [WARN] [1790433053.754667077] [controller_server]: RegulatedPurePursuitController detected collision ahead!
[controller_server-15] [WARN] [1790433053.804616072] [controller_server]: RegulatedPurePursuitController detected collision ahead!
[controller_server-15] [WARN] [1790433054.004601792] [controller_server]: RegulatedPurePursuitController detected collision ahead!
[controller_server-15] [INFO] [1790433054.054459215] [controller_server]: Passing new path to controller.
[controller_server-15] [WARN] [1790433054.354709580] [controller_server]: RegulatedPurePursuitController detected collision ahead!
[controller_server-15] [WARN] [1790433054.404602200] [controller_server]: RegulatedPurePursuitController detected collision ahead!
[controller_server-15] [WARN] [1790433054.554669944] [controller_server]: RegulatedPurePursuitController detected collision ahead!
[controller_server-15] [WARN] [1790433054.604753141] [controller_server]: RegulatedPurePursuitController detected collision ahead!
[controller_server-15] [WARN] [1790433054.804619158] [controller_server]: RegulatedPurePursuitController detected collision ahead!
[collision_monitor-23] [INFO] [1790433054.915816857] [collision_monitor]: Robot to approach for 1.200000 seconds away from collision
[collision_monitor-23] [INFO] [1790433054.955756205] [collision_monitor]: Robot to continue normal operation
[controller_server-15] [WARN] [1790433055.004585387] [controller_server]: RegulatedPurePursuitController detected collision ahead!
[collision_monitor-23] [INFO] [1790433055.015841553] [collision_monitor]: Robot to approach for 1.200000 seconds away from collision
[collision_monitor-23] [INFO] [1790433055.055730954] [collision_monitor]: Robot to continue normal operation
[controller_server-15] [INFO] [1790433055.104421707] [controller_server]: Passing new path to controller.
[collision_monitor-23] [INFO] [1790433055.115838841] [collision_monitor]: Robot to approach for 1.200000 seconds away from collision
[collision_monitor-23] [INFO] [1790433055.155742418] [collision_monitor]: Robot to continue normal operation
[collision_monitor-23] [INFO] [1790433055.315958629] [collision_monitor]: Robot to approach for 1.200000 seconds away from collision
[controller_server-15] [WARN] [1790433055.354731101] [controller_server]: RegulatedPurePursuitController detected collision ahead!
[collision_monitor-23] [INFO] [1790433055.355770724] [collision_monitor]: Robot to continue normal operation
[controller_server-15] [WARN] [1790433055.404863932] [controller_server]: RegulatedPurePursuitController detected collision ahead!
[controller_server-15] [WARN] [1790433055.554643203] [controller_server]: RegulatedPurePursuitController detected collision ahead!
[controller_server-15] [WARN] [1790433055.604610387] [controller_server]: RegulatedPurePursuitController detected collision ahead!
[controller_server-15] [WARN] [1790433055.804735413] [controller_server]: RegulatedPurePursuitController detected collision ahead!
[controller_server-15] [WARN] [1790433056.054600572] [controller_server]: RegulatedPurePursuitController detected collision ahead!
[controller_server-15] [INFO] [1790433056.104415358] [controller_server]: Passing new path to controller.
[controller_server-15] [WARN] [1790433056.104769278] [controller_server]: RegulatedPurePursuitController detected collision ahead!
[controller_server-15] [WARN] [1790433056.154673942] [controller_server]: RegulatedPurePursuitController detected collision ahead!
[controller_server-15] [WARN] [1790433056.204592362] [controller_server]: RegulatedPurePursuitController detected collision ahead!
[controller_server-15] [INFO] [1790433057.154415308] [controller_server]: Passing new path to controller.
[controller_server-15] [INFO] [1790433058.154419162] [controller_server]: Passing new path to controller.
[controller_server-15] [INFO] [1790433059.204422517] [controller_server]: Passing new path to controller.
[controller_server-15] [INFO] [1790433060.204421723] [controller_server]: Passing new path to controller.
[controller_server-15] [INFO] [1790433061.254677605] [controller_server]: Passing new path to controller.
[controller_server-15] [INFO] [1790433062.254436637] [controller_server]: Passing new path to controller.
[controller_server-15] [INFO] [1790433063.254428016] [controller_server]: Passing new path to controller.
[controller_server-15] [INFO] [1790433064.304420933] [controller_server]: Passing new path to controller.
[controller_server-15] [INFO] [1790433065.304412052] [controller_server]: Passing new path to controller.
[controller_server-15] [INFO] [1790433066.354414393] [controller_server]: Passing new path to controller.
[controller_server-15] [INFO] [1790433067.354427688] [controller_server]: Passing new path to controller.
[controller_server-15] [INFO] [1790433068.404413986] [controller_server]: Passing new path to controller.
[controller_server-15] [INFO] [1790433069.404417286] [controller_server]: Passing new path to controller.
[controller_server-15] [INFO] [1790433070.454413051] [controller_server]: Passing new path to controller.
[controller_server-15] [INFO] [1790433071.454422997] [controller_server]: Passing new path to controller.
[controller_server-15] [INFO] [1790433072.504414215] [controller_server]: Passing new path to controller.
[controller_server-15] [INFO] [1790433073.504420071] [controller_server]: Passing new path to controller.
[controller_server-15] [INFO] [1790433074.554415002] [controller_server]: Passing new path to controller.
[controller_server-15] [INFO] [1790433075.554414622] [controller_server]: Passing new path to controller.
[controller_server-15] [INFO] [1790433076.604416917] [controller_server]: Passing new path to controller.
[controller_server-15] [INFO] [1790433077.604429106] [controller_server]: Passing new path to controller.
[controller_server-15] [INFO] [1790433078.104455511] [controller_server]: Reached the goal!
[bt_navigator-20] [INFO] [1790433078.132969191] [bt_navigator]: Goal succeeded
[nav_benchmark_runner.py-9] [INFO] [1790433079.141130291] [nav_benchmark_runner]: Saved trial 12 (east_detour): SUCCEEDED, error=0.047 m
[bt_navigator-20] [INFO] [1790433079.141909007] [bt_navigator]: Begin navigating from current location (0.34, -0.01) to (-3.00, -2.40)
[nav_benchmark_runner.py-9] [INFO] [1790433079.142852810] [nav_benchmark_runner]: Goal 'south_west_corridor' accepted: x=-3.00, y=-2.40, yaw=3.1416
[controller_server-15] [INFO] [1790433079.162767087] [controller_server]: Received a goal, begin computing control effort.
[controller_server-15] [INFO] [1790433080.213014394] [controller_server]: Passing new path to controller.
[controller_server-15] [INFO] [1790433081.262967349] [controller_server]: Passing new path to controller.
[controller_server-15] [INFO] [1790433082.262938245] [controller_server]: Passing new path to controller.
[controller_server-15] [INFO] [1790433083.312930957] [controller_server]: Passing new path to controller.
[controller_server-15] [WARN] [1790433083.613241698] [controller_server]: RegulatedPurePursuitController detected collision ahead!
[collision_monitor-23] [INFO] [1790433084.015845208] [collision_monitor]: Robot to approach for 1.200000 seconds away from collision
[collision_monitor-23] [INFO] [1790433084.055712889] [collision_monitor]: Robot to continue normal operation
[controller_server-15] [INFO] [1790433084.312930400] [controller_server]: Passing new path to controller.
[controller_server-15] [WARN] [1790433084.313413579] [controller_server]: RegulatedPurePursuitController detected collision ahead!
[controller_server-15] [WARN] [1790433084.363244985] [controller_server]: RegulatedPurePursuitController detected collision ahead!
[controller_server-15] [WARN] [1790433084.413293085] [controller_server]: RegulatedPurePursuitController detected collision ahead!
[controller_server-15] [WARN] [1790433084.613270538] [controller_server]: RegulatedPurePursuitController detected collision ahead!
[collision_monitor-23] [INFO] [1790433084.615907317] [collision_monitor]: Robot to approach for 1.200000 seconds away from collision
[collision_monitor-23] [INFO] [1790433084.655716617] [collision_monitor]: Robot to continue normal operation
[collision_monitor-23] [INFO] [1790433084.715841433] [collision_monitor]: Robot to approach for 1.200000 seconds away from collision
[collision_monitor-23] [INFO] [1790433084.755735930] [collision_monitor]: Robot to continue normal operation
[controller_server-15] [WARN] [1790433085.013307914] [controller_server]: RegulatedPurePursuitController detected collision ahead!
[controller_server-15] [WARN] [1790433085.213207454] [controller_server]: RegulatedPurePursuitController detected collision ahead!
[controller_server-15] [INFO] [1790433085.362957299] [controller_server]: Passing new path to controller.
[controller_server-15] [WARN] [1790433085.413463496] [controller_server]: RegulatedPurePursuitController detected collision ahead!
[controller_server-15] [WARN] [1790433085.613353818] [controller_server]: RegulatedPurePursuitController detected collision ahead!
[controller_server-15] [WARN] [1790433085.763271822] [controller_server]: RegulatedPurePursuitController detected collision ahead!
[controller_server-15] [WARN] [1790433085.813223191] [controller_server]: RegulatedPurePursuitController detected collision ahead!
[controller_server-15] [WARN] [1790433086.013396406] [controller_server]: RegulatedPurePursuitController detected collision ahead!
[controller_server-15] [INFO] [1790433086.362951295] [controller_server]: Passing new path to controller.
[collision_monitor-23] [INFO] [1790433086.515840893] [collision_monitor]: Robot to approach for 1.200000 seconds away from collision
[collision_monitor-23] [INFO] [1790433086.555723710] [collision_monitor]: Robot to continue normal operation
[controller_server-15] [WARN] [1790433086.563235013] [controller_server]: RegulatedPurePursuitController detected collision ahead!
[controller_server-15] [WARN] [1790433086.613286861] [controller_server]: RegulatedPurePursuitController detected collision ahead!
[controller_server-15] [WARN] [1790433086.713251028] [controller_server]: RegulatedPurePursuitController detected collision ahead!
[controller_server-15] [WARN] [1790433086.763220123] [controller_server]: RegulatedPurePursuitController detected collision ahead!
[controller_server-15] [WARN] [1790433086.813235797] [controller_server]: RegulatedPurePursuitController detected collision ahead!
[controller_server-15] [WARN] [1790433086.963395111] [controller_server]: RegulatedPurePursuitController detected collision ahead!
[controller_server-15] [WARN] [1790433087.013406103] [controller_server]: RegulatedPurePursuitController detected collision ahead!
[controller_server-15] [INFO] [1790433087.412940818] [controller_server]: Passing new path to controller.
[controller_server-15] [WARN] [1790433087.413479375] [controller_server]: RegulatedPurePursuitController detected collision ahead!
[controller_server-15] [WARN] [1790433087.563276567] [controller_server]: RegulatedPurePursuitController detected collision ahead!
[controller_server-15] [WARN] [1790433087.613289645] [controller_server]: RegulatedPurePursuitController detected collision ahead!
[controller_server-15] [WARN] [1790433087.813308788] [controller_server]: RegulatedPurePursuitController detected collision ahead!
[controller_server-15] [WARN] [1790433087.963299070] [controller_server]: RegulatedPurePursuitController detected collision ahead!
[controller_server-15] [WARN] [1790433088.013200482] [controller_server]: RegulatedPurePursuitController detected collision ahead!
[controller_server-15] [WARN] [1790433088.113247147] [controller_server]: RegulatedPurePursuitController detected collision ahead!
[controller_server-15] [WARN] [1790433088.163301276] [controller_server]: RegulatedPurePursuitController detected collision ahead!
[controller_server-15] [WARN] [1790433088.213314134] [controller_server]: RegulatedPurePursuitController detected collision ahead!
[controller_server-15] [INFO] [1790433088.412929663] [controller_server]: Passing new path to controller.
[controller_server-15] [WARN] [1790433088.813372334] [controller_server]: RegulatedPurePursuitController detected collision ahead!
[controller_server-15] [WARN] [1790433089.313262568] [controller_server]: RegulatedPurePursuitController detected collision ahead!
[collision_monitor-23] [INFO] [1790433089.315839566] [collision_monitor]: Robot to approach for 1.200000 seconds away from collision
[collision_monitor-23] [INFO] [1790433089.355795192] [collision_monitor]: Robot to continue normal operation
[controller_server-15] [WARN] [1790433089.363399997] [controller_server]: RegulatedPurePursuitController detected collision ahead!
[controller_server-15] [WARN] [1790433089.413337004] [controller_server]: RegulatedPurePursuitController detected collision ahead!
[controller_server-15] [INFO] [1790433089.462934481] [controller_server]: Passing new path to controller.
[controller_server-15] [WARN] [1790433089.513352711] [controller_server]: RegulatedPurePursuitController detected collision ahead!
[controller_server-15] [WARN] [1790433089.563201519] [controller_server]: RegulatedPurePursuitController detected collision ahead!
[controller_server-15] [WARN] [1790433089.613258779] [controller_server]: RegulatedPurePursuitController detected collision ahead!
[controller_server-15] [WARN] [1790433090.013253795] [controller_server]: RegulatedPurePursuitController detected collision ahead!
[controller_server-15] [WARN] [1790433090.363231490] [controller_server]: RegulatedPurePursuitController detected collision ahead!
[controller_server-15] [WARN] [1790433090.413339369] [controller_server]: RegulatedPurePursuitController detected collision ahead!
[controller_server-15] [INFO] [1790433090.462936346] [controller_server]: Passing new path to controller.
[controller_server-15] [WARN] [1790433090.613358588] [controller_server]: RegulatedPurePursuitController detected collision ahead!
[collision_monitor-23] [INFO] [1790433090.815801938] [collision_monitor]: Robot to approach for 1.200000 seconds away from collision
[collision_monitor-23] [INFO] [1790433090.855720054] [collision_monitor]: Robot to continue normal operation
[controller_server-15] [WARN] [1790433091.013284101] [controller_server]: RegulatedPurePursuitController detected collision ahead!
[collision_monitor-23] [INFO] [1790433091.015968781] [collision_monitor]: Robot to approach for 1.200000 seconds away from collision
[collision_monitor-23] [INFO] [1790433091.055756859] [collision_monitor]: Robot to continue normal operation
[collision_monitor-23] [INFO] [1790433091.115832137] [collision_monitor]: Robot to approach for 1.200000 seconds away from collision
[collision_monitor-23] [INFO] [1790433091.155739560] [collision_monitor]: Robot to continue normal operation
[controller_server-15] [WARN] [1790433091.213363472] [controller_server]: RegulatedPurePursuitController detected collision ahead!
[collision_monitor-23] [INFO] [1790433091.315799426] [collision_monitor]: Robot to approach for 1.200000 seconds away from collision
[collision_monitor-23] [INFO] [1790433091.355722911] [collision_monitor]: Robot to continue normal operation
[controller_server-15] [WARN] [1790433091.413359323] [controller_server]: RegulatedPurePursuitController detected collision ahead!
[controller_server-15] [INFO] [1790433091.512936222] [controller_server]: Passing new path to controller.
[collision_monitor-23] [INFO] [1790433091.515836618] [collision_monitor]: Robot to approach for 1.200000 seconds away from collision
[collision_monitor-23] [INFO] [1790433091.555729097] [collision_monitor]: Robot to continue normal operation
[controller_server-15] [WARN] [1790433091.563296189] [controller_server]: RegulatedPurePursuitController detected collision ahead!
[controller_server-15] [WARN] [1790433091.613304754] [controller_server]: RegulatedPurePursuitController detected collision ahead!
[controller_server-15] [WARN] [1790433091.813225464] [controller_server]: RegulatedPurePursuitController detected collision ahead!
[controller_server-15] [WARN] [1790433091.963219943] [controller_server]: RegulatedPurePursuitController detected collision ahead!
[controller_server-15] [WARN] [1790433092.013256368] [controller_server]: RegulatedPurePursuitController detected collision ahead!
[controller_server-15] [WARN] [1790433092.213415028] [controller_server]: RegulatedPurePursuitController detected collision ahead!
[controller_server-15] [INFO] [1790433092.512970675] [controller_server]: Passing new path to controller.
[collision_monitor-23] [INFO] [1790433092.515802285] [collision_monitor]: Robot to approach for 1.200000 seconds away from collision
[collision_monitor-23] [INFO] [1790433092.555730020] [collision_monitor]: Robot to continue normal operation
[controller_server-15] [WARN] [1790433092.613391421] [controller_server]: RegulatedPurePursuitController detected collision ahead!
[collision_monitor-23] [INFO] [1790433092.615924353] [collision_monitor]: Robot to approach for 1.200000 seconds away from collision
[collision_monitor-23] [INFO] [1790433092.655732534] [collision_monitor]: Robot to continue normal operation
[controller_server-15] [WARN] [1790433092.763262961] [controller_server]: RegulatedPurePursuitController detected collision ahead!
[controller_server-15] [WARN] [1790433092.813391349] [controller_server]: RegulatedPurePursuitController detected collision ahead!
[controller_server-15] [WARN] [1790433093.013260547] [controller_server]: RegulatedPurePursuitController detected collision ahead!
[collision_monitor-23] [INFO] [1790433093.115812241] [collision_monitor]: Robot to approach for 1.200000 seconds away from collision
[collision_monitor-23] [INFO] [1790433093.155737315] [collision_monitor]: Robot to continue normal operation
[controller_server-15] [WARN] [1790433093.213410855] [controller_server]: RegulatedPurePursuitController detected collision ahead!
[collision_monitor-23] [INFO] [1790433093.315819670] [collision_monitor]: Robot to approach for 1.200000 seconds away from collision
[collision_monitor-23] [INFO] [1790433093.355735246] [collision_monitor]: Robot to continue normal operation
[controller_server-15] [WARN] [1790433093.363402477] [controller_server]: RegulatedPurePursuitController detected collision ahead!
[controller_server-15] [WARN] [1790433093.413233992] [controller_server]: RegulatedPurePursuitController detected collision ahead!
[controller_server-15] [INFO] [1790433093.562953404] [controller_server]: Passing new path to controller.
[collision_monitor-23] [INFO] [1790433093.615814716] [collision_monitor]: Robot to approach for 1.200000 seconds away from collision
[collision_monitor-23] [INFO] [1790433093.655724636] [collision_monitor]: Robot to continue normal operation
[collision_monitor-23] [INFO] [1790433093.715832641] [collision_monitor]: Robot to approach for 1.200000 seconds away from collision
[collision_monitor-23] [INFO] [1790433093.755731528] [collision_monitor]: Robot to continue normal operation
[controller_server-15] [WARN] [1790433093.813293892] [controller_server]: RegulatedPurePursuitController detected collision ahead!
[controller_server-15] [WARN] [1790433093.913253995] [controller_server]: RegulatedPurePursuitController detected collision ahead!
[controller_server-15] [WARN] [1790433093.963218823] [controller_server]: RegulatedPurePursuitController detected collision ahead!
[controller_server-15] [WARN] [1790433094.013311514] [controller_server]: RegulatedPurePursuitController detected collision ahead!
[controller_server-15] [INFO] [1790433094.562927580] [controller_server]: Passing new path to controller.
[controller_server-15] [WARN] [1790433094.563300840] [controller_server]: RegulatedPurePursuitController detected collision ahead!
[controller_server-15] [WARN] [1790433094.613554140] [controller_server]: RegulatedPurePursuitController detected collision ahead!
[controller_server-15] [WARN] [1790433095.163181347] [controller_server]: RegulatedPurePursuitController detected collision ahead!
[controller_server-15] [WARN] [1790433095.213235681] [controller_server]: RegulatedPurePursuitController detected collision ahead!
[collision_monitor-23] [INFO] [1790433095.526009363] [collision_monitor]: Robot to approach for 1.200000 seconds away from collision
[controller_server-15] [WARN] [1790433095.563149321] [controller_server]: RegulatedPurePursuitController detected collision ahead!
[collision_monitor-23] [INFO] [1790433095.565918917] [collision_monitor]: Robot to continue normal operation
[controller_server-15] [INFO] [1790433095.612938917] [controller_server]: Passing new path to controller.
[controller_server-15] [WARN] [1790433095.613373560] [controller_server]: RegulatedPurePursuitController detected collision ahead!
[controller_server-15] [WARN] [1790433095.763182437] [controller_server]: RegulatedPurePursuitController detected collision ahead!
[controller_server-15] [WARN] [1790433095.813195150] [controller_server]: RegulatedPurePursuitController detected collision ahead!
[collision_monitor-23] [INFO] [1790433096.025913163] [collision_monitor]: Robot to approach for 1.200000 seconds away from collision
[collision_monitor-23] [INFO] [1790433096.065878087] [collision_monitor]: Robot to continue normal operation
[collision_monitor-23] [INFO] [1790433096.126406872] [collision_monitor]: Robot to approach for 1.200000 seconds away from collision
[collision_monitor-23] [INFO] [1790433096.225914534] [collision_monitor]: Robot to continue normal operation
[controller_server-15] [WARN] [1790433096.363163831] [controller_server]: RegulatedPurePursuitController detected collision ahead!
[collision_monitor-23] [INFO] [1790433096.365942784] [collision_monitor]: Robot to approach for 1.200000 seconds away from collision
[controller_server-15] [WARN] [1790433096.413161450] [controller_server]: RegulatedPurePursuitController detected collision ahead!
[collision_monitor-23] [INFO] [1790433096.426082946] [collision_monitor]: Robot to continue normal operation
[controller_server-15] [INFO] [1790433096.612934117] [controller_server]: Passing new path to controller.
[controller_server-15] [WARN] [1790433096.613352978] [controller_server]: RegulatedPurePursuitController detected collision ahead!
[collision_monitor-23] [INFO] [1790433096.626339558] [collision_monitor]: Robot to approach for 1.200000 seconds away from collision
[controller_server-15] [WARN] [1790433096.663129085] [controller_server]: RegulatedPurePursuitController detected collision ahead!
[collision_monitor-23] [INFO] [1790433096.665870468] [collision_monitor]: Robot to continue normal operation
[controller_server-15] [WARN] [1790433096.813184933] [controller_server]: RegulatedPurePursuitController detected collision ahead!
[controller_server-15] [WARN] [1790433097.013169332] [controller_server]: RegulatedPurePursuitController detected collision ahead!
[controller_server-15] [WARN] [1790433097.163276687] [controller_server]: RegulatedPurePursuitController detected collision ahead!
[controller_server-15] [WARN] [1790433097.213149713] [controller_server]: RegulatedPurePursuitController detected collision ahead!
[controller_server-15] [WARN] [1790433097.313149960] [controller_server]: RegulatedPurePursuitController detected collision ahead!
[controller_server-15] [WARN] [1790433097.363143030] [controller_server]: RegulatedPurePursuitController detected collision ahead!
[controller_server-15] [INFO] [1790433097.662928195] [controller_server]: Passing new path to controller.
[collision_monitor-23] [INFO] [1790433098.605822424] [collision_monitor]: Robot to approach for 1.200000 seconds away from collision
[controller_server-15] [WARN] [1790433098.613184964] [controller_server]: RegulatedPurePursuitController detected collision ahead!
[controller_server-15] [INFO] [1790433098.662939124] [controller_server]: Passing new path to controller.
[collision_monitor-23] [INFO] [1790433098.665959071] [collision_monitor]: Robot to continue normal operation
[controller_server-15] [WARN] [1790433098.813156927] [controller_server]: RegulatedPurePursuitController detected collision ahead!
[controller_server-15] [WARN] [1790433098.963259644] [controller_server]: RegulatedPurePursuitController detected collision ahead!
[controller_server-15] [WARN] [1790433099.013128957] [controller_server]: RegulatedPurePursuitController detected collision ahead!
[controller_server-15] [WARN] [1790433099.163212441] [controller_server]: RegulatedPurePursuitController detected collision ahead!
[controller_server-15] [WARN] [1790433099.213153885] [controller_server]: RegulatedPurePursuitController detected collision ahead!
[controller_server-15] [WARN] [1790433099.563100773] [controller_server]: RegulatedPurePursuitController detected collision ahead!
[controller_server-15] [WARN] [1790433099.613215474] [controller_server]: RegulatedPurePursuitController detected collision ahead!
[controller_server-15] [INFO] [1790433099.712934044] [controller_server]: Passing new path to controller.
[controller_server-15] [WARN] [1790433099.763141903] [controller_server]: RegulatedPurePursuitController detected collision ahead!
[controller_server-15] [WARN] [1790433099.813115470] [controller_server]: RegulatedPurePursuitController detected collision ahead!
[controller_server-15] [WARN] [1790433100.013219866] [controller_server]: RegulatedPurePursuitController detected collision ahead!
[controller_server-15] [WARN] [1790433100.213130859] [controller_server]: RegulatedPurePursuitController detected collision ahead!
[controller_server-15] [INFO] [1790433100.712937600] [controller_server]: Passing new path to controller.
[collision_monitor-23] [INFO] [1790433100.805831612] [collision_monitor]: Robot to approach for 1.200000 seconds away from collision
[controller_server-15] [WARN] [1790433100.813172849] [controller_server]: RegulatedPurePursuitController detected collision ahead!
[collision_monitor-23] [INFO] [1790433100.865907341] [collision_monitor]: Robot to continue normal operation
[controller_server-15] [WARN] [1790433101.413085083] [controller_server]: RegulatedPurePursuitController detected collision ahead!
[controller_server-15] [INFO] [1790433101.762931280] [controller_server]: Passing new path to controller.
[controller_server-15] [INFO] [1790433102.762932923] [controller_server]: Passing new path to controller.
[controller_server-15] [INFO] [1790433103.812927890] [controller_server]: Passing new path to controller.
[controller_server-15] [INFO] [1790433104.812933358] [controller_server]: Passing new path to controller.
[controller_server-15] [INFO] [1790433105.862932137] [controller_server]: Passing new path to controller.
[controller_server-15] [INFO] [1790433106.762912587] [controller_server]: Reached the goal!
[bt_navigator-20] [INFO] [1790433106.792278693] [bt_navigator]: Goal succeeded
[bt_navigator-20] [INFO] [1790433107.794791505] [bt_navigator]: Begin navigating from current location (-2.94, -2.41) to (0.30, 0.00)
[nav_benchmark_runner.py-9] [INFO] [1790433107.795035643] [nav_benchmark_runner]: Goal 'return_to_start' accepted: x=0.30, y=0.00, yaw=0.0000
[controller_server-15] [INFO] [1790433107.815526975] [controller_server]: Received a goal, begin computing control effort.
[controller_server-15] [INFO] [1790433108.865672781] [controller_server]: Passing new path to controller.
[controller_server-15] [INFO] [1790433110.002276030] [controller_server]: Passing new path to controller.
[controller_server-15] [INFO] [1790433111.052277905] [controller_server]: Passing new path to controller.
[controller_server-15] [INFO] [1790433112.052275737] [controller_server]: Passing new path to controller.
[controller_server-15] [INFO] [1790433113.102428450] [controller_server]: Passing new path to controller.
[controller_server-15] [INFO] [1790433114.102279773] [controller_server]: Passing new path to controller.
[collision_monitor-23] [INFO] [1790433115.142354388] [collision_monitor]: Robot to approach for 1.200000 seconds away from collision
[controller_server-15] [INFO] [1790433115.152283394] [controller_server]: Passing new path to controller.
[collision_monitor-23] [INFO] [1790433115.202452522] [collision_monitor]: Robot to continue normal operation
[collision_monitor-23] [INFO] [1790433115.362663002] [collision_monitor]: Robot to approach for 1.200000 seconds away from collision
[collision_monitor-23] [INFO] [1790433115.402542368] [collision_monitor]: Robot to continue normal operation
[controller_server-15] [WARN] [1790433115.852704594] [controller_server]: RegulatedPurePursuitController detected collision ahead!
[collision_monitor-23] [INFO] [1790433115.942370684] [collision_monitor]: Robot to approach for 1.200000 seconds away from collision
[collision_monitor-23] [INFO] [1790433116.002466094] [collision_monitor]: Robot to continue normal operation
[collision_monitor-23] [INFO] [1790433116.042408449] [collision_monitor]: Robot to approach for 1.200000 seconds away from collision
[controller_server-15] [WARN] [1790433116.052678728] [controller_server]: RegulatedPurePursuitController detected collision ahead!
[collision_monitor-23] [INFO] [1790433116.102573203] [collision_monitor]: Robot to continue normal operation
[collision_monitor-23] [INFO] [1790433116.142462345] [collision_monitor]: Robot to approach for 1.200000 seconds away from collision
[controller_server-15] [INFO] [1790433116.152275989] [controller_server]: Passing new path to controller.
[collision_monitor-23] [INFO] [1790433116.202476122] [collision_monitor]: Robot to continue normal operation
[collision_monitor-23] [INFO] [1790433116.242334817] [collision_monitor]: Robot to approach for 1.200000 seconds away from collision
[controller_server-15] [WARN] [1790433116.252656981] [controller_server]: RegulatedPurePursuitController detected collision ahead!
[collision_monitor-23] [INFO] [1790433116.302468845] [collision_monitor]: Robot to continue normal operation
[collision_monitor-23] [INFO] [1790433116.342333336] [collision_monitor]: Robot to approach for 1.200000 seconds away from collision
[collision_monitor-23] [INFO] [1790433116.402603119] [collision_monitor]: Robot to continue normal operation
[collision_monitor-23] [INFO] [1790433116.442319565] [collision_monitor]: Robot to approach for 1.200000 seconds away from collision
[controller_server-15] [WARN] [1790433116.452659816] [controller_server]: RegulatedPurePursuitController detected collision ahead!
[collision_monitor-23] [INFO] [1790433116.502692211] [collision_monitor]: Robot to continue normal operation
[collision_monitor-23] [INFO] [1790433116.542327372] [collision_monitor]: Robot to approach for 1.200000 seconds away from collision
[collision_monitor-23] [INFO] [1790433116.602469151] [collision_monitor]: Robot to continue normal operation
[controller_server-15] [WARN] [1790433116.602698970] [controller_server]: RegulatedPurePursuitController detected collision ahead!
[controller_server-15] [WARN] [1790433116.652696728] [controller_server]: RegulatedPurePursuitController detected collision ahead!
[controller_server-15] [WARN] [1790433116.802743076] [controller_server]: RegulatedPurePursuitController detected collision ahead!
[controller_server-15] [WARN] [1790433116.852707175] [controller_server]: RegulatedPurePursuitController detected collision ahead!
[collision_monitor-23] [INFO] [1790433117.042702441] [collision_monitor]: Robot to approach for 1.200000 seconds away from collision
[controller_server-15] [WARN] [1790433117.052770764] [controller_server]: RegulatedPurePursuitController detected collision ahead!
[collision_monitor-23] [INFO] [1790433117.102458535] [collision_monitor]: Robot to continue normal operation
[controller_server-15] [WARN] [1790433117.152668584] [controller_server]: RegulatedPurePursuitController detected collision ahead!
[controller_server-15] [INFO] [1790433117.202268786] [controller_server]: Passing new path to controller.
[controller_server-15] [WARN] [1790433117.202782753] [controller_server]: RegulatedPurePursuitController detected collision ahead!
[controller_server-15] [WARN] [1790433117.252683933] [controller_server]: RegulatedPurePursuitController detected collision ahead!
[controller_server-15] [WARN] [1790433117.402992572] [controller_server]: RegulatedPurePursuitController detected collision ahead!
[controller_server-15] [WARN] [1790433117.452716167] [controller_server]: RegulatedPurePursuitController detected collision ahead!
[collision_monitor-23] [INFO] [1790433117.642352424] [collision_monitor]: Robot to approach for 1.200000 seconds away from collision
[collision_monitor-23] [INFO] [1790433117.702477653] [collision_monitor]: Robot to continue normal operation
[collision_monitor-23] [INFO] [1790433117.742303457] [collision_monitor]: Robot to approach for 1.200000 seconds away from collision
[controller_server-15] [WARN] [1790433117.752665496] [controller_server]: RegulatedPurePursuitController detected collision ahead!
[collision_monitor-23] [INFO] [1790433117.802469469] [collision_monitor]: Robot to continue normal operation
[controller_server-15] [WARN] [1790433118.002718952] [controller_server]: RegulatedPurePursuitController detected collision ahead!
[controller_server-15] [WARN] [1790433118.052767059] [controller_server]: RegulatedPurePursuitController detected collision ahead!
[controller_server-15] [INFO] [1790433118.202274369] [controller_server]: Passing new path to controller.
[controller_server-15] [WARN] [1790433118.252643078] [controller_server]: RegulatedPurePursuitController detected collision ahead!
[collision_monitor-23] [INFO] [1790433118.542410955] [collision_monitor]: Robot to approach for 1.200000 seconds away from collision
[controller_server-15] [WARN] [1790433118.552693873] [controller_server]: RegulatedPurePursuitController detected collision ahead!
[collision_monitor-23] [INFO] [1790433118.602494284] [collision_monitor]: Robot to continue normal operation
[controller_server-15] [WARN] [1790433118.602825710] [controller_server]: RegulatedPurePursuitController detected collision ahead!
[controller_server-15] [WARN] [1790433118.652688482] [controller_server]: RegulatedPurePursuitController detected collision ahead!
[controller_server-15] [INFO] [1790433119.252281481] [controller_server]: Passing new path to controller.
[controller_server-15] [WARN] [1790433119.402782230] [controller_server]: RegulatedPurePursuitController detected collision ahead!
[controller_server-15] [WARN] [1790433119.452780826] [controller_server]: RegulatedPurePursuitController detected collision ahead!
[controller_server-15] [WARN] [1790433119.802696907] [controller_server]: RegulatedPurePursuitController detected collision ahead!
[controller_server-15] [WARN] [1790433119.852668129] [controller_server]: RegulatedPurePursuitController detected collision ahead!
[collision_monitor-23] [INFO] [1790433120.242374259] [collision_monitor]: Robot to approach for 1.200000 seconds away from collision
[controller_server-15] [INFO] [1790433120.252283434] [controller_server]: Passing new path to controller.
[controller_server-15] [WARN] [1790433120.402645145] [controller_server]: RegulatedPurePursuitController detected collision ahead!
[collision_monitor-23] [INFO] [1790433120.442331563] [collision_monitor]: Robot to continue normal operation
[controller_server-15] [WARN] [1790433120.652683796] [controller_server]: RegulatedPurePursuitController detected collision ahead!
[controller_server-15] [WARN] [1790433120.752540067] [controller_server]: RegulatedPurePursuitController detected collision ahead!
[controller_server-15] [WARN] [1790433120.802502909] [controller_server]: RegulatedPurePursuitController detected collision ahead!
[controller_server-15] [WARN] [1790433120.852671128] [controller_server]: RegulatedPurePursuitController detected collision ahead!
[collision_monitor-23] [INFO] [1790433121.242318599] [collision_monitor]: Robot to approach for 1.200000 seconds away from collision
[controller_server-15] [INFO] [1790433121.302277697] [controller_server]: Passing new path to controller.
[collision_monitor-23] [INFO] [1790433121.302432655] [collision_monitor]: Robot to continue normal operation
[collision_monitor-23] [INFO] [1790433121.342313767] [collision_monitor]: Robot to approach for 1.200000 seconds away from collision
[collision_monitor-23] [INFO] [1790433121.442316546] [collision_monitor]: Robot to continue normal operation
[controller_server-15] [WARN] [1790433121.652651600] [controller_server]: RegulatedPurePursuitController detected collision ahead!
[controller_server-15] [WARN] [1790433121.752697606] [controller_server]: RegulatedPurePursuitController detected collision ahead!
[controller_server-15] [WARN] [1790433121.802520014] [controller_server]: RegulatedPurePursuitController detected collision ahead!
[controller_server-15] [WARN] [1790433121.852697522] [controller_server]: RegulatedPurePursuitController detected collision ahead!
[collision_monitor-23] [INFO] [1790433122.242339336] [collision_monitor]: Robot to approach for 1.200000 seconds away from collision
[controller_server-15] [INFO] [1790433122.302281674] [controller_server]: Passing new path to controller.
[collision_monitor-23] [INFO] [1790433122.302419733] [collision_monitor]: Robot to continue normal operation
[collision_monitor-23] [INFO] [1790433122.342322702] [collision_monitor]: Robot to approach for 1.200000 seconds away from collision
[controller_server-15] [WARN] [1790433122.402564342] [controller_server]: RegulatedPurePursuitController detected collision ahead!
[collision_monitor-23] [INFO] [1790433122.442353135] [collision_monitor]: Robot to continue normal operation
[controller_server-15] [WARN] [1790433122.452606234] [controller_server]: RegulatedPurePursuitController detected collision ahead!
[controller_server-15] [WARN] [1790433122.602515500] [controller_server]: RegulatedPurePursuitController detected collision ahead!
[controller_server-15] [WARN] [1790433122.652733790] [controller_server]: RegulatedPurePursuitController detected collision ahead!
[collision_monitor-23] [INFO] [1790433122.842462435] [collision_monitor]: Robot to approach for 1.200000 seconds away from collision
[collision_monitor-23] [INFO] [1790433123.002402384] [collision_monitor]: Robot to continue normal operation
[collision_monitor-23] [INFO] [1790433123.042365549] [collision_monitor]: Robot to approach for 1.200000 seconds away from collision
[controller_server-15] [WARN] [1790433123.052485827] [controller_server]: RegulatedPurePursuitController detected collision ahead!
[collision_monitor-23] [INFO] [1790433123.102417873] [collision_monitor]: Robot to continue normal operation
[collision_monitor-23] [INFO] [1790433123.142398356] [collision_monitor]: Robot to approach for 1.200000 seconds away from collision
[controller_server-15] [WARN] [1790433123.202513180] [controller_server]: RegulatedPurePursuitController detected collision ahead!
[collision_monitor-23] [INFO] [1790433123.203008223] [collision_monitor]: Robot to continue normal operation
[controller_server-15] [WARN] [1790433123.252525394] [controller_server]: RegulatedPurePursuitController detected collision ahead!
[controller_server-15] [INFO] [1790433123.352274331] [controller_server]: Passing new path to controller.
[controller_server-15] [WARN] [1790433123.352667000] [controller_server]: RegulatedPurePursuitController detected collision ahead!
[controller_server-15] [WARN] [1790433123.402578026] [controller_server]: RegulatedPurePursuitController detected collision ahead!
[controller_server-15] [WARN] [1790433123.452497921] [controller_server]: RegulatedPurePursuitController detected collision ahead!
[collision_monitor-23] [INFO] [1790433123.842465575] [collision_monitor]: Robot to approach for 1.200000 seconds away from collision
[controller_server-15] [WARN] [1790433123.852531383] [controller_server]: RegulatedPurePursuitController detected collision ahead!
[collision_monitor-23] [INFO] [1790433123.902465384] [collision_monitor]: Robot to continue normal operation
[collision_monitor-23] [INFO] [1790433123.942369890] [collision_monitor]: Robot to approach for 1.200000 seconds away from collision
[collision_monitor-23] [INFO] [1790433124.002440999] [collision_monitor]: Robot to continue normal operation
[controller_server-15] [WARN] [1790433124.052565224] [controller_server]: RegulatedPurePursuitController detected collision ahead!
[controller_server-15] [WARN] [1790433124.252489915] [controller_server]: RegulatedPurePursuitController detected collision ahead!
[controller_server-15] [INFO] [1790433124.352269719] [controller_server]: Passing new path to controller.
[controller_server-15] [WARN] [1790433124.402534098] [controller_server]: RegulatedPurePursuitController detected collision ahead!
[controller_server-15] [WARN] [1790433124.452647359] [controller_server]: RegulatedPurePursuitController detected collision ahead!
[controller_server-15] [WARN] [1790433124.752486003] [controller_server]: RegulatedPurePursuitController detected collision ahead!
[controller_server-15] [WARN] [1790433124.802499194] [controller_server]: RegulatedPurePursuitController detected collision ahead!
[controller_server-15] [WARN] [1790433124.852493461] [controller_server]: RegulatedPurePursuitController detected collision ahead!
[controller_server-15] [WARN] [1790433125.052540150] [controller_server]: RegulatedPurePursuitController detected collision ahead!
[controller_server-15] [INFO] [1790433125.352268389] [controller_server]: Passing new path to controller.
[controller_server-15] [WARN] [1790433125.452506923] [controller_server]: RegulatedPurePursuitController detected collision ahead!
[controller_server-15] [WARN] [1790433125.652498235] [controller_server]: RegulatedPurePursuitController detected collision ahead!
[controller_server-15] [WARN] [1790433125.802480267] [controller_server]: RegulatedPurePursuitController detected collision ahead!
[controller_server-15] [WARN] [1790433125.852522019] [controller_server]: RegulatedPurePursuitController detected collision ahead!
[controller_server-15] [WARN] [1790433126.202508841] [controller_server]: RegulatedPurePursuitController detected collision ahead!
[controller_server-15] [WARN] [1790433126.252493401] [controller_server]: RegulatedPurePursuitController detected collision ahead!
[controller_server-15] [INFO] [1790433126.402272918] [controller_server]: Passing new path to controller.
[controller_server-15] [WARN] [1790433126.452673540] [controller_server]: RegulatedPurePursuitController detected collision ahead!
[controller_server-15] [WARN] [1790433126.802492274] [controller_server]: RegulatedPurePursuitController detected collision ahead!
[controller_server-15] [WARN] [1790433126.852572575] [controller_server]: RegulatedPurePursuitController detected collision ahead!
[controller_server-15] [WARN] [1790433127.052484138] [controller_server]: RegulatedPurePursuitController detected collision ahead!
[controller_server-15] [INFO] [1790433127.402266141] [controller_server]: Passing new path to controller.
[controller_server-15] [WARN] [1790433127.402657901] [controller_server]: RegulatedPurePursuitController detected collision ahead!
[controller_server-15] [WARN] [1790433127.452635269] [controller_server]: RegulatedPurePursuitController detected collision ahead!
[controller_server-15] [WARN] [1790433127.652498997] [controller_server]: RegulatedPurePursuitController detected collision ahead!
[controller_server-15] [WARN] [1790433127.802503375] [controller_server]: RegulatedPurePursuitController detected collision ahead!
[controller_server-15] [WARN] [1790433127.852506999] [controller_server]: RegulatedPurePursuitController detected collision ahead!
[controller_server-15] [WARN] [1790433128.252547794] [controller_server]: RegulatedPurePursuitController detected collision ahead!
[controller_server-15] [INFO] [1790433128.402379476] [controller_server]: Passing new path to controller.
[controller_server-15] [WARN] [1790433128.403146517] [controller_server]: RegulatedPurePursuitController detected collision ahead!
[controller_server-15] [WARN] [1790433128.452716481] [controller_server]: RegulatedPurePursuitController detected collision ahead!
[controller_server-15] [WARN] [1790433128.652717709] [controller_server]: RegulatedPurePursuitController detected collision ahead!
[controller_server-15] [WARN] [1790433128.852529272] [controller_server]: RegulatedPurePursuitController detected collision ahead!
[controller_server-15] [WARN] [1790433129.202608203] [controller_server]: RegulatedPurePursuitController detected collision ahead!
[controller_server-15] [WARN] [1790433129.253392416] [controller_server]: RegulatedPurePursuitController detected collision ahead!
[controller_server-15] [INFO] [1790433129.452286029] [controller_server]: Passing new path to controller.
[controller_server-15] [WARN] [1790433129.452606072] [controller_server]: RegulatedPurePursuitController detected collision ahead!
[controller_server-15] [WARN] [1790433129.752664828] [controller_server]: RegulatedPurePursuitController detected collision ahead!
[controller_server-15] [WARN] [1790433129.802678997] [controller_server]: RegulatedPurePursuitController detected collision ahead!
[controller_server-15] [WARN] [1790433129.852519841] [controller_server]: RegulatedPurePursuitController detected collision ahead!
[controller_server-15] [WARN] [1790433130.052477355] [controller_server]: RegulatedPurePursuitController detected collision ahead!
[controller_server-15] [INFO] [1790433130.452288610] [controller_server]: Passing new path to controller.
[controller_server-15] [WARN] [1790433130.452591893] [controller_server]: RegulatedPurePursuitController detected collision ahead!
[controller_server-15] [WARN] [1790433130.602737472] [controller_server]: RegulatedPurePursuitController detected collision ahead!
[controller_server-15] [WARN] [1790433130.652482716] [controller_server]: RegulatedPurePursuitController detected collision ahead!
[controller_server-15] [WARN] [1790433131.052528329] [controller_server]: RegulatedPurePursuitController detected collision ahead!
[controller_server-15] [WARN] [1790433131.152633832] [controller_server]: RegulatedPurePursuitController detected collision ahead!
[controller_server-15] [WARN] [1790433131.202481729] [controller_server]: RegulatedPurePursuitController detected collision ahead!
[controller_server-15] [WARN] [1790433131.252509236] [controller_server]: RegulatedPurePursuitController detected collision ahead!
[controller_server-15] [INFO] [1790433131.502268348] [controller_server]: Passing new path to controller.
[collision_monitor-23] [INFO] [1790433131.802462370] [collision_monitor]: Robot to approach for 1.200000 seconds away from collision
[collision_monitor-23] [INFO] [1790433131.842369668] [collision_monitor]: Robot to continue normal operation
[collision_monitor-23] [INFO] [1790433131.902809842] [collision_monitor]: Robot to approach for 1.200000 seconds away from collision
[collision_monitor-23] [INFO] [1790433131.942479571] [collision_monitor]: Robot to continue normal operation
[controller_server-15] [WARN] [1790433132.002542858] [controller_server]: RegulatedPurePursuitController detected collision ahead!
[controller_server-15] [WARN] [1790433132.052544876] [controller_server]: RegulatedPurePursuitController detected collision ahead!
[collision_monitor-23] [INFO] [1790433132.192850416] [collision_monitor]: Robot to approach for 1.200000 seconds away from collision
[collision_monitor-23] [INFO] [1790433132.252453227] [collision_monitor]: Robot to continue normal operation
[collision_monitor-23] [INFO] [1790433132.292456406] [collision_monitor]: Robot to approach for 1.200000 seconds away from collision
[collision_monitor-23] [INFO] [1790433132.352433660] [collision_monitor]: Robot to continue normal operation
[collision_monitor-23] [INFO] [1790433132.392381880] [collision_monitor]: Robot to approach for 1.200000 seconds away from collision
[collision_monitor-23] [INFO] [1790433132.452397891] [collision_monitor]: Robot to continue normal operation
[controller_server-15] [WARN] [1790433132.452413394] [controller_server]: RegulatedPurePursuitController detected collision ahead!
[controller_server-15] [INFO] [1790433132.502268484] [controller_server]: Passing new path to controller.
[controller_server-15] [WARN] [1790433132.852405516] [controller_server]: RegulatedPurePursuitController detected collision ahead!
[controller_server-15] [INFO] [1790433133.552262468] [controller_server]: Passing new path to controller.
[controller_server-15] [INFO] [1790433134.552267423] [controller_server]: Passing new path to controller.
[controller_server-15] [INFO] [1790433135.602268530] [controller_server]: Passing new path to controller.
[controller_server-15] [INFO] [1790433136.602281306] [controller_server]: Passing new path to controller.
[controller_server-15] [INFO] [1790433137.652272148] [controller_server]: Passing new path to controller.
[controller_server-15] [INFO] [1790433138.352305148] [controller_server]: Reached the goal!
[bt_navigator-20] [INFO] [1790433138.381801665] [bt_navigator]: Goal succeeded
[nav_benchmark_runner.py-9] [INFO] [1790433139.389905873] [nav_benchmark_runner]: Saved trial 13 (south_west_corridor): SUCCEEDED, error=0.065 m
[bt_navigator-20] [INFO] [1790433139.390946379] [bt_navigator]: Begin navigating from current location (0.24, -0.08) to (-2.50, 2.00)
[nav_benchmark_runner.py-9] [INFO] [1790433139.392673339] [nav_benchmark_runner]: Goal 'north_west_turn' accepted: x=-2.50, y=2.00, yaw=1.5708
[controller_server-15] [INFO] [1790433139.412012356] [controller_server]: Received a goal, begin computing control effort.
[controller_server-15] [INFO] [1790433140.462216048] [controller_server]: Passing new path to controller.
[controller_server-15] [INFO] [1790433141.462221282] [controller_server]: Passing new path to controller.
[controller_server-15] [INFO] [1790433142.512562892] [controller_server]: Passing new path to controller.
[controller_server-15] [INFO] [1790433143.512267777] [controller_server]: Passing new path to controller.
[collision_monitor-23] [INFO] [1790433143.692523143] [collision_monitor]: Robot to approach for 1.200000 seconds away from collision
[collision_monitor-23] [INFO] [1790433143.752475397] [collision_monitor]: Robot to continue normal operation
[collision_monitor-23] [INFO] [1790433143.792513980] [collision_monitor]: Robot to approach for 1.200000 seconds away from collision
[collision_monitor-23] [INFO] [1790433143.852627478] [collision_monitor]: Robot to continue normal operation
[controller_server-15] [WARN] [1790433143.862459068] [controller_server]: RegulatedPurePursuitController detected collision ahead!
[collision_monitor-23] [INFO] [1790433143.992546633] [collision_monitor]: Robot to approach for 1.200000 seconds away from collision
[collision_monitor-23] [INFO] [1790433144.052449306] [collision_monitor]: Robot to continue normal operation
[collision_monitor-23] [INFO] [1790433144.092474552] [collision_monitor]: Robot to approach for 1.200000 seconds away from collision
[collision_monitor-23] [INFO] [1790433144.152428971] [collision_monitor]: Robot to continue normal operation
[controller_server-15] [WARN] [1790433144.162600436] [controller_server]: RegulatedPurePursuitController detected collision ahead!
[controller_server-15] [WARN] [1790433144.212593934] [controller_server]: RegulatedPurePursuitController detected collision ahead!
[controller_server-15] [WARN] [1790433144.262552028] [controller_server]: RegulatedPurePursuitController detected collision ahead!
[controller_server-15] [WARN] [1790433144.412508850] [controller_server]: RegulatedPurePursuitController detected collision ahead!
[controller_server-15] [WARN] [1790433144.462478465] [controller_server]: RegulatedPurePursuitController detected collision ahead!
[controller_server-15] [INFO] [1790433144.562243674] [controller_server]: Passing new path to controller.
[controller_server-15] [WARN] [1790433144.662540309] [controller_server]: RegulatedPurePursuitController detected collision ahead!
[collision_monitor-23] [INFO] [1790433144.792640444] [collision_monitor]: Robot to approach for 1.200000 seconds away from collision
[collision_monitor-23] [INFO] [1790433144.852725869] [collision_monitor]: Robot to continue normal operation
[collision_monitor-23] [INFO] [1790433144.892476114] [collision_monitor]: Robot to approach for 1.200000 seconds away from collision
[collision_monitor-23] [INFO] [1790433144.952869919] [collision_monitor]: Robot to continue normal operation
[collision_monitor-23] [INFO] [1790433144.992430080] [collision_monitor]: Robot to approach for 1.200000 seconds away from collision
[controller_server-15] [WARN] [1790433145.012483554] [controller_server]: RegulatedPurePursuitController detected collision ahead!
[collision_monitor-23] [INFO] [1790433145.052453423] [collision_monitor]: Robot to continue normal operation
[controller_server-15] [WARN] [1790433145.062574050] [controller_server]: RegulatedPurePursuitController detected collision ahead!
[collision_monitor-23] [INFO] [1790433145.192440596] [collision_monitor]: Robot to approach for 1.200000 seconds away from collision
[collision_monitor-23] [INFO] [1790433145.352805546] [collision_monitor]: Robot to continue normal operation
[collision_monitor-23] [INFO] [1790433145.392401531] [collision_monitor]: Robot to approach for 1.200000 seconds away from collision
[controller_server-15] [WARN] [1790433145.412815272] [controller_server]: RegulatedPurePursuitController detected collision ahead!
[collision_monitor-23] [INFO] [1790433145.452471732] [collision_monitor]: Robot to continue normal operation
[controller_server-15] [WARN] [1790433145.462475390] [controller_server]: RegulatedPurePursuitController detected collision ahead!
[controller_server-15] [INFO] [1790433145.562217134] [controller_server]: Passing new path to controller.
[controller_server-15] [WARN] [1790433145.562599677] [controller_server]: RegulatedPurePursuitController detected collision ahead!
[controller_server-15] [WARN] [1790433145.612876068] [controller_server]: RegulatedPurePursuitController detected collision ahead!
[controller_server-15] [WARN] [1790433145.662540445] [controller_server]: RegulatedPurePursuitController detected collision ahead!
[collision_monitor-23] [INFO] [1790433145.992436082] [collision_monitor]: Robot to approach for 1.200000 seconds away from collision
[controller_server-15] [WARN] [1790433146.012545842] [controller_server]: RegulatedPurePursuitController detected collision ahead!
[collision_monitor-23] [INFO] [1790433146.052553769] [collision_monitor]: Robot to continue normal operation
[controller_server-15] [WARN] [1790433146.062734802] [controller_server]: RegulatedPurePursuitController detected collision ahead!
[collision_monitor-23] [INFO] [1790433146.192406444] [collision_monitor]: Robot to approach for 1.200000 seconds away from collision
[controller_server-15] [WARN] [1790433146.212532336] [controller_server]: RegulatedPurePursuitController detected collision ahead!
[collision_monitor-23] [INFO] [1790433146.252495500] [collision_monitor]: Robot to continue normal operation
[controller_server-15] [WARN] [1790433146.262573390] [controller_server]: RegulatedPurePursuitController detected collision ahead!
[collision_monitor-23] [INFO] [1790433146.392562073] [collision_monitor]: Robot to approach for 1.200000 seconds away from collision
[collision_monitor-23] [INFO] [1790433146.552493921] [collision_monitor]: Robot to continue normal operation
[collision_monitor-23] [INFO] [1790433146.592543468] [collision_monitor]: Robot to approach for 1.200000 seconds away from collision
[controller_server-15] [INFO] [1790433146.612225783] [controller_server]: Passing new path to controller.
[collision_monitor-23] [INFO] [1790433146.652460946] [collision_monitor]: Robot to continue normal operation
[collision_monitor-23] [INFO] [1790433146.692492895] [collision_monitor]: Robot to approach for 1.200000 seconds away from collision
[controller_server-15] [WARN] [1790433146.812474987] [controller_server]: RegulatedPurePursuitController detected collision ahead!
[collision_monitor-23] [INFO] [1790433146.852608892] [collision_monitor]: Robot to continue normal operation
[controller_server-15] [WARN] [1790433146.862521139] [controller_server]: RegulatedPurePursuitController detected collision ahead!
[collision_monitor-23] [INFO] [1790433146.992467783] [collision_monitor]: Robot to approach for 1.200000 seconds away from collision
[controller_server-15] [WARN] [1790433147.012545559] [controller_server]: RegulatedPurePursuitController detected collision ahead!
[collision_monitor-23] [INFO] [1790433147.052451391] [collision_monitor]: Robot to continue normal operation
[controller_server-15] [WARN] [1790433147.062695762] [controller_server]: RegulatedPurePursuitController detected collision ahead!
[collision_monitor-23] [INFO] [1790433147.192495687] [collision_monitor]: Robot to approach for 1.200000 seconds away from collision
[controller_server-15] [WARN] [1790433147.412532164] [controller_server]: RegulatedPurePursuitController detected collision ahead!
[collision_monitor-23] [INFO] [1790433147.452516139] [collision_monitor]: Robot to continue normal operation
[controller_server-15] [WARN] [1790433147.462527339] [controller_server]: RegulatedPurePursuitController detected collision ahead!
[collision_monitor-23] [INFO] [1790433147.592784457] [collision_monitor]: Robot to approach for 1.200000 seconds away from collision
[controller_server-15] [INFO] [1790433147.612286534] [controller_server]: Passing new path to controller.
[collision_monitor-23] [INFO] [1790433147.652606543] [collision_monitor]: Robot to continue normal operation
[controller_server-15] [WARN] [1790433147.662574866] [controller_server]: RegulatedPurePursuitController detected collision ahead!
[collision_monitor-23] [INFO] [1790433147.792420531] [collision_monitor]: Robot to approach for 1.200000 seconds away from collision
[collision_monitor-23] [INFO] [1790433147.852465174] [collision_monitor]: Robot to continue normal operation
[collision_monitor-23] [INFO] [1790433147.892447891] [collision_monitor]: Robot to approach for 1.200000 seconds away from collision
[collision_monitor-23] [INFO] [1790433147.952505732] [collision_monitor]: Robot to continue normal operation
[collision_monitor-23] [INFO] [1790433147.992451369] [collision_monitor]: Robot to approach for 1.200000 seconds away from collision
[controller_server-15] [WARN] [1790433148.012566227] [controller_server]: RegulatedPurePursuitController detected collision ahead!
[collision_monitor-23] [INFO] [1790433148.052765635] [collision_monitor]: Robot to continue normal operation
[controller_server-15] [WARN] [1790433148.062738985] [controller_server]: RegulatedPurePursuitController detected collision ahead!
[collision_monitor-23] [INFO] [1790433148.192480600] [collision_monitor]: Robot to approach for 1.200000 seconds away from collision
[collision_monitor-23] [INFO] [1790433148.252477966] [collision_monitor]: Robot to continue normal operation
[controller_server-15] [WARN] [1790433148.262751876] [controller_server]: RegulatedPurePursuitController detected collision ahead!
[collision_monitor-23] [INFO] [1790433148.392477219] [collision_monitor]: Robot to approach for 1.200000 seconds away from collision
[collision_monitor-23] [INFO] [1790433148.452443719] [collision_monitor]: Robot to continue normal operation
[collision_monitor-23] [INFO] [1790433148.492490473] [collision_monitor]: Robot to approach for 1.200000 seconds away from collision
[collision_monitor-23] [INFO] [1790433148.552546638] [collision_monitor]: Robot to continue normal operation
[collision_monitor-23] [INFO] [1790433148.592616647] [collision_monitor]: Robot to approach for 1.200000 seconds away from collision
[controller_server-15] [WARN] [1790433148.612712999] [controller_server]: RegulatedPurePursuitController detected collision ahead!
[collision_monitor-23] [INFO] [1790433148.652508635] [collision_monitor]: Robot to continue normal operation
[controller_server-15] [INFO] [1790433148.662214317] [controller_server]: Passing new path to controller.
[controller_server-15] [WARN] [1790433148.662798816] [controller_server]: RegulatedPurePursuitController detected collision ahead!
[collision_monitor-23] [INFO] [1790433148.792914244] [collision_monitor]: Robot to approach for 1.200000 seconds away from collision
[collision_monitor-23] [INFO] [1790433148.852552182] [collision_monitor]: Robot to continue normal operation
[controller_server-15] [WARN] [1790433148.862887125] [controller_server]: RegulatedPurePursuitController detected collision ahead!
[collision_monitor-23] [INFO] [1790433148.992562120] [collision_monitor]: Robot to approach for 1.200000 seconds away from collision
[collision_monitor-23] [INFO] [1790433149.052555296] [collision_monitor]: Robot to continue normal operation
[controller_server-15] [WARN] [1790433149.062553227] [controller_server]: RegulatedPurePursuitController detected collision ahead!
[collision_monitor-23] [INFO] [1790433149.193149523] [collision_monitor]: Robot to approach for 1.200000 seconds away from collision
[collision_monitor-23] [INFO] [1790433149.252486063] [collision_monitor]: Robot to continue normal operation
[controller_server-15] [WARN] [1790433149.262552081] [controller_server]: RegulatedPurePursuitController detected collision ahead!
[collision_monitor-23] [INFO] [1790433149.392431197] [collision_monitor]: Robot to approach for 1.200000 seconds away from collision
[collision_monitor-23] [INFO] [1790433149.652419525] [collision_monitor]: Robot to continue normal operation
[controller_server-15] [INFO] [1790433149.662229398] [controller_server]: Passing new path to controller.
[controller_server-15] [WARN] [1790433149.662589385] [controller_server]: RegulatedPurePursuitController detected collision ahead!
[controller_server-15] [WARN] [1790433149.762519189] [controller_server]: RegulatedPurePursuitController detected collision ahead!
[controller_server-15] [WARN] [1790433149.962489202] [controller_server]: RegulatedPurePursuitController detected collision ahead!
[controller_server-15] [WARN] [1790433150.012464125] [controller_server]: RegulatedPurePursuitController detected collision ahead!
[controller_server-15] [WARN] [1790433150.062672149] [controller_server]: RegulatedPurePursuitController detected collision ahead!
[controller_server-15] [WARN] [1790433150.362583279] [controller_server]: RegulatedPurePursuitController detected collision ahead!
[controller_server-15] [WARN] [1790433150.412576009] [controller_server]: RegulatedPurePursuitController detected collision ahead!
[controller_server-15] [WARN] [1790433150.462671882] [controller_server]: RegulatedPurePursuitController detected collision ahead!
[controller_server-15] [INFO] [1790433150.712269052] [controller_server]: Passing new path to controller.
[controller_server-15] [WARN] [1790433150.812503955] [controller_server]: RegulatedPurePursuitController detected collision ahead!
[controller_server-15] [WARN] [1790433150.862538515] [controller_server]: RegulatedPurePursuitController detected collision ahead!
[controller_server-15] [WARN] [1790433151.612532192] [controller_server]: RegulatedPurePursuitController detected collision ahead!
[controller_server-15] [WARN] [1790433151.662559909] [controller_server]: RegulatedPurePursuitController detected collision ahead!
[controller_server-15] [INFO] [1790433151.712213462] [controller_server]: Passing new path to controller.
[controller_server-15] [INFO] [1790433152.762227558] [controller_server]: Passing new path to controller.
[collision_monitor-23] [INFO] [1790433152.992417414] [collision_monitor]: Robot to approach for 1.200000 seconds away from collision
[collision_monitor-23] [INFO] [1790433153.052736638] [collision_monitor]: Robot to continue normal operation
[collision_monitor-23] [INFO] [1790433153.092513349] [collision_monitor]: Robot to approach for 1.200000 seconds away from collision
[collision_monitor-23] [INFO] [1790433153.152533271] [collision_monitor]: Robot to continue normal operation
[collision_monitor-23] [INFO] [1790433153.192528908] [collision_monitor]: Robot to approach for 1.200000 seconds away from collision
[collision_monitor-23] [INFO] [1790433153.252509653] [collision_monitor]: Robot to continue normal operation
[controller_server-15] [WARN] [1790433153.262499554] [controller_server]: RegulatedPurePursuitController detected collision ahead!
[collision_monitor-23] [INFO] [1790433153.392427622] [collision_monitor]: Robot to approach for 1.200000 seconds away from collision
[collision_monitor-23] [INFO] [1790433153.452993215] [collision_monitor]: Robot to continue normal operation
[controller_server-15] [WARN] [1790433153.462470755] [controller_server]: RegulatedPurePursuitController detected collision ahead!
[collision_monitor-23] [INFO] [1790433153.592445959] [collision_monitor]: Robot to approach for 1.200000 seconds away from collision
[controller_server-15] [WARN] [1790433153.612612354] [controller_server]: RegulatedPurePursuitController detected collision ahead!
[collision_monitor-23] [INFO] [1790433153.652577753] [collision_monitor]: Robot to continue normal operation
[controller_server-15] [WARN] [1790433153.662528408] [controller_server]: RegulatedPurePursuitController detected collision ahead!
[controller_server-15] [INFO] [1790433153.762257303] [controller_server]: Passing new path to controller.
[controller_server-15] [INFO] [1790433154.812200519] [controller_server]: Passing new path to controller.
[collision_monitor-23] [INFO] [1790433154.892444098] [collision_monitor]: Robot to approach for 1.200000 seconds away from collision
[collision_monitor-23] [INFO] [1790433154.952781897] [collision_monitor]: Robot to continue normal operation
[collision_monitor-23] [INFO] [1790433154.992513706] [collision_monitor]: Robot to approach for 1.200000 seconds away from collision
[collision_monitor-23] [INFO] [1790433155.052638098] [collision_monitor]: Robot to continue normal operation
[controller_server-15] [WARN] [1790433155.062596923] [controller_server]: RegulatedPurePursuitController detected collision ahead!
[collision_monitor-23] [INFO] [1790433155.192419753] [collision_monitor]: Robot to approach for 1.200000 seconds away from collision
[controller_server-15] [WARN] [1790433155.262509254] [controller_server]: RegulatedPurePursuitController detected collision ahead!
[collision_monitor-23] [INFO] [1790433155.292403817] [collision_monitor]: Robot to continue normal operation
[collision_monitor-23] [INFO] [1790433155.352505792] [collision_monitor]: Robot to approach for 1.200000 seconds away from collision
[collision_monitor-23] [INFO] [1790433155.652557774] [collision_monitor]: Robot to continue normal operation
[collision_monitor-23] [INFO] [1790433155.692468285] [collision_monitor]: Robot to approach for 1.200000 seconds away from collision
[collision_monitor-23] [INFO] [1790433155.752545539] [collision_monitor]: Robot to continue normal operation
[collision_monitor-23] [INFO] [1790433155.792436986] [collision_monitor]: Robot to approach for 1.200000 seconds away from collision
[controller_server-15] [INFO] [1790433155.812332360] [controller_server]: Passing new path to controller.
[collision_monitor-23] [INFO] [1790433155.852556139] [collision_monitor]: Robot to continue normal operation
[controller_server-15] [WARN] [1790433155.862758890] [controller_server]: RegulatedPurePursuitController detected collision ahead!
[collision_monitor-23] [INFO] [1790433156.002603674] [collision_monitor]: Robot to approach for 1.200000 seconds away from collision
[collision_monitor-23] [INFO] [1790433156.042692886] [collision_monitor]: Robot to continue normal operation
[collision_monitor-23] [INFO] [1790433156.102614484] [collision_monitor]: Robot to approach for 1.200000 seconds away from collision
[collision_monitor-23] [INFO] [1790433156.142379603] [collision_monitor]: Robot to continue normal operation
[collision_monitor-23] [INFO] [1790433156.202660210] [collision_monitor]: Robot to approach for 1.200000 seconds away from collision
[collision_monitor-23] [INFO] [1790433156.242363178] [collision_monitor]: Robot to continue normal operation
[collision_monitor-23] [INFO] [1790433156.302631006] [collision_monitor]: Robot to approach for 1.200000 seconds away from collision
[collision_monitor-23] [INFO] [1790433156.342520636] [collision_monitor]: Robot to continue normal operation
[collision_monitor-23] [INFO] [1790433156.502634469] [collision_monitor]: Robot to approach for 1.200000 seconds away from collision
[collision_monitor-23] [INFO] [1790433156.542575147] [collision_monitor]: Robot to continue normal operation
[collision_monitor-23] [INFO] [1790433156.602651005] [collision_monitor]: Robot to approach for 1.200000 seconds away from collision
[collision_monitor-23] [INFO] [1790433156.642522200] [collision_monitor]: Robot to continue normal operation
[controller_server-15] [WARN] [1790433156.662687058] [controller_server]: RegulatedPurePursuitController detected collision ahead!
[collision_monitor-23] [INFO] [1790433156.802625138] [collision_monitor]: Robot to approach for 1.200000 seconds away from collision
[collision_monitor-23] [INFO] [1790433156.844050248] [collision_monitor]: Robot to continue normal operation
[controller_server-15] [INFO] [1790433156.862277251] [controller_server]: Passing new path to controller.
[controller_server-15] [WARN] [1790433156.862633607] [controller_server]: RegulatedPurePursuitController detected collision ahead!
[collision_monitor-23] [INFO] [1790433157.102570556] [collision_monitor]: Robot to approach for 1.200000 seconds away from collision
[collision_monitor-23] [INFO] [1790433157.142358231] [collision_monitor]: Robot to continue normal operation
[collision_monitor-23] [INFO] [1790433157.202531365] [collision_monitor]: Robot to approach for 1.200000 seconds away from collision
[collision_monitor-23] [INFO] [1790433157.242390968] [collision_monitor]: Robot to continue normal operation
[controller_server-15] [WARN] [1790433157.262442907] [controller_server]: RegulatedPurePursuitController detected collision ahead!
[collision_monitor-23] [INFO] [1790433157.402511784] [collision_monitor]: Robot to approach for 1.200000 seconds away from collision
[collision_monitor-23] [INFO] [1790433157.442431024] [collision_monitor]: Robot to continue normal operation
[controller_server-15] [INFO] [1790433157.862348128] [controller_server]: Passing new path to controller.
[controller_server-15] [INFO] [1790433158.912256916] [controller_server]: Passing new path to controller.
[controller_server-15] [INFO] [1790433159.912247835] [controller_server]: Passing new path to controller.
[controller_server-15] [INFO] [1790433160.962219822] [controller_server]: Passing new path to controller.
[controller_server-15] [INFO] [1790433161.962225335] [controller_server]: Passing new path to controller.
[controller_server-15] [INFO] [1790433162.962212203] [controller_server]: Passing new path to controller.
[controller_server-15] [INFO] [1790433163.512271133] [controller_server]: Reached the goal!
[bt_navigator-20] [INFO] [1790433163.541514437] [bt_navigator]: Goal succeeded
[bt_navigator-20] [INFO] [1790433164.543934552] [bt_navigator]: Begin navigating from current location (-2.44, 2.02) to (0.30, 0.00)
[nav_benchmark_runner.py-9] [INFO] [1790433164.545487419] [nav_benchmark_runner]: Goal 'return_to_start' accepted: x=0.30, y=0.00, yaw=0.0000
[controller_server-15] [INFO] [1790433164.564824412] [controller_server]: Received a goal, begin computing control effort.
[controller_server-15] [INFO] [1790433165.614972446] [controller_server]: Passing new path to controller.
[controller_server-15] [INFO] [1790433166.614969720] [controller_server]: Passing new path to controller.
[controller_server-15] [INFO] [1790433167.664981441] [controller_server]: Passing new path to controller.
[controller_server-15] [INFO] [1790433168.714981850] [controller_server]: Passing new path to controller.
[collision_monitor-23] [INFO] [1790433168.802603940] [collision_monitor]: Robot to approach for 1.200000 seconds away from collision
[collision_monitor-23] [INFO] [1790433168.842524506] [collision_monitor]: Robot to continue normal operation
[collision_monitor-23] [INFO] [1790433168.902603925] [collision_monitor]: Robot to approach for 1.200000 seconds away from collision
[collision_monitor-23] [INFO] [1790433168.942501238] [collision_monitor]: Robot to continue normal operation
[collision_monitor-23] [INFO] [1790433169.002415782] [collision_monitor]: Robot to approach for 1.200000 seconds away from collision
[collision_monitor-23] [INFO] [1790433169.042436209] [collision_monitor]: Robot to continue normal operation
[collision_monitor-23] [INFO] [1790433169.102563045] [collision_monitor]: Robot to approach for 1.200000 seconds away from collision
[collision_monitor-23] [INFO] [1790433169.142628863] [collision_monitor]: Robot to continue normal operation
[collision_monitor-23] [INFO] [1790433169.202649204] [collision_monitor]: Robot to approach for 1.200000 seconds away from collision
[collision_monitor-23] [INFO] [1790433169.243084227] [collision_monitor]: Robot to continue normal operation
[collision_monitor-23] [INFO] [1790433169.302707639] [collision_monitor]: Robot to approach for 1.200000 seconds away from collision
[collision_monitor-23] [INFO] [1790433169.342409211] [collision_monitor]: Robot to continue normal operation
[collision_monitor-23] [INFO] [1790433169.402595195] [collision_monitor]: Robot to approach for 1.200000 seconds away from collision
[collision_monitor-23] [INFO] [1790433169.442555636] [collision_monitor]: Robot to continue normal operation
[controller_server-15] [WARN] [1790433169.465452205] [controller_server]: RegulatedPurePursuitController detected collision ahead!
[controller_server-15] [WARN] [1790433169.515327058] [controller_server]: RegulatedPurePursuitController detected collision ahead!
[controller_server-15] [WARN] [1790433169.565348629] [controller_server]: RegulatedPurePursuitController detected collision ahead!
[controller_server-15] [WARN] [1790433169.615313356] [controller_server]: RegulatedPurePursuitController detected collision ahead!
[controller_server-15] [WARN] [1790433169.665335276] [controller_server]: RegulatedPurePursuitController detected collision ahead!
[controller_server-15] [INFO] [1790433169.714972070] [controller_server]: Passing new path to controller.
[controller_server-15] [WARN] [1790433169.865430779] [controller_server]: RegulatedPurePursuitController detected collision ahead!
[collision_monitor-23] [INFO] [1790433170.202575876] [collision_monitor]: Robot to approach for 1.200000 seconds away from collision
[collision_monitor-23] [INFO] [1790433170.242388971] [collision_monitor]: Robot to continue normal operation
[collision_monitor-23] [INFO] [1790433170.302551002] [collision_monitor]: Robot to approach for 1.200000 seconds away from collision
[collision_monitor-23] [INFO] [1790433170.342517867] [collision_monitor]: Robot to continue normal operation
[controller_server-15] [WARN] [1790433170.365417788] [controller_server]: RegulatedPurePursuitController detected collision ahead!
[controller_server-15] [WARN] [1790433170.415361496] [controller_server]: RegulatedPurePursuitController detected collision ahead!
[controller_server-15] [WARN] [1790433170.465361279] [controller_server]: RegulatedPurePursuitController detected collision ahead!
[controller_server-15] [WARN] [1790433170.565352606] [controller_server]: RegulatedPurePursuitController detected collision ahead!
[controller_server-15] [WARN] [1790433170.615312375] [controller_server]: RegulatedPurePursuitController detected collision ahead!
[controller_server-15] [WARN] [1790433170.665308876] [controller_server]: RegulatedPurePursuitController detected collision ahead!
[controller_server-15] [INFO] [1790433170.764969406] [controller_server]: Passing new path to controller.
[collision_monitor-23] [INFO] [1790433171.102598024] [collision_monitor]: Robot to approach for 1.200000 seconds away from collision
[collision_monitor-23] [INFO] [1790433171.142435071] [collision_monitor]: Robot to continue normal operation
[controller_server-15] [WARN] [1790433171.165379615] [controller_server]: RegulatedPurePursuitController detected collision ahead!
[controller_server-15] [WARN] [1790433171.215385474] [controller_server]: RegulatedPurePursuitController detected collision ahead!
[controller_server-15] [WARN] [1790433171.265305299] [controller_server]: RegulatedPurePursuitController detected collision ahead!
[controller_server-15] [WARN] [1790433171.365341109] [controller_server]: RegulatedPurePursuitController detected collision ahead!
[controller_server-15] [WARN] [1790433171.415362959] [controller_server]: RegulatedPurePursuitController detected collision ahead!
[controller_server-15] [WARN] [1790433171.465373986] [controller_server]: RegulatedPurePursuitController detected collision ahead!
[collision_monitor-23] [INFO] [1790433171.742448673] [collision_monitor]: Robot to approach for 1.200000 seconds away from collision
[controller_server-15] [INFO] [1790433171.764974919] [controller_server]: Passing new path to controller.
[collision_monitor-23] [INFO] [1790433171.842478477] [collision_monitor]: Robot to continue normal operation
[collision_monitor-23] [INFO] [1790433171.902552170] [collision_monitor]: Robot to approach for 1.200000 seconds away from collision
[collision_monitor-23] [INFO] [1790433171.942507862] [collision_monitor]: Robot to continue normal operation
[collision_monitor-23] [INFO] [1790433172.002603552] [collision_monitor]: Robot to approach for 1.200000 seconds away from collision
[collision_monitor-23] [INFO] [1790433172.042430334] [collision_monitor]: Robot to continue normal operation
[controller_server-15] [WARN] [1790433172.065474040] [controller_server]: RegulatedPurePursuitController detected collision ahead!
[collision_monitor-23] [INFO] [1790433172.202553454] [collision_monitor]: Robot to approach for 1.200000 seconds away from collision
[collision_monitor-23] [INFO] [1790433172.243035963] [collision_monitor]: Robot to continue normal operation
[collision_monitor-23] [INFO] [1790433172.302654976] [collision_monitor]: Robot to approach for 1.200000 seconds away from collision
[collision_monitor-23] [INFO] [1790433172.342448447] [collision_monitor]: Robot to continue normal operation
[collision_monitor-23] [INFO] [1790433172.402542182] [collision_monitor]: Robot to approach for 1.200000 seconds away from collision
[collision_monitor-23] [INFO] [1790433172.442420640] [collision_monitor]: Robot to continue normal operation
[controller_server-15] [WARN] [1790433172.465335435] [controller_server]: RegulatedPurePursuitController detected collision ahead!
[collision_monitor-23] [INFO] [1790433172.602569877] [collision_monitor]: Robot to approach for 1.200000 seconds away from collision
[collision_monitor-23] [INFO] [1790433172.642463348] [collision_monitor]: Robot to continue normal operation
[controller_server-15] [WARN] [1790433172.665291412] [controller_server]: RegulatedPurePursuitController detected collision ahead!
[controller_server-15] [INFO] [1790433172.764997891] [controller_server]: Passing new path to controller.
[collision_monitor-23] [INFO] [1790433172.802584373] [collision_monitor]: Robot to approach for 1.200000 seconds away from collision
[collision_monitor-23] [INFO] [1790433172.842473306] [collision_monitor]: Robot to continue normal operation
[controller_server-15] [WARN] [1790433172.865329651] [controller_server]: RegulatedPurePursuitController detected collision ahead!
[collision_monitor-23] [INFO] [1790433172.993720425] [collision_monitor]: Robot to approach for 1.200000 seconds away from collision
[collision_monitor-23] [INFO] [1790433173.054658156] [collision_monitor]: Robot to continue normal operation
[collision_monitor-23] [INFO] [1790433173.092982140] [collision_monitor]: Robot to approach for 1.200000 seconds away from collision
[collision_monitor-23] [INFO] [1790433173.152432228] [collision_monitor]: Robot to continue normal operation
[collision_monitor-23] [INFO] [1790433173.192436943] [collision_monitor]: Robot to approach for 1.200000 seconds away from collision
[collision_monitor-23] [INFO] [1790433173.252583401] [collision_monitor]: Robot to continue normal operation
[controller_server-15] [WARN] [1790433173.265423449] [controller_server]: RegulatedPurePursuitController detected collision ahead!
[collision_monitor-23] [INFO] [1790433173.392441035] [collision_monitor]: Robot to approach for 1.200000 seconds away from collision
[collision_monitor-23] [INFO] [1790433173.452517032] [collision_monitor]: Robot to continue normal operation
[collision_monitor-23] [INFO] [1790433173.492458129] [collision_monitor]: Robot to approach for 1.200000 seconds away from collision
[collision_monitor-23] [INFO] [1790433173.552468204] [collision_monitor]: Robot to continue normal operation
[collision_monitor-23] [INFO] [1790433173.592457556] [collision_monitor]: Robot to approach for 1.200000 seconds away from collision
[collision_monitor-23] [INFO] [1790433173.652431528] [collision_monitor]: Robot to continue normal operation
[collision_monitor-23] [INFO] [1790433173.792458017] [collision_monitor]: Robot to approach for 1.200000 seconds away from collision
[controller_server-15] [INFO] [1790433173.814980353] [controller_server]: Passing new path to controller.
[collision_monitor-23] [INFO] [1790433173.852559363] [collision_monitor]: Robot to continue normal operation
[controller_server-15] [WARN] [1790433173.865426576] [controller_server]: RegulatedPurePursuitController detected collision ahead!
[controller_server-15] [WARN] [1790433174.015274040] [controller_server]: RegulatedPurePursuitController detected collision ahead!
[controller_server-15] [WARN] [1790433174.065355109] [controller_server]: RegulatedPurePursuitController detected collision ahead!
[controller_server-15] [WARN] [1790433174.365417356] [controller_server]: RegulatedPurePursuitController detected collision ahead!
[controller_server-15] [WARN] [1790433174.415422447] [controller_server]: RegulatedPurePursuitController detected collision ahead!
[controller_server-15] [WARN] [1790433174.465280121] [controller_server]: RegulatedPurePursuitController detected collision ahead!
[controller_server-15] [INFO] [1790433174.814969735] [controller_server]: Passing new path to controller.
[collision_monitor-23] [INFO] [1790433174.892486142] [collision_monitor]: Robot to approach for 1.200000 seconds away from collision
[collision_monitor-23] [INFO] [1790433174.952467027] [collision_monitor]: Robot to continue normal operation
[collision_monitor-23] [INFO] [1790433174.992456099] [collision_monitor]: Robot to approach for 1.200000 seconds away from collision
[collision_monitor-23] [INFO] [1790433175.052630072] [collision_monitor]: Robot to continue normal operation
[collision_monitor-23] [INFO] [1790433175.092485275] [collision_monitor]: Robot to approach for 1.200000 seconds away from collision
[collision_monitor-23] [INFO] [1790433175.152434177] [collision_monitor]: Robot to continue normal operation
[controller_server-15] [WARN] [1790433175.165221781] [controller_server]: RegulatedPurePursuitController detected collision ahead!
[controller_server-15] [WARN] [1790433175.215283436] [controller_server]: RegulatedPurePursuitController detected collision ahead!
[controller_server-15] [WARN] [1790433175.265307800] [controller_server]: RegulatedPurePursuitController detected collision ahead!
[controller_server-15] [WARN] [1790433175.415267206] [controller_server]: RegulatedPurePursuitController detected collision ahead!
[controller_server-15] [WARN] [1790433175.465387730] [controller_server]: RegulatedPurePursuitController detected collision ahead!
[collision_monitor-23] [INFO] [1790433175.692541823] [collision_monitor]: Robot to approach for 1.200000 seconds away from collision
[collision_monitor-23] [INFO] [1790433175.752468030] [collision_monitor]: Robot to continue normal operation
[controller_server-15] [WARN] [1790433175.765229935] [controller_server]: RegulatedPurePursuitController detected collision ahead!
[controller_server-15] [INFO] [1790433175.864973216] [controller_server]: Passing new path to controller.
[controller_server-15] [WARN] [1790433176.015305528] [controller_server]: RegulatedPurePursuitController detected collision ahead!
[controller_server-15] [WARN] [1790433176.065536876] [controller_server]: RegulatedPurePursuitController detected collision ahead!
[collision_monitor-23] [INFO] [1790433176.752424940] [collision_monitor]: Robot to approach for 1.200000 seconds away from collision
[controller_server-15] [INFO] [1790433176.914972368] [controller_server]: Passing new path to controller.
[collision_monitor-23] [INFO] [1790433176.952461364] [collision_monitor]: Robot to continue normal operation
[controller_server-15] [WARN] [1790433177.215340692] [controller_server]: RegulatedPurePursuitController detected collision ahead!
[controller_server-15] [WARN] [1790433177.265290964] [controller_server]: RegulatedPurePursuitController detected collision ahead!
[controller_server-15] [WARN] [1790433177.465264399] [controller_server]: RegulatedPurePursuitController detected collision ahead!
[controller_server-15] [WARN] [1790433177.565209496] [controller_server]: RegulatedPurePursuitController detected collision ahead!
[controller_server-15] [WARN] [1790433177.615287352] [controller_server]: RegulatedPurePursuitController detected collision ahead!
[controller_server-15] [WARN] [1790433177.665264719] [controller_server]: RegulatedPurePursuitController detected collision ahead!
[controller_server-15] [WARN] [1790433177.715335104] [controller_server]: RegulatedPurePursuitController detected collision ahead!
[controller_server-15] [WARN] [1790433177.765440544] [controller_server]: RegulatedPurePursuitController detected collision ahead!
[controller_server-15] [WARN] [1790433177.815294447] [controller_server]: RegulatedPurePursuitController detected collision ahead!
[controller_server-15] [WARN] [1790433177.865399887] [controller_server]: RegulatedPurePursuitController detected collision ahead!
[controller_server-15] [ERROR] [1790433177.865469650] [controller_server]: Controller patience exceeded
[controller_server-15] [WARN] [1790433177.865653938] [controller_server]: [follow_path] [ActionServer] Aborting handle.
[controller_server-15] [INFO] [1790433177.884845818] [local_costmap.local_costmap]: Received request to clear entirely the local_costmap
[controller_server-15] [INFO] [1790433177.885633669] [controller_server]: Received a goal, begin computing control effort.
[controller_server-15] [INFO] [1790433178.085765764] [controller_server]: Passing new path to controller.
[controller_server-15] [WARN] [1790433178.086151938] [controller_server]: Control loop missed its desired rate of 20.0000 Hz. Current loop rate is 5.0000 Hz.
[collision_monitor-23] [INFO] [1790433178.179534871] [collision_monitor]: Robot to approach for 1.200000 seconds away from collision
[collision_monitor-23] [INFO] [1790433178.239565826] [collision_monitor]: Robot to continue normal operation
[collision_monitor-23] [INFO] [1790433178.279533530] [collision_monitor]: Robot to approach for 1.200000 seconds away from collision
[collision_monitor-23] [INFO] [1790433178.339557572] [collision_monitor]: Robot to continue normal operation
[collision_monitor-23] [INFO] [1790433178.379483865] [collision_monitor]: Robot to approach for 1.200000 seconds away from collision
[collision_monitor-23] [INFO] [1790433178.439602530] [collision_monitor]: Robot to continue normal operation
[collision_monitor-23] [INFO] [1790433178.579539283] [collision_monitor]: Robot to approach for 1.200000 seconds away from collision
[collision_monitor-23] [INFO] [1790433178.639570448] [collision_monitor]: Robot to continue normal operation
[collision_monitor-23] [INFO] [1790433178.779441908] [collision_monitor]: Robot to approach for 1.200000 seconds away from collision
[collision_monitor-23] [INFO] [1790433178.839536760] [collision_monitor]: Robot to continue normal operation
[controller_server-15] [INFO] [1790433178.923387192] [controller_server]: Passing new path to controller.
[collision_monitor-23] [INFO] [1790433178.979507522] [collision_monitor]: Robot to approach for 1.200000 seconds away from collision
[controller_server-15] [WARN] [1790433179.023870070] [controller_server]: RegulatedPurePursuitController detected collision ahead!
[collision_monitor-23] [INFO] [1790433179.039547416] [collision_monitor]: Robot to continue normal operation
[collision_monitor-23] [INFO] [1790433179.179446879] [collision_monitor]: Robot to approach for 1.200000 seconds away from collision
[collision_monitor-23] [INFO] [1790433179.239700600] [collision_monitor]: Robot to continue normal operation
[collision_monitor-23] [INFO] [1790433179.279498750] [collision_monitor]: Robot to approach for 1.200000 seconds away from collision
[collision_monitor-23] [INFO] [1790433179.339623351] [collision_monitor]: Robot to continue normal operation
[collision_monitor-23] [INFO] [1790433179.379509001] [collision_monitor]: Robot to approach for 1.200000 seconds away from collision
[controller_server-15] [WARN] [1790433179.423617289] [controller_server]: RegulatedPurePursuitController detected collision ahead!
[collision_monitor-23] [INFO] [1790433179.439623965] [collision_monitor]: Robot to continue normal operation
[collision_monitor-23] [INFO] [1790433179.579442143] [collision_monitor]: Robot to approach for 1.200000 seconds away from collision
[controller_server-15] [WARN] [1790433179.623593517] [controller_server]: RegulatedPurePursuitController detected collision ahead!
[collision_monitor-23] [INFO] [1790433179.639635249] [collision_monitor]: Robot to continue normal operation
[collision_monitor-23] [INFO] [1790433179.779644210] [collision_monitor]: Robot to approach for 1.200000 seconds away from collision
[controller_server-15] [WARN] [1790433179.823600192] [controller_server]: RegulatedPurePursuitController detected collision ahead!
[collision_monitor-23] [INFO] [1790433179.839764411] [collision_monitor]: Robot to continue normal operation
[controller_server-15] [INFO] [1790433179.973393117] [controller_server]: Passing new path to controller.
[collision_monitor-23] [INFO] [1790433180.079579991] [collision_monitor]: Robot to approach for 1.200000 seconds away from collision
[collision_monitor-23] [INFO] [1790433180.139845723] [collision_monitor]: Robot to continue normal operation
[collision_monitor-23] [INFO] [1790433180.179538426] [collision_monitor]: Robot to approach for 1.200000 seconds away from collision
[controller_server-15] [WARN] [1790433180.223576532] [controller_server]: RegulatedPurePursuitController detected collision ahead!
[collision_monitor-23] [INFO] [1790433180.239603041] [collision_monitor]: Robot to continue normal operation
[collision_monitor-23] [INFO] [1790433180.379600199] [collision_monitor]: Robot to approach for 1.200000 seconds away from collision
[controller_server-15] [WARN] [1790433180.423603109] [controller_server]: RegulatedPurePursuitController detected collision ahead!
[collision_monitor-23] [INFO] [1790433180.439832342] [collision_monitor]: Robot to continue normal operation
[collision_monitor-23] [INFO] [1790433180.679846316] [collision_monitor]: Robot to approach for 1.200000 seconds away from collision
[collision_monitor-23] [INFO] [1790433180.739682928] [collision_monitor]: Robot to continue normal operation
[collision_monitor-23] [INFO] [1790433180.779644416] [collision_monitor]: Robot to approach for 1.200000 seconds away from collision
[collision_monitor-23] [INFO] [1790433180.839547648] [collision_monitor]: Robot to continue normal operation
[collision_monitor-23] [INFO] [1790433180.879546636] [collision_monitor]: Robot to approach for 1.200000 seconds away from collision
[collision_monitor-23] [INFO] [1790433180.939640092] [collision_monitor]: Robot to continue normal operation
[controller_server-15] [INFO] [1790433180.973388715] [controller_server]: Passing new path to controller.
[collision_monitor-23] [INFO] [1790433180.979613312] [collision_monitor]: Robot to approach for 1.200000 seconds away from collision
[collision_monitor-23] [INFO] [1790433181.039765916] [collision_monitor]: Robot to continue normal operation
[collision_monitor-23] [INFO] [1790433181.079788298] [collision_monitor]: Robot to approach for 1.200000 seconds away from collision
[collision_monitor-23] [INFO] [1790433181.139680356] [collision_monitor]: Robot to continue normal operation
[collision_monitor-23] [INFO] [1790433181.179541635] [collision_monitor]: Robot to approach for 1.200000 seconds away from collision
[controller_server-15] [WARN] [1790433181.223600970] [controller_server]: RegulatedPurePursuitController detected collision ahead!
[collision_monitor-23] [INFO] [1790433181.239660859] [collision_monitor]: Robot to continue normal operation
[collision_monitor-23] [INFO] [1790433181.579651983] [collision_monitor]: Robot to approach for 1.200000 seconds away from collision
[collision_monitor-23] [INFO] [1790433181.639751724] [collision_monitor]: Robot to continue normal operation
[collision_monitor-23] [INFO] [1790433181.879691466] [collision_monitor]: Robot to approach for 1.200000 seconds away from collision
[collision_monitor-23] [INFO] [1790433181.940051682] [collision_monitor]: Robot to continue normal operation
[controller_server-15] [INFO] [1790433182.023390520] [controller_server]: Passing new path to controller.
[controller_server-15] [WARN] [1790433182.023703440] [controller_server]: RegulatedPurePursuitController detected collision ahead!
[controller_server-15] [WARN] [1790433182.423544234] [controller_server]: RegulatedPurePursuitController detected collision ahead!
[controller_server-15] [INFO] [1790433183.023390237] [controller_server]: Passing new path to controller.
[controller_server-15] [INFO] [1790433184.073386386] [controller_server]: Passing new path to controller.
[controller_server-15] [INFO] [1790433185.073395182] [controller_server]: Passing new path to controller.
[controller_server-15] [INFO] [1790433186.123397895] [controller_server]: Passing new path to controller.
[controller_server-15] [INFO] [1790433187.123397542] [controller_server]: Passing new path to controller.
[controller_server-15] [INFO] [1790433188.173400116] [controller_server]: Passing new path to controller.
[controller_server-15] [INFO] [1790433188.273511973] [controller_server]: Reached the goal!
[bt_navigator-20] [INFO] [1790433188.301510302] [bt_navigator]: Goal succeeded
[nav_benchmark_runner.py-9] [INFO] [1790433189.309813812] [nav_benchmark_runner]: Saved trial 14 (north_west_turn): SUCCEEDED, error=0.063 m
[bt_navigator-20] [INFO] [1790433189.310743912] [bt_navigator]: Begin navigating from current location (0.25, 0.06) to (3.40, 2.20)
[nav_benchmark_runner.py-9] [INFO] [1790433189.311927924] [nav_benchmark_runner]: Goal 'north_east_corridor' accepted: x=3.40, y=2.20, yaw=0.0000
[controller_server-15] [INFO] [1790433189.331486146] [controller_server]: Received a goal, begin computing control effort.
[collision_monitor-23] [INFO] [1790433189.979530042] [collision_monitor]: Robot to approach for 1.200000 seconds away from collision
[collision_monitor-23] [INFO] [1790433190.139705118] [collision_monitor]: Robot to continue normal operation
[collision_monitor-23] [INFO] [1790433190.179569679] [collision_monitor]: Robot to approach for 1.200000 seconds away from collision
[controller_server-15] [WARN] [1790433190.181883721] [controller_server]: RegulatedPurePursuitController detected collision ahead!
[collision_monitor-23] [INFO] [1790433190.239670257] [collision_monitor]: Robot to continue normal operation
[controller_server-15] [INFO] [1790433190.381628664] [controller_server]: Passing new path to controller.
[controller_server-15] [INFO] [1790433191.431636195] [controller_server]: Passing new path to controller.
[collision_monitor-23] [INFO] [1790433191.779585232] [collision_monitor]: Robot to approach for 1.200000 seconds away from collision
[collision_monitor-23] [INFO] [1790433191.839726872] [collision_monitor]: Robot to continue normal operation
[collision_monitor-23] [INFO] [1790433191.879821322] [collision_monitor]: Robot to approach for 1.200000 seconds away from collision
[collision_monitor-23] [INFO] [1790433191.939600391] [collision_monitor]: Robot to continue normal operation
[collision_monitor-23] [INFO] [1790433192.179512898] [collision_monitor]: Robot to approach for 1.200000 seconds away from collision
[controller_server-15] [WARN] [1790433192.182015000] [controller_server]: RegulatedPurePursuitController detected collision ahead!
[controller_server-15] [WARN] [1790433192.232011431] [controller_server]: RegulatedPurePursuitController detected collision ahead!
[collision_monitor-23] [INFO] [1790433192.239680027] [collision_monitor]: Robot to continue normal operation
[controller_server-15] [INFO] [1790433192.431644572] [controller_server]: Passing new path to controller.
[controller_server-15] [WARN] [1790433192.432150998] [controller_server]: RegulatedPurePursuitController detected collision ahead!
[controller_server-15] [WARN] [1790433192.581880934] [controller_server]: RegulatedPurePursuitController detected collision ahead!
[controller_server-15] [WARN] [1790433192.632134210] [controller_server]: RegulatedPurePursuitController detected collision ahead!
[controller_server-15] [WARN] [1790433192.832052686] [controller_server]: RegulatedPurePursuitController detected collision ahead!
[controller_server-15] [WARN] [1790433192.981891142] [controller_server]: RegulatedPurePursuitController detected collision ahead!
[controller_server-15] [WARN] [1790433193.032040297] [controller_server]: RegulatedPurePursuitController detected collision ahead!
[controller_server-15] [WARN] [1790433193.231978886] [controller_server]: RegulatedPurePursuitController detected collision ahead!
[controller_server-15] [WARN] [1790433193.432013145] [controller_server]: RegulatedPurePursuitController detected collision ahead!
[controller_server-15] [INFO] [1790433193.481628360] [controller_server]: Passing new path to controller.
[collision_monitor-23] [INFO] [1790433193.589564401] [collision_monitor]: Robot to approach for 1.200000 seconds away from collision
[collision_monitor-23] [INFO] [1790433193.649745147] [collision_monitor]: Robot to continue normal operation
[collision_monitor-23] [INFO] [1790433193.689560127] [collision_monitor]: Robot to approach for 1.200000 seconds away from collision
[collision_monitor-23] [INFO] [1790433193.749698973] [collision_monitor]: Robot to continue normal operation
[collision_monitor-23] [INFO] [1790433194.089566773] [collision_monitor]: Robot to approach for 1.200000 seconds away from collision
[collision_monitor-23] [INFO] [1790433194.149857855] [collision_monitor]: Robot to continue normal operation
[controller_server-15] [INFO] [1790433194.481629824] [controller_server]: Passing new path to controller.
[controller_server-15] [INFO] [1790433195.531634283] [controller_server]: Passing new path to controller.
[collision_monitor-23] [INFO] [1790433195.989558262] [collision_monitor]: Robot to approach for 1.200000 seconds away from collision
[controller_server-15] [WARN] [1790433196.182058353] [controller_server]: RegulatedPurePursuitController detected collision ahead!
[controller_server-15] [WARN] [1790433196.232008555] [controller_server]: RegulatedPurePursuitController detected collision ahead!
[collision_monitor-23] [INFO] [1790433196.249662582] [collision_monitor]: Robot to continue normal operation
[controller_server-15] [WARN] [1790433196.381949665] [controller_server]: RegulatedPurePursuitController detected collision ahead!
[collision_monitor-23] [INFO] [1790433196.389564699] [collision_monitor]: Robot to approach for 1.200000 seconds away from collision
[controller_server-15] [WARN] [1790433196.432080803] [controller_server]: RegulatedPurePursuitController detected collision ahead!
[collision_monitor-23] [INFO] [1790433196.449706688] [collision_monitor]: Robot to continue normal operation
[controller_server-15] [INFO] [1790433196.531644405] [controller_server]: Passing new path to controller.
[collision_monitor-23] [INFO] [1790433196.589561179] [collision_monitor]: Robot to approach for 1.200000 seconds away from collision
[controller_server-15] [WARN] [1790433196.632081473] [controller_server]: RegulatedPurePursuitController detected collision ahead!
[collision_monitor-23] [INFO] [1790433196.689586863] [collision_monitor]: Robot to continue normal operation
[controller_server-15] [WARN] [1790433196.781854705] [controller_server]: RegulatedPurePursuitController detected collision ahead!
[collision_monitor-23] [INFO] [1790433196.789558217] [collision_monitor]: Robot to approach for 1.200000 seconds away from collision
[controller_server-15] [WARN] [1790433196.832113288] [controller_server]: RegulatedPurePursuitController detected collision ahead!
[collision_monitor-23] [INFO] [1790433196.849704256] [collision_monitor]: Robot to continue normal operation
[controller_server-15] [WARN] [1790433196.981918922] [controller_server]: RegulatedPurePursuitController detected collision ahead!
[collision_monitor-23] [INFO] [1790433196.989708748] [collision_monitor]: Robot to approach for 1.200000 seconds away from collision
[controller_server-15] [WARN] [1790433197.032074223] [controller_server]: RegulatedPurePursuitController detected collision ahead!
[collision_monitor-23] [INFO] [1790433197.049700806] [collision_monitor]: Robot to continue normal operation
[controller_server-15] [WARN] [1790433197.332064892] [controller_server]: RegulatedPurePursuitController detected collision ahead!
[controller_server-15] [WARN] [1790433197.381852455] [controller_server]: RegulatedPurePursuitController detected collision ahead!
[controller_server-15] [WARN] [1790433197.432055311] [controller_server]: RegulatedPurePursuitController detected collision ahead!
[controller_server-15] [WARN] [1790433197.532029319] [controller_server]: RegulatedPurePursuitController detected collision ahead!
[controller_server-15] [INFO] [1790433197.581645233] [controller_server]: Passing new path to controller.
[collision_monitor-23] [INFO] [1790433198.449921766] [collision_monitor]: Robot to approach for 1.200000 seconds away from collision
[collision_monitor-23] [INFO] [1790433198.549689558] [collision_monitor]: Robot to continue normal operation
[controller_server-15] [INFO] [1790433198.581674559] [controller_server]: Passing new path to controller.
[collision_monitor-23] [INFO] [1790433198.589652653] [collision_monitor]: Robot to approach for 1.200000 seconds away from collision
[collision_monitor-23] [INFO] [1790433198.649719432] [collision_monitor]: Robot to continue normal operation
[collision_monitor-23] [INFO] [1790433198.689591535] [collision_monitor]: Robot to approach for 1.200000 seconds away from collision
[collision_monitor-23] [INFO] [1790433198.749698398] [collision_monitor]: Robot to continue normal operation
[collision_monitor-23] [INFO] [1790433198.789566660] [collision_monitor]: Robot to approach for 1.200000 seconds away from collision
[controller_server-15] [WARN] [1790433198.832083323] [controller_server]: RegulatedPurePursuitController detected collision ahead!
[collision_monitor-23] [INFO] [1790433198.849619683] [collision_monitor]: Robot to continue normal operation
[collision_monitor-23] [INFO] [1790433198.989584439] [collision_monitor]: Robot to approach for 1.200000 seconds away from collision
[controller_server-15] [WARN] [1790433199.032029733] [controller_server]: RegulatedPurePursuitController detected collision ahead!
[collision_monitor-23] [INFO] [1790433199.089573042] [collision_monitor]: Robot to continue normal operation
[controller_server-15] [WARN] [1790433199.181935438] [controller_server]: RegulatedPurePursuitController detected collision ahead!
[collision_monitor-23] [INFO] [1790433199.189679383] [collision_monitor]: Robot to approach for 1.200000 seconds away from collision
[controller_server-15] [WARN] [1790433199.232173839] [controller_server]: RegulatedPurePursuitController detected collision ahead!
[collision_monitor-23] [INFO] [1790433199.249700980] [collision_monitor]: Robot to continue normal operation
[controller_server-15] [WARN] [1790433199.381873258] [controller_server]: RegulatedPurePursuitController detected collision ahead!
[collision_monitor-23] [INFO] [1790433199.389572929] [collision_monitor]: Robot to approach for 1.200000 seconds away from collision
[controller_server-15] [WARN] [1790433199.432044341] [controller_server]: RegulatedPurePursuitController detected collision ahead!
[collision_monitor-23] [INFO] [1790433199.449733145] [collision_monitor]: Robot to continue normal operation
[controller_server-15] [WARN] [1790433199.581924906] [controller_server]: RegulatedPurePursuitController detected collision ahead!
[collision_monitor-23] [INFO] [1790433199.589537915] [collision_monitor]: Robot to approach for 1.200000 seconds away from collision
[controller_server-15] [INFO] [1790433199.631642077] [controller_server]: Passing new path to controller.
[collision_monitor-23] [INFO] [1790433199.649764820] [collision_monitor]: Robot to continue normal operation
[controller_server-15] [WARN] [1790433199.732150862] [controller_server]: RegulatedPurePursuitController detected collision ahead!
[controller_server-15] [WARN] [1790433199.781959793] [controller_server]: RegulatedPurePursuitController detected collision ahead!
[controller_server-15] [WARN] [1790433199.832031015] [controller_server]: RegulatedPurePursuitController detected collision ahead!
[controller_server-15] [WARN] [1790433199.982148592] [controller_server]: RegulatedPurePursuitController detected collision ahead!
[controller_server-15] [WARN] [1790433200.032047607] [controller_server]: RegulatedPurePursuitController detected collision ahead!
[controller_server-15] [WARN] [1790433200.232110847] [controller_server]: RegulatedPurePursuitController detected collision ahead!
[controller_server-15] [WARN] [1790433200.581967849] [controller_server]: RegulatedPurePursuitController detected collision ahead!
[controller_server-15] [INFO] [1790433200.631639350] [controller_server]: Passing new path to controller.
[collision_monitor-23] [INFO] [1790433200.689551165] [collision_monitor]: Robot to approach for 1.200000 seconds away from collision
[collision_monitor-23] [INFO] [1790433200.729489819] [collision_monitor]: Robot to continue normal operation
[controller_server-15] [WARN] [1790433200.782548968] [controller_server]: RegulatedPurePursuitController detected collision ahead!
[collision_monitor-23] [INFO] [1790433200.790058275] [collision_monitor]: Robot to approach for 1.200000 seconds away from collision
[collision_monitor-23] [INFO] [1790433200.829847976] [collision_monitor]: Robot to continue normal operation
[controller_server-15] [WARN] [1790433200.832263974] [controller_server]: RegulatedPurePursuitController detected collision ahead!
[controller_server-15] [WARN] [1790433200.982129594] [controller_server]: RegulatedPurePursuitController detected collision ahead!
[collision_monitor-23] [INFO] [1790433200.999729292] [collision_monitor]: Robot to approach for 1.200000 seconds away from collision
[controller_server-15] [WARN] [1790433201.032055076] [controller_server]: RegulatedPurePursuitController detected collision ahead!
[collision_monitor-23] [INFO] [1790433201.039614314] [collision_monitor]: Robot to continue normal operation
[controller_server-15] [WARN] [1790433201.431926387] [controller_server]: RegulatedPurePursuitController detected collision ahead!
[controller_server-15] [WARN] [1790433201.632090116] [controller_server]: RegulatedPurePursuitController detected collision ahead!
[controller_server-15] [INFO] [1790433201.681629144] [controller_server]: Passing new path to controller.
[controller_server-15] [WARN] [1790433202.032070017] [controller_server]: RegulatedPurePursuitController detected collision ahead!
[controller_server-15] [WARN] [1790433202.232073131] [controller_server]: RegulatedPurePursuitController detected collision ahead!
[controller_server-15] [WARN] [1790433202.432166538] [controller_server]: RegulatedPurePursuitController detected collision ahead!
[collision_monitor-23] [INFO] [1790433202.599682904] [collision_monitor]: Robot to approach for 1.200000 seconds away from collision
[controller_server-15] [WARN] [1790433202.632093395] [controller_server]: RegulatedPurePursuitController detected collision ahead!
[collision_monitor-23] [INFO] [1790433202.639631264] [collision_monitor]: Robot to continue normal operation
[controller_server-15] [INFO] [1790433202.681630747] [controller_server]: Passing new path to controller.
[controller_server-15] [WARN] [1790433202.831970181] [controller_server]: RegulatedPurePursuitController detected collision ahead!
[controller_server-15] [WARN] [1790433203.182072995] [controller_server]: RegulatedPurePursuitController detected collision ahead!
[controller_server-15] [WARN] [1790433203.231974105] [controller_server]: RegulatedPurePursuitController detected collision ahead!
[controller_server-15] [WARN] [1790433203.332044412] [controller_server]: RegulatedPurePursuitController detected collision ahead!
[controller_server-15] [WARN] [1790433203.381899293] [controller_server]: RegulatedPurePursuitController detected collision ahead!
[controller_server-15] [WARN] [1790433203.432052778] [controller_server]: RegulatedPurePursuitController detected collision ahead!
[controller_server-15] [INFO] [1790433203.731645611] [controller_server]: Passing new path to controller.
[controller_server-15] [WARN] [1790433203.831957399] [controller_server]: RegulatedPurePursuitController detected collision ahead!
[controller_server-15] [WARN] [1790433204.281900770] [controller_server]: RegulatedPurePursuitController detected collision ahead!
[controller_server-15] [WARN] [1790433204.331952579] [controller_server]: RegulatedPurePursuitController detected collision ahead!
[controller_server-15] [WARN] [1790433204.382059346] [controller_server]: RegulatedPurePursuitController detected collision ahead!
[controller_server-15] [INFO] [1790433204.731647144] [controller_server]: Passing new path to controller.
[collision_monitor-23] [INFO] [1790433205.399648775] [collision_monitor]: Robot to approach for 1.200000 seconds away from collision
[collision_monitor-23] [INFO] [1790433205.439540919] [collision_monitor]: Robot to continue normal operation
[controller_server-15] [WARN] [1790433205.532137045] [controller_server]: RegulatedPurePursuitController detected collision ahead!
[controller_server-15] [INFO] [1790433205.781645737] [controller_server]: Passing new path to controller.
[controller_server-15] [WARN] [1790433205.832230577] [controller_server]: RegulatedPurePursuitController detected collision ahead!
[collision_monitor-23] [INFO] [1790433206.599735545] [collision_monitor]: Robot to approach for 1.200000 seconds away from collision
[controller_server-15] [INFO] [1790433206.781639448] [controller_server]: Passing new path to controller.
[collision_monitor-23] [INFO] [1790433206.799669175] [collision_monitor]: Robot to continue normal operation
[collision_monitor-23] [INFO] [1790433207.599756770] [collision_monitor]: Robot to approach for 1.200000 seconds away from collision
[controller_server-15] [WARN] [1790433207.632108183] [controller_server]: RegulatedPurePursuitController detected collision ahead!
[collision_monitor-23] [INFO] [1790433207.639596192] [collision_monitor]: Robot to continue normal operation
[controller_server-15] [INFO] [1790433207.831654452] [controller_server]: Passing new path to controller.
[controller_server-15] [WARN] [1790433208.232703490] [controller_server]: RegulatedPurePursuitController detected collision ahead!
[controller_server-15] [INFO] [1790433208.831655636] [controller_server]: Passing new path to controller.
[collision_monitor-23] [INFO] [1790433209.799761274] [collision_monitor]: Robot to approach for 1.200000 seconds away from collision
[controller_server-15] [WARN] [1790433209.832105424] [controller_server]: RegulatedPurePursuitController detected collision ahead!
[collision_monitor-23] [INFO] [1790433209.839556142] [collision_monitor]: Robot to continue normal operation
[controller_server-15] [INFO] [1790433209.881639704] [controller_server]: Passing new path to controller.
[collision_monitor-23] [INFO] [1790433209.939577008] [collision_monitor]: Robot to approach for 1.200000 seconds away from collision
[collision_monitor-23] [INFO] [1790433210.099681343] [collision_monitor]: Robot to continue normal operation
[controller_server-15] [WARN] [1790433210.232058300] [controller_server]: RegulatedPurePursuitController detected collision ahead!
[collision_monitor-23] [INFO] [1790433210.239608530] [collision_monitor]: Robot to approach for 1.200000 seconds away from collision
[collision_monitor-23] [INFO] [1790433210.299813927] [collision_monitor]: Robot to continue normal operation
[collision_monitor-23] [INFO] [1790433210.339626951] [collision_monitor]: Robot to approach for 1.200000 seconds away from collision
[controller_server-15] [WARN] [1790433210.432075590] [controller_server]: RegulatedPurePursuitController detected collision ahead!
[collision_monitor-23] [INFO] [1790433210.439610107] [collision_monitor]: Robot to continue normal operation
[collision_monitor-23] [INFO] [1790433210.539557090] [collision_monitor]: Robot to approach for 1.200000 seconds away from collision
[controller_server-15] [WARN] [1790433210.631994835] [controller_server]: RegulatedPurePursuitController detected collision ahead!
[collision_monitor-23] [INFO] [1790433210.639581308] [collision_monitor]: Robot to continue normal operation
[collision_monitor-23] [INFO] [1790433210.800174890] [collision_monitor]: Robot to approach for 1.200000 seconds away from collision
[controller_server-15] [WARN] [1790433210.832005561] [controller_server]: RegulatedPurePursuitController detected collision ahead!
[collision_monitor-23] [INFO] [1790433210.839623179] [collision_monitor]: Robot to continue normal operation
[controller_server-15] [INFO] [1790433210.881638932] [controller_server]: Passing new path to controller.
[collision_monitor-23] [INFO] [1790433210.979475644] [collision_monitor]: Robot to approach for 1.200000 seconds away from collision
[controller_server-15] [WARN] [1790433211.032106231] [controller_server]: RegulatedPurePursuitController detected collision ahead!
[collision_monitor-23] [INFO] [1790433211.039578317] [collision_monitor]: Robot to continue normal operation
[collision_monitor-23] [INFO] [1790433211.139667409] [collision_monitor]: Robot to approach for 1.200000 seconds away from collision
[controller_server-15] [WARN] [1790433211.231910322] [controller_server]: RegulatedPurePursuitController detected collision ahead!
[collision_monitor-23] [INFO] [1790433211.239540370] [collision_monitor]: Robot to continue normal operation
[controller_server-15] [WARN] [1790433211.431976494] [controller_server]: RegulatedPurePursuitController detected collision ahead!
[collision_monitor-23] [INFO] [1790433211.579466480] [collision_monitor]: Robot to approach for 1.200000 seconds away from collision
[controller_server-15] [WARN] [1790433211.631923114] [controller_server]: RegulatedPurePursuitController detected collision ahead!
[collision_monitor-23] [INFO] [1790433211.639592896] [collision_monitor]: Robot to continue normal operation
[controller_server-15] [WARN] [1790433211.831804020] [controller_server]: RegulatedPurePursuitController detected collision ahead!
[controller_server-15] [INFO] [1790433211.931637316] [controller_server]: Passing new path to controller.
[controller_server-15] [INFO] [1790433212.931640245] [controller_server]: Passing new path to controller.
[controller_server-15] [INFO] [1790433213.981631855] [controller_server]: Passing new path to controller.
[controller_server-15] [INFO] [1790433214.981630176] [controller_server]: Passing new path to controller.
[controller_server-15] [INFO] [1790433216.031637428] [controller_server]: Passing new path to controller.
[controller_server-15] [INFO] [1790433217.031628905] [controller_server]: Passing new path to controller.
[controller_server-15] [INFO] [1790433218.081641604] [controller_server]: Passing new path to controller.
[controller_server-15] [INFO] [1790433219.081630358] [controller_server]: Passing new path to controller.
[controller_server-15] [INFO] [1790433220.031659831] [controller_server]: Reached the goal!
[bt_navigator-20] [INFO] [1790433220.061073038] [bt_navigator]: Goal succeeded
[bt_navigator-20] [INFO] [1790433221.062167241] [bt_navigator]: Begin navigating from current location (3.42, 2.12) to (0.30, 0.00)
[nav_benchmark_runner.py-9] [INFO] [1790433221.063241686] [nav_benchmark_runner]: Goal 'return_to_start' accepted: x=0.30, y=0.00, yaw=0.0000
[controller_server-15] [INFO] [1790433221.082925676] [controller_server]: Received a goal, begin computing control effort.
[controller_server-15] [INFO] [1790433222.133066169] [controller_server]: Passing new path to controller.
[controller_server-15] [INFO] [1790433223.133065398] [controller_server]: Passing new path to controller.
[controller_server-15] [INFO] [1790433224.183073139] [controller_server]: Passing new path to controller.
[controller_server-15] [WARN] [1790433224.533288103] [controller_server]: RegulatedPurePursuitController detected collision ahead!
[controller_server-15] [WARN] [1790433224.583298361] [controller_server]: RegulatedPurePursuitController detected collision ahead!
[controller_server-15] [INFO] [1790433225.233065307] [controller_server]: Passing new path to controller.
[controller_server-15] [WARN] [1790433225.233504205] [controller_server]: RegulatedPurePursuitController detected collision ahead!
[collision_monitor-23] [INFO] [1790433225.339671316] [collision_monitor]: Robot to approach for 1.200000 seconds away from collision
[controller_server-15] [WARN] [1790433225.433332598] [controller_server]: RegulatedPurePursuitController detected collision ahead!
[collision_monitor-23] [INFO] [1790433225.439810967] [collision_monitor]: Robot to continue normal operation
[collision_monitor-23] [INFO] [1790433225.579469996] [collision_monitor]: Robot to approach for 1.200000 seconds away from collision
[controller_server-15] [WARN] [1790433225.583339978] [controller_server]: RegulatedPurePursuitController detected collision ahead!
[controller_server-15] [WARN] [1790433225.633518603] [controller_server]: RegulatedPurePursuitController detected collision ahead!
[collision_monitor-23] [INFO] [1790433225.639677697] [collision_monitor]: Robot to continue normal operation
[collision_monitor-23] [INFO] [1790433225.779480442] [collision_monitor]: Robot to approach for 1.200000 seconds away from collision
[controller_server-15] [WARN] [1790433225.783349936] [controller_server]: RegulatedPurePursuitController detected collision ahead!
[controller_server-15] [WARN] [1790433225.833405376] [controller_server]: RegulatedPurePursuitController detected collision ahead!
[collision_monitor-23] [INFO] [1790433225.839777320] [collision_monitor]: Robot to continue normal operation
[collision_monitor-23] [INFO] [1790433225.979482020] [collision_monitor]: Robot to approach for 1.200000 seconds away from collision
[collision_monitor-23] [INFO] [1790433226.039649847] [collision_monitor]: Robot to continue normal operation
[collision_monitor-23] [INFO] [1790433226.079501908] [collision_monitor]: Robot to approach for 1.200000 seconds away from collision
[collision_monitor-23] [INFO] [1790433226.140069945] [collision_monitor]: Robot to continue normal operation
[collision_monitor-23] [INFO] [1790433226.179510343] [collision_monitor]: Robot to approach for 1.200000 seconds away from collision
[controller_server-15] [INFO] [1790433226.233063069] [controller_server]: Passing new path to controller.
[controller_server-15] [WARN] [1790433226.233557274] [controller_server]: RegulatedPurePursuitController detected collision ahead!
[collision_monitor-23] [INFO] [1790433226.239632989] [collision_monitor]: Robot to continue normal operation
[collision_monitor-23] [INFO] [1790433226.379475398] [collision_monitor]: Robot to approach for 1.200000 seconds away from collision
[controller_server-15] [WARN] [1790433226.433374773] [controller_server]: RegulatedPurePursuitController detected collision ahead!
[collision_monitor-23] [INFO] [1790433226.440533242] [collision_monitor]: Robot to continue normal operation
[controller_server-15] [WARN] [1790433226.633494368] [controller_server]: RegulatedPurePursuitController detected collision ahead!
[controller_server-15] [WARN] [1790433226.833559563] [controller_server]: RegulatedPurePursuitController detected collision ahead!
[controller_server-15] [WARN] [1790433226.983342641] [controller_server]: RegulatedPurePursuitController detected collision ahead!
[controller_server-15] [WARN] [1790433227.033582788] [controller_server]: RegulatedPurePursuitController detected collision ahead!
[controller_server-15] [WARN] [1790433227.183342124] [controller_server]: RegulatedPurePursuitController detected collision ahead!
[controller_server-15] [WARN] [1790433227.233322005] [controller_server]: RegulatedPurePursuitController detected collision ahead!
[controller_server-15] [INFO] [1790433227.283064176] [controller_server]: Passing new path to controller.
[controller_server-15] [WARN] [1790433227.433316879] [controller_server]: RegulatedPurePursuitController detected collision ahead!
[collision_monitor-23] [INFO] [1790433227.579491288] [collision_monitor]: Robot to approach for 1.200000 seconds away from collision
[controller_server-15] [WARN] [1790433227.633552954] [controller_server]: RegulatedPurePursuitController detected collision ahead!
[collision_monitor-23] [INFO] [1790433227.639711560] [collision_monitor]: Robot to continue normal operation
[controller_server-15] [WARN] [1790433227.833306486] [controller_server]: RegulatedPurePursuitController detected collision ahead!
[controller_server-15] [INFO] [1790433228.283064312] [controller_server]: Passing new path to controller.
[collision_monitor-23] [INFO] [1790433228.379478814] [collision_monitor]: Robot to approach for 1.200000 seconds away from collision
[collision_monitor-23] [INFO] [1790433228.439670524] [collision_monitor]: Robot to continue normal operation
[controller_server-15] [WARN] [1790433229.033303242] [controller_server]: RegulatedPurePursuitController detected collision ahead!
[controller_server-15] [WARN] [1790433229.233550142] [controller_server]: RegulatedPurePursuitController detected collision ahead!
[controller_server-15] [INFO] [1790433229.333066956] [controller_server]: Passing new path to controller.
[controller_server-15] [INFO] [1790433230.333069187] [controller_server]: Passing new path to controller.
[controller_server-15] [INFO] [1790433231.383058073] [controller_server]: Passing new path to controller.
[controller_server-15] [WARN] [1790433231.533321670] [controller_server]: RegulatedPurePursuitController detected collision ahead!
[controller_server-15] [WARN] [1790433231.583378367] [controller_server]: RegulatedPurePursuitController detected collision ahead!
[controller_server-15] [WARN] [1790433231.633329477] [controller_server]: RegulatedPurePursuitController detected collision ahead!
[controller_server-15] [WARN] [1790433232.183267945] [controller_server]: RegulatedPurePursuitController detected collision ahead!
[controller_server-15] [INFO] [1790433232.383070570] [controller_server]: Passing new path to controller.
[controller_server-15] [WARN] [1790433232.433288371] [controller_server]: RegulatedPurePursuitController detected collision ahead!
[controller_server-15] [INFO] [1790433233.433065182] [controller_server]: Passing new path to controller.
[controller_server-15] [WARN] [1790433233.433474611] [controller_server]: RegulatedPurePursuitController detected collision ahead!
[collision_monitor-23] [INFO] [1790433233.839882951] [collision_monitor]: Robot to approach for 1.200000 seconds away from collision
[collision_monitor-23] [INFO] [1790433233.939706749] [collision_monitor]: Robot to continue normal operation
[collision_monitor-23] [INFO] [1790433233.979506784] [collision_monitor]: Robot to approach for 1.200000 seconds away from collision
[collision_monitor-23] [INFO] [1790433234.079489661] [collision_monitor]: Robot to continue normal operation
[controller_server-15] [INFO] [1790433234.433064621] [controller_server]: Passing new path to controller.
[collision_monitor-23] [INFO] [1790433234.679486992] [collision_monitor]: Robot to approach for 1.200000 seconds away from collision
[collision_monitor-23] [INFO] [1790433234.739749093] [collision_monitor]: Robot to continue normal operation
[collision_monitor-23] [INFO] [1790433234.779492005] [collision_monitor]: Robot to approach for 1.200000 seconds away from collision
[controller_server-15] [WARN] [1790433234.783393063] [controller_server]: RegulatedPurePursuitController detected collision ahead!
[controller_server-15] [WARN] [1790433234.833348991] [controller_server]: RegulatedPurePursuitController detected collision ahead!
[collision_monitor-23] [INFO] [1790433234.839567933] [collision_monitor]: Robot to continue normal operation
[controller_server-15] [WARN] [1790433234.933306379] [controller_server]: RegulatedPurePursuitController detected collision ahead!
[controller_server-15] [WARN] [1790433234.983394571] [controller_server]: RegulatedPurePursuitController detected collision ahead!
[controller_server-15] [WARN] [1790433235.033314047] [controller_server]: RegulatedPurePursuitController detected collision ahead!
[controller_server-15] [WARN] [1790433235.183235394] [controller_server]: RegulatedPurePursuitController detected collision ahead!
[controller_server-15] [WARN] [1790433235.233485108] [controller_server]: RegulatedPurePursuitController detected collision ahead!
[collision_monitor-23] [INFO] [1790433235.479506291] [collision_monitor]: Robot to approach for 1.200000 seconds away from collision
[controller_server-15] [INFO] [1790433235.483073479] [controller_server]: Passing new path to controller.
[collision_monitor-23] [INFO] [1790433235.639524173] [collision_monitor]: Robot to continue normal operation
[collision_monitor-23] [INFO] [1790433235.679510801] [collision_monitor]: Robot to approach for 1.200000 seconds away from collision
[collision_monitor-23] [INFO] [1790433235.739647692] [collision_monitor]: Robot to continue normal operation
[collision_monitor-23] [INFO] [1790433235.779595773] [collision_monitor]: Robot to approach for 1.200000 seconds away from collision
[controller_server-15] [WARN] [1790433235.933318667] [controller_server]: RegulatedPurePursuitController detected collision ahead!
[collision_monitor-23] [INFO] [1790433235.979460619] [collision_monitor]: Robot to continue normal operation
[controller_server-15] [WARN] [1790433235.983406579] [controller_server]: RegulatedPurePursuitController detected collision ahead!
[controller_server-15] [WARN] [1790433236.033294490] [controller_server]: RegulatedPurePursuitController detected collision ahead!
[controller_server-15] [WARN] [1790433236.133328624] [controller_server]: RegulatedPurePursuitController detected collision ahead!
[controller_server-15] [WARN] [1790433236.183406899] [controller_server]: RegulatedPurePursuitController detected collision ahead!
[controller_server-15] [WARN] [1790433236.233542717] [controller_server]: RegulatedPurePursuitController detected collision ahead!
[controller_server-15] [WARN] [1790433236.383373421] [controller_server]: RegulatedPurePursuitController detected collision ahead!
[controller_server-15] [WARN] [1790433236.433309168] [controller_server]: RegulatedPurePursuitController detected collision ahead!
[controller_server-15] [INFO] [1790433236.483066004] [controller_server]: Passing new path to controller.
[collision_monitor-23] [INFO] [1790433236.839660734] [collision_monitor]: Robot to approach for 1.200000 seconds away from collision
[collision_monitor-23] [INFO] [1790433236.879462794] [collision_monitor]: Robot to continue normal operation
[controller_server-15] [WARN] [1790433236.933508608] [controller_server]: RegulatedPurePursuitController detected collision ahead!
[collision_monitor-23] [INFO] [1790433236.939863723] [collision_monitor]: Robot to approach for 1.200000 seconds away from collision
[controller_server-15] [WARN] [1790433236.983642679] [controller_server]: RegulatedPurePursuitController detected collision ahead!
[collision_monitor-23] [INFO] [1790433236.989586550] [collision_monitor]: Robot to continue normal operation
[controller_server-15] [WARN] [1790433237.033371163] [controller_server]: RegulatedPurePursuitController detected collision ahead!
[controller_server-15] [WARN] [1790433237.183296351] [controller_server]: RegulatedPurePursuitController detected collision ahead!
[controller_server-15] [WARN] [1790433237.233498370] [controller_server]: RegulatedPurePursuitController detected collision ahead!
[collision_monitor-23] [INFO] [1790433237.439677338] [collision_monitor]: Robot to approach for 1.200000 seconds away from collision
[controller_server-15] [INFO] [1790433237.483130456] [controller_server]: Passing new path to controller.
[collision_monitor-23] [INFO] [1790433237.489566506] [collision_monitor]: Robot to continue normal operation
[collision_monitor-23] [INFO] [1790433237.539637868] [collision_monitor]: Robot to approach for 1.200000 seconds away from collision
[controller_server-15] [WARN] [1790433237.583307397] [controller_server]: RegulatedPurePursuitController detected collision ahead!
[collision_monitor-23] [INFO] [1790433237.589560207] [collision_monitor]: Robot to continue normal operation
[controller_server-15] [WARN] [1790433237.633468005] [controller_server]: RegulatedPurePursuitController detected collision ahead!
[controller_server-15] [WARN] [1790433237.683310944] [controller_server]: RegulatedPurePursuitController detected collision ahead!
[controller_server-15] [WARN] [1790433237.733303675] [controller_server]: RegulatedPurePursuitController detected collision ahead!
[controller_server-15] [WARN] [1790433237.783490679] [controller_server]: RegulatedPurePursuitController detected collision ahead!
[controller_server-15] [WARN] [1790433237.833302962] [controller_server]: RegulatedPurePursuitController detected collision ahead!
[controller_server-15] [WARN] [1790433237.983351055] [controller_server]: RegulatedPurePursuitController detected collision ahead!
[controller_server-15] [WARN] [1790433238.033495602] [controller_server]: RegulatedPurePursuitController detected collision ahead!
[controller_server-15] [INFO] [1790433238.533078141] [controller_server]: Passing new path to controller.
[collision_monitor-23] [INFO] [1790433238.639633661] [collision_monitor]: Robot to approach for 1.200000 seconds away from collision
[controller_server-15] [WARN] [1790433238.683314084] [controller_server]: RegulatedPurePursuitController detected collision ahead!
[collision_monitor-23] [INFO] [1790433238.689578067] [collision_monitor]: Robot to continue normal operation
[controller_server-15] [WARN] [1790433238.733325110] [controller_server]: RegulatedPurePursuitController detected collision ahead!
[controller_server-15] [WARN] [1790433238.783507994] [controller_server]: RegulatedPurePursuitController detected collision ahead!
[controller_server-15] [WARN] [1790433238.833313713] [controller_server]: RegulatedPurePursuitController detected collision ahead!
[controller_server-15] [WARN] [1790433238.883348552] [controller_server]: RegulatedPurePursuitController detected collision ahead!
[controller_server-15] [WARN] [1790433238.933324453] [controller_server]: RegulatedPurePursuitController detected collision ahead!
[controller_server-15] [WARN] [1790433238.983583525] [controller_server]: RegulatedPurePursuitController detected collision ahead!
[controller_server-15] [ERROR] [1790433238.983636947] [controller_server]: Controller patience exceeded
[controller_server-15] [WARN] [1790433238.983741765] [controller_server]: [follow_path] [ActionServer] Aborting handle.
[controller_server-15] [INFO] [1790433239.002771774] [local_costmap.local_costmap]: Received request to clear entirely the local_costmap
[controller_server-15] [INFO] [1790433239.003471427] [controller_server]: Received a goal, begin computing control effort.
[controller_server-15] [WARN] [1790433239.073910021] [controller_server]: Control loop missed its desired rate of 20.0000 Hz. Current loop rate is 14.2857 Hz.
[controller_server-15] [INFO] [1790433239.574080341] [controller_server]: Passing new path to controller.
[collision_monitor-23] [INFO] [1790433239.641094066] [collision_monitor]: Robot to approach for 1.200000 seconds away from collision
[controller_server-15] [WARN] [1790433239.674498415] [controller_server]: RegulatedPurePursuitController detected collision ahead!
[collision_monitor-23] [INFO] [1790433239.689641052] [collision_monitor]: Robot to continue normal operation
[controller_server-15] [WARN] [1790433239.724342820] [controller_server]: RegulatedPurePursuitController detected collision ahead!
[controller_server-15] [WARN] [1790433239.774309992] [controller_server]: RegulatedPurePursuitController detected collision ahead!
[controller_server-15] [WARN] [1790433239.824283029] [controller_server]: RegulatedPurePursuitController detected collision ahead!
[controller_server-15] [WARN] [1790433239.874265215] [controller_server]: RegulatedPurePursuitController detected collision ahead!
[controller_server-15] [WARN] [1790433239.924262275] [controller_server]: RegulatedPurePursuitController detected collision ahead!
[controller_server-15] [WARN] [1790433239.974290410] [controller_server]: RegulatedPurePursuitController detected collision ahead!
[controller_server-15] [ERROR] [1790433239.974340829] [controller_server]: Controller patience exceeded
[controller_server-15] [WARN] [1790433239.974443204] [controller_server]: [follow_path] [ActionServer] Aborting handle.
[controller_server-15] [INFO] [1790433239.992733616] [local_costmap.local_costmap]: Received request to clear entirely the local_costmap
[planner_server-17] [INFO] [1790433239.993118044] [global_costmap.global_costmap]: Received request to clear entirely the global_costmap
[controller_server-15] [INFO] [1790433240.862936271] [controller_server]: Received a goal, begin computing control effort.
[controller_server-15] [WARN] [1790433241.413391222] [controller_server]: RegulatedPurePursuitController detected collision ahead!
[controller_server-15] [WARN] [1790433241.463561536] [controller_server]: RegulatedPurePursuitController detected collision ahead!
[controller_server-15] [WARN] [1790433241.613502995] [controller_server]: RegulatedPurePursuitController detected collision ahead!
[controller_server-15] [WARN] [1790433241.663374985] [controller_server]: RegulatedPurePursuitController detected collision ahead!
[controller_server-15] [WARN] [1790433241.813568330] [controller_server]: RegulatedPurePursuitController detected collision ahead!
[controller_server-15] [WARN] [1790433241.863440878] [controller_server]: RegulatedPurePursuitController detected collision ahead!
[controller_server-15] [INFO] [1790433241.913116708] [controller_server]: Passing new path to controller.
[collision_monitor-23] [INFO] [1790433242.039590507] [collision_monitor]: Robot to approach for 1.200000 seconds away from collision
[controller_server-15] [WARN] [1790433242.063568434] [controller_server]: RegulatedPurePursuitController detected collision ahead!
[collision_monitor-23] [INFO] [1790433242.079436492] [collision_monitor]: Robot to continue normal operation
[collision_monitor-23] [INFO] [1790433242.139696219] [collision_monitor]: Robot to approach for 1.200000 seconds away from collision
[controller_server-15] [WARN] [1790433242.213382308] [controller_server]: RegulatedPurePursuitController detected collision ahead!
[collision_monitor-23] [INFO] [1790433242.239598300] [collision_monitor]: Robot to continue normal operation
[controller_server-15] [WARN] [1790433242.263383279] [controller_server]: RegulatedPurePursuitController detected collision ahead!
[controller_server-15] [WARN] [1790433242.313534948] [controller_server]: RegulatedPurePursuitController detected collision ahead!
[controller_server-15] [WARN] [1790433242.363390178] [controller_server]: RegulatedPurePursuitController detected collision ahead!
[controller_server-15] [WARN] [1790433242.413410632] [controller_server]: RegulatedPurePursuitController detected collision ahead!
[controller_server-15] [WARN] [1790433242.463568446] [controller_server]: RegulatedPurePursuitController detected collision ahead!
[controller_server-15] [WARN] [1790433242.663329032] [controller_server]: RegulatedPurePursuitController detected collision ahead!
[controller_server-15] [WARN] [1790433242.863317550] [controller_server]: RegulatedPurePursuitController detected collision ahead!
[controller_server-15] [INFO] [1790433242.913116425] [controller_server]: Passing new path to controller.
[collision_monitor-23] [INFO] [1790433242.979510735] [collision_monitor]: Robot to approach for 1.200000 seconds away from collision
[controller_server-15] [WARN] [1790433243.163336851] [controller_server]: RegulatedPurePursuitController detected collision ahead!
[collision_monitor-23] [INFO] [1790433243.179462313] [collision_monitor]: Robot to continue normal operation
[controller_server-15] [WARN] [1790433243.213311634] [controller_server]: RegulatedPurePursuitController detected collision ahead!
[controller_server-15] [WARN] [1790433243.263404365] [controller_server]: RegulatedPurePursuitController detected collision ahead!
[controller_server-15] [WARN] [1790433243.313487528] [controller_server]: RegulatedPurePursuitController detected collision ahead!
[controller_server-15] [WARN] [1790433243.363309937] [controller_server]: RegulatedPurePursuitController detected collision ahead!
[controller_server-15] [WARN] [1790433243.413370126] [controller_server]: RegulatedPurePursuitController detected collision ahead!
[controller_server-15] [WARN] [1790433243.463323051] [controller_server]: RegulatedPurePursuitController detected collision ahead!
[controller_server-15] [ERROR] [1790433243.463385970] [controller_server]: Controller patience exceeded
[controller_server-15] [WARN] [1790433243.463485761] [controller_server]: [follow_path] [ActionServer] Aborting handle.
[controller_server-15] [INFO] [1790433243.482747055] [local_costmap.local_costmap]: Received request to clear entirely the local_costmap
[controller_server-15] [INFO] [1790433243.483497616] [controller_server]: Received a goal, begin computing control effort.
[controller_server-15] [WARN] [1790433243.673958735] [controller_server]: Control loop missed its desired rate of 20.0000 Hz. Current loop rate is 5.2356 Hz.
[controller_server-15] [INFO] [1790433243.974092352] [controller_server]: Passing new path to controller.
[collision_monitor-23] [INFO] [1790433244.239591170] [collision_monitor]: Robot to approach for 1.200000 seconds away from collision
[collision_monitor-23] [INFO] [1790433244.279444418] [collision_monitor]: Robot to continue normal operation
[collision_monitor-23] [INFO] [1790433244.339576980] [collision_monitor]: Robot to approach for 1.200000 seconds away from collision
[controller_server-15] [WARN] [1790433244.374289083] [controller_server]: RegulatedPurePursuitController detected collision ahead!
[controller_server-15] [WARN] [1790433244.424272805] [controller_server]: RegulatedPurePursuitController detected collision ahead!
[collision_monitor-23] [INFO] [1790433244.449633277] [collision_monitor]: Robot to continue normal operation
[controller_server-15] [WARN] [1790433244.474270284] [controller_server]: RegulatedPurePursuitController detected collision ahead!
[controller_server-15] [WARN] [1790433244.524546046] [controller_server]: RegulatedPurePursuitController detected collision ahead!
[controller_server-15] [WARN] [1790433244.574340032] [controller_server]: RegulatedPurePursuitController detected collision ahead!
[controller_server-15] [WARN] [1790433244.624459299] [controller_server]: RegulatedPurePursuitController detected collision ahead!
[controller_server-15] [WARN] [1790433244.674323956] [controller_server]: RegulatedPurePursuitController detected collision ahead!
[controller_server-15] [ERROR] [1790433244.674390228] [controller_server]: Controller patience exceeded
[controller_server-15] [WARN] [1790433244.674500842] [controller_server]: [follow_path] [ActionServer] Aborting handle.
[behavior_server-19] [INFO] [1790433244.693116255] [behavior_server]: Running spin
[behavior_server-19] [INFO] [1790433244.693207107] [behavior_server]: Turning 1.57 for spin behavior.
[behavior_server-19] [INFO] [1790433246.693455425] [behavior_server]: spin completed successfully
[controller_server-15] [INFO] [1790433246.722835671] [controller_server]: Received a goal, begin computing control effort.
[controller_server-15] [INFO] [1790433247.772998300] [controller_server]: Passing new path to controller.
[controller_server-15] [INFO] [1790433248.773039638] [controller_server]: Passing new path to controller.
[controller_server-15] [INFO] [1790433249.823037323] [controller_server]: Passing new path to controller.
[controller_server-15] [INFO] [1790433250.823058619] [controller_server]: Passing new path to controller.
[collision_monitor-23] [INFO] [1790433251.241050509] [collision_monitor]: Robot to approach for 1.200000 seconds away from collision
[controller_server-15] [WARN] [1790433251.373244784] [controller_server]: RegulatedPurePursuitController detected collision ahead!
[controller_server-15] [WARN] [1790433251.423304833] [controller_server]: RegulatedPurePursuitController detected collision ahead!
[collision_monitor-23] [INFO] [1790433251.439570867] [collision_monitor]: Robot to continue normal operation
[controller_server-15] [WARN] [1790433251.473408178] [controller_server]: RegulatedPurePursuitController detected collision ahead!
[controller_server-15] [WARN] [1790433251.523240153] [controller_server]: RegulatedPurePursuitController detected collision ahead!
[controller_server-15] [WARN] [1790433251.573202018] [controller_server]: RegulatedPurePursuitController detected collision ahead!
[controller_server-15] [WARN] [1790433251.623261508] [controller_server]: RegulatedPurePursuitController detected collision ahead!
[controller_server-15] [WARN] [1790433251.673207241] [controller_server]: RegulatedPurePursuitController detected collision ahead!
[controller_server-15] [ERROR] [1790433251.673254797] [controller_server]: Controller patience exceeded
[controller_server-15] [WARN] [1790433251.673346347] [controller_server]: [follow_path] [ActionServer] Aborting handle.
[controller_server-15] [INFO] [1790433251.692668745] [local_costmap.local_costmap]: Received request to clear entirely the local_costmap
[controller_server-15] [INFO] [1790433251.693189836] [controller_server]: Received a goal, begin computing control effort.
[controller_server-15] [INFO] [1790433251.873305955] [controller_server]: Passing new path to controller.
[controller_server-15] [WARN] [1790433251.873744783] [controller_server]: Control loop missed its desired rate of 20.0000 Hz. Current loop rate is 5.5556 Hz.
[collision_monitor-23] [INFO] [1790433252.340237500] [collision_monitor]: Robot to approach for 1.200000 seconds away from collision
[collision_monitor-23] [INFO] [1790433252.379630063] [collision_monitor]: Robot to continue normal operation
[controller_server-15] [WARN] [1790433252.424203226] [controller_server]: RegulatedPurePursuitController detected collision ahead!
[collision_monitor-23] [INFO] [1790433252.439628895] [collision_monitor]: Robot to approach for 1.200000 seconds away from collision
[collision_monitor-23] [INFO] [1790433252.479572925] [collision_monitor]: Robot to continue normal operation
[controller_server-15] [WARN] [1790433252.524155236] [controller_server]: RegulatedPurePursuitController detected collision ahead!
[collision_monitor-23] [INFO] [1790433252.539708909] [collision_monitor]: Robot to approach for 1.200000 seconds away from collision
[controller_server-15] [WARN] [1790433252.574126598] [controller_server]: RegulatedPurePursuitController detected collision ahead!
[collision_monitor-23] [INFO] [1790433252.579580174] [collision_monitor]: Robot to continue normal operation
[controller_server-15] [WARN] [1790433252.624160669] [controller_server]: RegulatedPurePursuitController detected collision ahead!
[controller_server-15] [WARN] [1790433252.774111765] [controller_server]: RegulatedPurePursuitController detected collision ahead!
[controller_server-15] [WARN] [1790433252.824115179] [controller_server]: RegulatedPurePursuitController detected collision ahead!
[controller_server-15] [INFO] [1790433252.873865730] [controller_server]: Passing new path to controller.
[collision_monitor-23] [INFO] [1790433253.339622831] [collision_monitor]: Robot to approach for 1.200000 seconds away from collision
[controller_server-15] [WARN] [1790433253.374166637] [controller_server]: RegulatedPurePursuitController detected collision ahead!
[controller_server-15] [WARN] [1790433253.424156434] [controller_server]: RegulatedPurePursuitController detected collision ahead!
[collision_monitor-23] [INFO] [1790433253.439575679] [collision_monitor]: Robot to continue normal operation
[controller_server-15] [WARN] [1790433253.474141762] [controller_server]: RegulatedPurePursuitController detected collision ahead!
[controller_server-15] [WARN] [1790433253.624167090] [controller_server]: RegulatedPurePursuitController detected collision ahead!
[controller_server-15] [WARN] [1790433253.674163172] [controller_server]: RegulatedPurePursuitController detected collision ahead!
[controller_server-15] [WARN] [1790433253.724174758] [controller_server]: RegulatedPurePursuitController detected collision ahead!
[controller_server-15] [WARN] [1790433253.774099471] [controller_server]: RegulatedPurePursuitController detected collision ahead!
[controller_server-15] [WARN] [1790433253.824088011] [controller_server]: RegulatedPurePursuitController detected collision ahead!
[controller_server-15] [INFO] [1790433253.923870678] [controller_server]: Passing new path to controller.
[collision_monitor-23] [INFO] [1790433254.279532654] [collision_monitor]: Robot to approach for 1.200000 seconds away from collision
[controller_server-15] [WARN] [1790433254.324161334] [controller_server]: RegulatedPurePursuitController detected collision ahead!
[controller_server-15] [WARN] [1790433254.374113771] [controller_server]: RegulatedPurePursuitController detected collision ahead!
[collision_monitor-23] [INFO] [1790433254.380427684] [collision_monitor]: Robot to continue normal operation
[controller_server-15] [WARN] [1790433254.424112367] [controller_server]: RegulatedPurePursuitController detected collision ahead!
[controller_server-15] [WARN] [1790433254.574081898] [controller_server]: RegulatedPurePursuitController detected collision ahead!
[controller_server-15] [WARN] [1790433254.624125048] [controller_server]: RegulatedPurePursuitController detected collision ahead!
[controller_server-15] [WARN] [1790433254.674099901] [controller_server]: RegulatedPurePursuitController detected collision ahead!
[controller_server-15] [WARN] [1790433254.724152478] [controller_server]: RegulatedPurePursuitController detected collision ahead!
[controller_server-15] [WARN] [1790433254.774119370] [controller_server]: RegulatedPurePursuitController detected collision ahead!
[controller_server-15] [WARN] [1790433254.824116220] [controller_server]: RegulatedPurePursuitController detected collision ahead!
[controller_server-15] [WARN] [1790433254.874107344] [controller_server]: RegulatedPurePursuitController detected collision ahead!
[controller_server-15] [ERROR] [1790433254.874162163] [controller_server]: Controller patience exceeded
[controller_server-15] [WARN] [1790433254.874245543] [controller_server]: [follow_path] [ActionServer] Aborting handle.
[behavior_server-19] [INFO] [1790433254.892956207] [behavior_server]: Running wait
[gazebo-1] [WARN] [1790433256.376914191] [diff_drive_base_controller]: Velocity command timed out. Braking.
[gazebo-1] [WARN] [1790433257.376928363] [diff_drive_base_controller]: Velocity command timed out. Braking.
[gazebo-1] [WARN] [1790433258.376951824] [diff_drive_base_controller]: Velocity command timed out. Braking.
[gazebo-1] [WARN] [1790433259.386875380] [diff_drive_base_controller]: Velocity command timed out. Braking.
[behavior_server-19] [INFO] [1790433259.893155772] [behavior_server]: wait completed successfully
[controller_server-15] [INFO] [1790433259.932883462] [controller_server]: Received a goal, begin computing control effort.
[controller_server-15] [INFO] [1790433260.983112153] [controller_server]: Passing new path to controller.
[controller_server-15] [INFO] [1790433261.983097904] [controller_server]: Passing new path to controller.
[controller_server-15] [INFO] [1790433263.033049360] [controller_server]: Passing new path to controller.
[controller_server-15] [INFO] [1790433264.033081200] [controller_server]: Passing new path to controller.
[controller_server-15] [INFO] [1790433265.083045156] [controller_server]: Passing new path to controller.
[controller_server-15] [INFO] [1790433266.083044874] [controller_server]: Passing new path to controller.
[controller_server-15] [INFO] [1790433267.133051707] [controller_server]: Passing new path to controller.
[controller_server-15] [INFO] [1790433268.133095419] [controller_server]: Passing new path to controller.
[controller_server-15] [INFO] [1790433269.183048201] [controller_server]: Passing new path to controller.
[controller_server-15] [INFO] [1790433269.233148474] [controller_server]: Reached the goal!
[bt_navigator-20] [INFO] [1790433269.262592895] [bt_navigator]: Goal succeeded
[nav_benchmark_runner.py-9] [INFO] [1790433270.270975805] [nav_benchmark_runner]: Saved trial 15 (north_east_corridor): SUCCEEDED, error=0.079 m
[INFO] [nav_benchmark_runner.py-9]: process has finished cleanly [pid 813301]
[INFO] [gz-27]: process started with pid [816844]
[gazebo-1] [WARN] [1790433270.728074363] [diff_drive_base_controller]: Velocity command timed out. Braking.
[gz-27] data: true
[gz-27] 
[INFO] [gz-27]: process has finished cleanly [pid 816844]
[INFO] [twist_to_twist_stamped_node.py-26]: sending signal 'SIGINT' to process[twist_to_twist_stamped_node.py-26]
[INFO] [lifecycle_manager-25]: sending signal 'SIGINT' to process[lifecycle_manager-25]
[INFO] [opennav_docking-24]: sending signal 'SIGINT' to process[opennav_docking-24]
[INFO] [collision_monitor-23]: sending signal 'SIGINT' to process[collision_monitor-23]
[INFO] [velocity_smoother-22]: sending signal 'SIGINT' to process[velocity_smoother-22]
[INFO] [waypoint_follower-21]: sending signal 'SIGINT' to process[waypoint_follower-21]
[INFO] [bt_navigator-20]: sending signal 'SIGINT' to process[bt_navigator-20]
[INFO] [behavior_server-19]: sending signal 'SIGINT' to process[behavior_server-19]
[INFO] [route_server-18]: sending signal 'SIGINT' to process[route_server-18]
[INFO] [planner_server-17]: sending signal 'SIGINT' to process[planner_server-17]
[INFO] [smoother_server-16]: sending signal 'SIGINT' to process[smoother_server-16]
[INFO] [controller_server-15]: sending signal 'SIGINT' to process[controller_server-15]
[INFO] [lifecycle_manager-14]: sending signal 'SIGINT' to process[lifecycle_manager-14]
[INFO] [amcl-13]: sending signal 'SIGINT' to process[amcl-13]
[INFO] [map_server-12]: sending signal 'SIGINT' to process[map_server-12]
[INFO] [ekf_node-7]: sending signal 'SIGINT' to process[ekf_node-7]
[INFO] [imu_covariance_node.py-6]: sending signal 'SIGINT' to process[imu_covariance_node.py-6]
[INFO] [parameter_bridge-5]: sending signal 'SIGINT' to process[parameter_bridge-5]
[INFO] [parameter_bridge-4]: sending signal 'SIGINT' to process[parameter_bridge-4]
[INFO] [parameter_bridge-3]: sending signal 'SIGINT' to process[parameter_bridge-3]
[INFO] [robot_state_publisher-2]: sending signal 'SIGINT' to process[robot_state_publisher-2]
[INFO] [gazebo-1]: sending signal 'SIGINT' to process[gazebo-1]
[lifecycle_manager-25] [INFO] [1790433270.884617725] [rclcpp]: signal_handler(SIGINT/SIGTERM)
[lifecycle_manager-25] [INFO] [1790433270.884777013] [lifecycle_manager_navigation]: Running Nav2 LifecycleManager rcl preshutdown (lifecycle_manager_navigation)
[lifecycle_manager-25] [INFO] [1790433270.884829946] [lifecycle_manager_navigation]: [34m[1mTerminating bond timer...[0m[0m
[opennav_docking-24] [INFO] [1790433270.888491548] [rclcpp]: signal_handler(SIGINT/SIGTERM)
[opennav_docking-24] [INFO] [1790433270.888663197] [docking_server]: Running Nav2 LifecycleNode rcl preshutdown (docking_server)
[opennav_docking-24] [INFO] [1790433270.888792527] [docking_server]: Deactivating docking_server
[collision_monitor-23] [INFO] [1790433270.893011253] [rclcpp]: signal_handler(SIGINT/SIGTERM)
[collision_monitor-23] [INFO] [1790433270.893152315] [collision_monitor]: Running Nav2 LifecycleNode rcl preshutdown (collision_monitor)
[collision_monitor-23] [INFO] [1790433270.893523126] [collision_monitor]: Deactivating
[collision_monitor-23] [INFO] [1790433270.893559788] [collision_monitor]: Destroying bond (collision_monitor) to lifecycle manager.
[velocity_smoother-22] [INFO] [1790433270.897241362] [rclcpp]: signal_handler(SIGINT/SIGTERM)
[velocity_smoother-22] [INFO] [1790433270.897385496] [velocity_smoother]: Running Nav2 LifecycleNode rcl preshutdown (velocity_smoother)
[velocity_smoother-22] [INFO] [1790433270.897474114] [velocity_smoother]: Deactivating
[velocity_smoother-22] [INFO] [1790433270.897510357] [velocity_smoother]: Destroying bond (velocity_smoother) to lifecycle manager.
[opennav_docking-24] [INFO] [1790433270.901698986] [docking_server]: Destroying bond (docking_server) to lifecycle manager.
[waypoint_follower-21] [INFO] [1790433270.902427968] [rclcpp]: signal_handler(SIGINT/SIGTERM)
[waypoint_follower-21] [INFO] [1790433270.902553597] [waypoint_follower]: Running Nav2 LifecycleNode rcl preshutdown (waypoint_follower)
[waypoint_follower-21] [INFO] [1790433270.902762606] [waypoint_follower]: Deactivating
[waypoint_follower-21] [INFO] [1790433270.902799338] [waypoint_follower]: Destroying bond (waypoint_follower) to lifecycle manager.
[collision_monitor-23] [INFO] [1790433270.904578043] [collision_monitor]: Cleaning up
[collision_monitor-23] [INFO] [1790433270.904630558] [collision_monitor]: [FootprintApproach]: Destroying Polygon
[collision_monitor-23] [INFO] [1790433270.904668197] [collision_monitor]: [scan]: Destroying Scan
[bt_navigator-20] [INFO] [1790433270.906254584] [rclcpp]: signal_handler(SIGINT/SIGTERM)
[bt_navigator-20] [INFO] [1790433270.906383844] [bt_navigator]: Running Nav2 LifecycleNode rcl preshutdown (bt_navigator)
[bt_navigator-20] [INFO] [1790433270.906454724] [bt_navigator]: Deactivating
[bt_navigator-20] [INFO] [1790433270.906498440] [bt_navigator]: Destroying bond (bt_navigator) to lifecycle manager.
[collision_monitor-23] [INFO] [1790433270.907260732] [collision_monitor]: Destroying bond (collision_monitor) to lifecycle manager.
[velocity_smoother-22] [INFO] [1790433270.907932033] [velocity_smoother]: Cleaning up
[velocity_smoother-22] [INFO] [1790433270.907980636] [velocity_smoother]: Destroying bond (velocity_smoother) to lifecycle manager.
[behavior_server-19] [INFO] [1790433270.911498174] [rclcpp]: signal_handler(SIGINT/SIGTERM)
[behavior_server-19] [INFO] [1790433270.911604389] [behavior_server]: Running Nav2 LifecycleNode rcl preshutdown (behavior_server)
[behavior_server-19] [INFO] [1790433270.911724571] [behavior_server]: Deactivating
[behavior_server-19] [INFO] [1790433270.911791261] [behavior_server]: Destroying bond (behavior_server) to lifecycle manager.
[opennav_docking-24] [INFO] [1790433270.912718568] [docking_server]: Cleaning up docking_server
[waypoint_follower-21] [INFO] [1790433270.913477229] [waypoint_follower]: Cleaning up
[route_server-18] [INFO] [1790433270.916033241] [rclcpp]: signal_handler(SIGINT/SIGTERM)
[route_server-18] [INFO] [1790433270.916173326] [route_server]: Running Nav2 LifecycleNode rcl preshutdown (route_server)
[route_server-18] [INFO] [1790433270.916473117] [route_server]: Deactivating
[route_server-18] [INFO] [1790433270.916529891] [route_server]: Destroying bond (route_server) to lifecycle manager.
[bt_navigator-20] [INFO] [1790433270.917067322] [bt_navigator]: Cleaning up
[velocity_smoother-22] [INFO] [1790433270.919915095] [velocity_smoother]: Destroying
[planner_server-17] [INFO] [1790433270.921098758] [rclcpp]: signal_handler(SIGINT/SIGTERM)
[planner_server-17] [INFO] [1790433270.921466706] [planner_server]: Running Nav2 LifecycleNode rcl preshutdown (planner_server)
[planner_server-17] [INFO] [1790433270.921557837] [planner_server]: Deactivating
[planner_server-17] [INFO] [1790433270.921784374] [global_costmap.global_costmap]: Deactivating
[behavior_server-19] [INFO] [1790433270.922239263] [behavior_server]: Cleaning up
[collision_monitor-23] [INFO] [1790433270.925317973] [collision_monitor]: Destroying
[smoother_server-16] [INFO] [1790433270.925672373] [rclcpp]: signal_handler(SIGINT/SIGTERM)
[smoother_server-16] [INFO] [1790433270.925829985] [smoother_server]: Running Nav2 LifecycleNode rcl preshutdown (smoother_server)
[smoother_server-16] [INFO] [1790433270.925960223] [smoother_server]: Deactivating
[smoother_server-16] [INFO] [1790433270.925994581] [smoother_server]: Destroying bond (smoother_server) to lifecycle manager.
[route_server-18] [INFO] [1790433270.927225799] [route_server]: Cleaning up
[controller_server-15] [INFO] [1790433270.931875672] [rclcpp]: signal_handler(SIGINT/SIGTERM)
[controller_server-15] [INFO] [1790433270.931968619] [controller_server]: Running Nav2 LifecycleNode rcl preshutdown (controller_server)
[controller_server-15] [INFO] [1790433270.932057865] [controller_server]: Deactivating
[controller_server-15] [INFO] [1790433270.932090686] [controller_server]: Deactivating controller: FollowPath of type regulated_pure_pursuit_controller::RegulatedPurePursuitController
[controller_server-15] [INFO] [1790433270.932126440] [local_costmap.local_costmap]: Deactivating
[lifecycle_manager-14] [INFO] [1790433270.935841255] [rclcpp]: signal_handler(SIGINT/SIGTERM)
[lifecycle_manager-14] [INFO] [1790433270.936000333] [lifecycle_manager_localization]: Running Nav2 LifecycleManager rcl preshutdown (lifecycle_manager_localization)
[lifecycle_manager-14] [INFO] [1790433270.936693771] [lifecycle_manager_localization]: [34m[1mTerminating bond timer...[0m[0m
[behavior_server-19] [INFO] [1790433270.936819958] [behavior_server]: Destroying bond (behavior_server) to lifecycle manager.
[smoother_server-16] [INFO] [1790433270.939437563] [smoother_server]: Cleaning up
[amcl-13] [INFO] [1790433270.939775623] [rclcpp]: signal_handler(SIGINT/SIGTERM)
[amcl-13] [INFO] [1790433270.939908095] [amcl]: Running Nav2 LifecycleNode rcl preshutdown (amcl)
[amcl-13] [INFO] [1790433270.939983724] [amcl]: Deactivating
[amcl-13] [INFO] [1790433270.940015149] [amcl]: Destroying bond (amcl) to lifecycle manager.
[map_server-12] [INFO] [1790433270.944301124] [rclcpp]: signal_handler(SIGINT/SIGTERM)
[map_server-12] [INFO] [1790433270.944708736] [map_server]: Running Nav2 LifecycleNode rcl preshutdown (map_server)
[map_server-12] [INFO] [1790433270.945585694] [map_server]: Deactivating
[map_server-12] [INFO] [1790433270.945625708] [map_server]: Destroying bond (map_server) to lifecycle manager.
[ekf_node-7] [INFO] [1790433270.949408958] [rclcpp]: signal_handler(SIGINT/SIGTERM)
[amcl-13] [INFO] [1790433270.950461056] [amcl]: Cleaning up
[opennav_docking-24] [INFO] [1790433270.951530752] [docking_server]: Destroying bond (docking_server) to lifecycle manager.
[map_server-12] [INFO] [1790433270.957072945] [map_server]: Cleaning up
[map_server-12] [INFO] [1790433270.957152554] [map_server]: Destroying bond (map_server) to lifecycle manager.
[parameter_bridge-5] [INFO] [1790433270.958417432] [rclcpp]: signal_handler(SIGINT/SIGTERM)
[parameter_bridge-4] [INFO] [1790433270.963006690] [rclcpp]: signal_handler(SIGINT/SIGTERM)
[smoother_server-16] [INFO] [1790433270.964684767] [smoother_server]: Destroying bond (smoother_server) to lifecycle manager.
[parameter_bridge-3] [INFO] [1790433270.967838127] [rclcpp]: signal_handler(SIGINT/SIGTERM)
[waypoint_follower-21] [INFO] [1790433270.968269832] [waypoint_follower]: Destroying bond (waypoint_follower) to lifecycle manager.
[waypoint_follower-21] [INFO] [1790433270.970695956] [waypoint_follower]: Destroying
[robot_state_publisher-2] [INFO] [1790433270.973765797] [rclcpp]: signal_handler(SIGINT/SIGTERM)
[smoother_server-16] [INFO] [1790433270.984788591] [smoother_server]: Destroying
[map_server-12] [INFO] [1790433270.986563596] [map_server]: Destroying
[route_server-18] [INFO] [1790433270.991590565] [route_server]: Destroying bond (route_server) to lifecycle manager.
[amcl-13] [INFO] [1790433270.991709839] [amcl]: Destroying bond (amcl) to lifecycle manager.
[opennav_docking-24] [INFO] [1790433270.998066909] [docking_server]: Destroying
[lifecycle_manager-14] [INFO] [1790433271.000435001] [lifecycle_manager_localization]: Destroying lifecycle_manager_localization
[amcl-13] [INFO] [1790433271.021562502] [amcl]: Destroying
[route_server-18] [INFO] [1790433271.023635971] [route_server]: Destroying
[controller_server-15] [INFO] [1790433271.072129744] [controller_server]: Destroying bond (controller_server) to lifecycle manager.
[behavior_server-19] [INFO] [1790433271.073964456] [behavior_server]: Destroying
[lifecycle_manager-25] [INFO] [1790433271.081635915] [lifecycle_manager_navigation]: Destroying lifecycle_manager_navigation
[controller_server-15] [INFO] [1790433271.083513853] [controller_server]: Cleaning up
[controller_server-15] [INFO] [1790433271.083577610] [controller_server]: Cleaning up controller: FollowPath of type regulated_pure_pursuit_controller::RegulatedPurePursuitController
[controller_server-15] [INFO] [1790433271.083670557] [local_costmap.local_costmap]: Cleaning up
[controller_server-15] [INFO] [1790433271.098172202] [controller_server]: Destroying bond (controller_server) to lifecycle manager.
[controller_server-15] [INFO] [1790433271.102919631] [local_costmap.local_costmap]: Destroying
[controller_server-15] [INFO] [1790433271.108760917] [controller_server]: Destroying
[bt_navigator-20] [INFO] [1790433271.114047384] [bt_navigator]: Completed Cleaning up
[bt_navigator-20] [INFO] [1790433271.114106043] [bt_navigator]: Destroying bond (bt_navigator) to lifecycle manager.
[bt_navigator-20] [INFO] [1790433271.120629803] [bt_navigator]: Destroying
[INFO] [parameter_bridge-4]: process has finished cleanly [pid 813294]
[INFO] [collision_monitor-23]: process has finished cleanly [pid 813634]
[INFO] [parameter_bridge-5]: process has finished cleanly [pid 813295]
[INFO] [velocity_smoother-22]: process has finished cleanly [pid 813633]
[INFO] [parameter_bridge-3]: process has finished cleanly [pid 813292]
[INFO] [twist_to_twist_stamped_node.py-26]: process has finished cleanly [pid 813637]
[INFO] [opennav_docking-24]: process has finished cleanly [pid 813635]
[INFO] [smoother_server-16]: process has finished cleanly [pid 813627]
[INFO] [lifecycle_manager-14]: process has finished cleanly [pid 813625]
[INFO] [waypoint_follower-21]: process has finished cleanly [pid 813632]
[INFO] [map_server-12]: process has finished cleanly [pid 813623]
[INFO] [robot_state_publisher-2]: process has finished cleanly [pid 813291]
[INFO] [ekf_node-7]: process has finished cleanly [pid 813297]
[INFO] [amcl-13]: process has finished cleanly [pid 813624]
[INFO] [route_server-18]: process has finished cleanly [pid 813629]
[INFO] [behavior_server-19]: process has finished cleanly [pid 813630]
[INFO] [lifecycle_manager-25]: process has finished cleanly [pid 813636]
[INFO] [controller_server-15]: process has finished cleanly [pid 813626]
[INFO] [imu_covariance_node.py-6]: process has finished cleanly [pid 813296]
[INFO] [bt_navigator-20]: process has finished cleanly [pid 813631]
[planner_server-17] [INFO] [1790433271.836004465] [planner_server]: Deactivating plugin GridBased of type NavfnPlanner
[planner_server-17] [INFO] [1790433271.836053697] [planner_server]: Destroying bond (planner_server) to lifecycle manager.
[planner_server-17] [INFO] [1790433271.846227955] [planner_server]: Cleaning up
[planner_server-17] [INFO] [1790433271.850510020] [global_costmap.global_costmap]: Cleaning up
[planner_server-17] [INFO] [1790433271.852693405] [planner_server]: Cleaning up plugin GridBased of type NavfnPlanner
[planner_server-17] [INFO] [1790433271.852880766] [planner_server]: Destroying plugin GridBased of type NavfnPlanner
[planner_server-17] [INFO] [1790433271.857006476] [planner_server]: Destroying bond (planner_server) to lifecycle manager.
[planner_server-17] [INFO] [1790433271.859025755] [global_costmap.global_costmap]: Destroying
[planner_server-17] [INFO] [1790433271.863220109] [planner_server]: Destroying
[INFO] [planner_server-17]: process has finished cleanly [pid 813628]
[gazebo-1] Stack trace (most recent call last) in thread 816854:
[gazebo-1] #5    Object "[0xffffffffffffffff]", at 0xffffffffffffffff, in 
[gazebo-1] #4    Object "/lib/x86_64-linux-gnu/libc.so.6", at 0x7a2a61f29ecb, in 
[gazebo-1] #3    Object "/lib/x86_64-linux-gnu/libc.so.6", at 0x7a2a61e9cb83, in 
[gazebo-1] #2    Object "/lib/x86_64-linux-gnu/libstdc++.so.6", at 0x7a2a5c4ecdb3, in 
[gazebo-1] #1    Object "/opt/ros/jazzy/opt/gz_sim_vendor/lib/libgz-sim8.so.8", at 0x7a2a5b5608f0, in 
[gazebo-1] #0    Object "/opt/ros/jazzy/opt/gz_sim_vendor/lib/libgz-sim8.so.8", at 0x7a2a5b56aa7c, in 
[gazebo-1] Segmentation fault (Address not mapped to object [(nil)])
[gazebo-1] Segmentation fault (core dumped)
[ERROR] [gazebo-1]: process has died [pid 813290, exit code -2, cmd 'ruby /opt/ros/jazzy/opt/gz_tools_vendor/bin/gz sim -r -s -v 1 /home/xiayuru/robot_ws/install/diffbot_navigation/share/diffbot_navigation/worlds/nav_benchmark_world.sdf --force-version 8'].

Script done on 2026-09-26 22:34:33+08:00 [COMMAND_EXIT_CODE="0"]
